ticker,name,market,missing_component_count,blocker_reason,blocker_category,source_group,single_blocker_ticker,recovery_status
000490,대동,KOSPI,1,EV/EBITDA:EV_EBITDA_INPUT:OK:NO_EXACT_CANDIDATE,SOURCE_DATA_GAP,EXACT_DA_SOURCE,TRUE,EXHAUSTED_APPROVED_OFFICIAL_DA_PATHS
004490,세방전지,KOSPI,1,EV/EBITDA:EV_EBITDA_INPUT:OK:NO_EXACT_CANDIDATE,SOURCE_DATA_GAP,EXACT_DA_SOURCE,TRUE,EXHAUSTED_APPROVED_OFFICIAL_DA_PATHS
005930,삼성전자,KOSPI,1,EV/EBITDA:EV_EBITDA_INPUT:OK:NO_EXACT_CANDIDATE,SOURCE_DATA_GAP,EXACT_DA_SOURCE,TRUE,EXHAUSTED_APPROVED_OFFICIAL_DA_PATHS
006040,동원산업,KOSPI,1,하루평균 절대등락률:MISSING_ELASTICITY,SOURCE_DATA_GAP,PRICE_ELASTICITY_20D,TRUE,ACTIONABLE_SINGLE_BLOCKER_REAUDIT
007070,GS리테일,KOSPI,1,EV/EBITDA:EV_EBITDA_INPUT:OK:NO_EXACT_CANDIDATE,SOURCE_DATA_GAP,EXACT_DA_SOURCE,TRUE,EXHAUSTED_APPROVED_OFFICIAL_DA_PATHS
011210,현대위아,KOSPI,1,EV/EBITDA:EV_EBITDA_INPUT:OK:NO_EXACT_CANDIDATE,SOURCE_DATA_GAP,EXACT_DA_SOURCE,TRUE,EXHAUSTED_APPROVED_OFFICIAL_DA_PATHS
012450,한화에어로스페이스,KOSPI,1,EV/EBITDA:EV_EBITDA_INPUT:OK:NO_EXACT_CANDIDATE,SOURCE_DATA_GAP,EXACT_DA_SOURCE,TRUE,EXHAUSTED_APPROVED_OFFICIAL_DA_PATHS
012630,HDC,KOSPI,1,하루평균 절대등락률:MISSING_ELASTICITY,SOURCE_DATA_GAP,PRICE_ELASTICITY_20D,TRUE,ACTIONABLE_SINGLE_BLOCKER_REAUDIT
014830,유니드,KOSPI,1,EV/EBITDA:EV_EBITDA_INPUT:OK:NO_EXACT_CANDIDATE,SOURCE_DATA_GAP,EXACT_DA_SOURCE,TRUE,EXHAUSTED_APPROVED_OFFICIAL_DA_PATHS
018260,삼성에스디에스,KOSPI,1,EV/EBITDA:EV_EBITDA_INPUT:EMPTY_AS_ZERO:NO_EXACT_CANDIDATE,SOURCE_DATA_GAP,EXACT_DA_SOURCE,TRUE,EXHAUSTED_APPROVED_OFFICIAL_DA_PATHS
022100,포스코DX,KOSPI,1,EV/EBITDA:EV_EBITDA_INPUT:OK:NO_EXACT_CANDIDATE,SOURCE_DATA_GAP,EXACT_DA_SOURCE,TRUE,EXHAUSTED_APPROVED_OFFICIAL_DA_PATHS
028050,삼성E&A,KOSPI,1,EV/EBITDA:EV_EBITDA_INPUT:OK:NO_EXACT_CANDIDATE,SOURCE_DATA_GAP,EXACT_DA_SOURCE,TRUE,EXHAUSTED_APPROVED_OFFICIAL_DA_PATHS
047810,한국항공우주,KOSPI,1,EV/EBITDA:EV_EBITDA_INPUT:OK:NO_EXACT_CANDIDATE,SOURCE_DATA_GAP,EXACT_DA_SOURCE,TRUE,EXHAUSTED_APPROVED_OFFICIAL_DA_PATHS
066570,LG전자,KOSPI,1,EV/EBITDA:EV_EBITDA_INPUT:OK:NO_EXACT_CANDIDATE,SOURCE_DATA_GAP,EXACT_DA_SOURCE,TRUE,EXHAUSTED_APPROVED_OFFICIAL_DA_PATHS
073240,금호타이어,KOSPI,1,EV/EBITDA:EV_EBITDA_INPUT:OK:NO_EXACT_CANDIDATE,SOURCE_DATA_GAP,EXACT_DA_SOURCE,TRUE,EXHAUSTED_APPROVED_OFFICIAL_DA_PATHS
078930,GS,KOSPI,1,하루평균 절대등락률:MISSING_ELASTICITY,SOURCE_DATA_GAP,PRICE_ELASTICITY_20D,TRUE,ACTIONABLE_SINGLE_BLOCKER_REAUDIT
079550,LIG디펜스앤에어로스페이스,KOSPI,1,EV/EBITDA:EV_EBITDA_INPUT:OK:NO_EXACT_CANDIDATE,SOURCE_DATA_GAP,EXACT_DA_SOURCE,TRUE,EXHAUSTED_APPROVED_OFFICIAL_DA_PATHS
082740,한화엔진,KOSPI,1,EV/EBITDA:EV_EBITDA_INPUT:OK:NO_EXACT_CANDIDATE,SOURCE_DATA_GAP,EXACT_DA_SOURCE,TRUE,EXHAUSTED_APPROVED_OFFICIAL_DA_PATHS
086280,현대글로비스,KOSPI,1,EV/EBITDA:EV_EBITDA_INPUT:OK:NO_EXACT_CANDIDATE,SOURCE_DATA_GAP,EXACT_DA_SOURCE,TRUE,EXHAUSTED_APPROVED_OFFICIAL_DA_PATHS
105630,한세실업,KOSPI,1,EV/EBITDA:EV_EBITDA_INPUT:OK:NO_EXACT_CANDIDATE,SOURCE_DATA_GAP,EXACT_DA_SOURCE,TRUE,EXHAUSTED_APPROVED_OFFICIAL_DA_PATHS
204320,HL만도,KOSPI,1,EV/EBITDA:EV_EBITDA_INPUT:OK:NO_EXACT_CANDIDATE,SOURCE_DATA_GAP,EXACT_DA_SOURCE,TRUE,EXHAUSTED_APPROVED_OFFICIAL_DA_PATHS
267270,HD건설기계,KOSPI,1,EV/EBITDA:EV_EBITDA_INPUT:EMPTY_AS_ZERO:NO_EXACT_CANDIDATE,SOURCE_DATA_GAP,EXACT_DA_SOURCE,TRUE,EXHAUSTED_APPROVED_OFFICIAL_DA_PATHS
357430,마스턴프리미어리츠,KOSPI,1,최근 분기 실적 가속·둔화:MISSING_ACCEL_INPUT,SOURCE_DATA_GAP,INVESTMENT_SCORE_SOURCE_CACHE,TRUE,EXHAUSTED_OFFICIAL_Q2_ACCEL_PATH
373220,LG에너지솔루션,KOSPI,1,EV/EBITDA:EV_EBITDA_INPUT:OK:NO_EXACT_CANDIDATE,SOURCE_DATA_GAP,EXACT_DA_SOURCE,TRUE,EXHAUSTED_APPROVED_OFFICIAL_DA_PATHS
000100,유한양행,KOSPI,2,영업현금흐름:MISSING_OCF_MARGIN_INPUT,SOURCE_DATA_GAP,OCF_AND_REVENUE_SOURCE,FALSE,MULTI_BLOCKER_SOURCE_LANE
000100,유한양행,KOSPI,2,하루평균 절대등락률:MISSING_ELASTICITY,SOURCE_DATA_GAP,PRICE_ELASTICITY_20D,FALSE,MULTI_BLOCKER_SOURCE_LANE
000860,강남제비스코,KOSPI,2,EV/EBITDA:EV_EBITDA_INPUT:OK:NO_EXACT_CANDIDATE,SOURCE_DATA_GAP,EXACT_DA_SOURCE,FALSE,MULTI_BLOCKER_SOURCE_LANE
000860,강남제비스코,KOSPI,2,수급·공시부담:SUPPLY_LIMITED_NO_POSITIVE_EVIDENCE,SOURCE_EVIDENCE_GAP,PRODUCTION_ANALYSIS_SUPPLY,FALSE,MULTI_BLOCKER_SOURCE_LANE
001630,종근당홀딩스,KOSPI,2,EV/EBITDA:EV_EBITDA_INPUT:OK:NO_EXACT_CANDIDATE,SOURCE_DATA_GAP,EXACT_DA_SOURCE,FALSE,EXHAUSTED_APPROVED_OFFICIAL_DA_PATHS
001630,종근당홀딩스,KOSPI,2,수급·공시부담:SUPPLY_LIMITED_NO_POSITIVE_EVIDENCE,SOURCE_EVIDENCE_GAP,PRODUCTION_ANALYSIS_SUPPLY,FALSE,MULTI_BLOCKER_SOURCE_LANE
002700,신일전자,KOSPI,2,EV/EBITDA:EV_EBITDA_INPUT:OK:NO_EXACT_CANDIDATE,SOURCE_DATA_GAP,EXACT_DA_SOURCE,FALSE,MULTI_BLOCKER_SOURCE_LANE
002700,신일전자,KOSPI,2,수급·공시부담:SUPPLY_LIMITED_NO_POSITIVE_EVIDENCE,SOURCE_EVIDENCE_GAP,PRODUCTION_ANALYSIS_SUPPLY,FALSE,MULTI_BLOCKER_SOURCE_LANE
003960,사조대림,KOSPI,2,영업현금흐름:MISSING_OCF_MARGIN_INPUT,SOURCE_DATA_GAP,OCF_AND_REVENUE_SOURCE,FALSE,MULTI_BLOCKER_SOURCE_LANE
003960,사조대림,KOSPI,2,하루평균 절대등락률:MISSING_ELASTICITY,SOURCE_DATA_GAP,PRICE_ELASTICITY_20D,FALSE,MULTI_BLOCKER_SOURCE_LANE
005850,에스엘,KOSPI,2,영업현금흐름:MISSING_OCF_MARGIN_INPUT,SOURCE_DATA_GAP,OCF_AND_REVENUE_SOURCE,FALSE,MULTI_BLOCKER_SOURCE_LANE
005850,에스엘,KOSPI,2,하루평균 절대등락률:MISSING_ELASTICITY,SOURCE_DATA_GAP,PRICE_ELASTICITY_20D,FALSE,MULTI_BLOCKER_SOURCE_LANE
006110,삼아알미늄,KOSPI,2,영업현금흐름:MISSING_OCF_MARGIN_INPUT,SOURCE_DATA_GAP,OCF_AND_REVENUE_SOURCE,FALSE,MULTI_BLOCKER_SOURCE_LANE
006110,삼아알미늄,KOSPI,2,하루평균 절대등락률:MISSING_ELASTICITY,SOURCE_DATA_GAP,PRICE_ELASTICITY_20D,FALSE,MULTI_BLOCKER_SOURCE_LANE
006880,신송홀딩스,KOSPI,2,EV/EBITDA:EV_EBITDA_INPUT:OK:NO_EXACT_CANDIDATE,SOURCE_DATA_GAP,EXACT_DA_SOURCE,FALSE,MULTI_BLOCKER_SOURCE_LANE
006880,신송홀딩스,KOSPI,2,수급·공시부담:SUPPLY_LIMITED_NO_POSITIVE_EVIDENCE,SOURCE_EVIDENCE_GAP,PRODUCTION_ANALYSIS_SUPPLY,FALSE,MULTI_BLOCKER_SOURCE_LANE
007120,미래아이앤지,KOSPI,2,EV/EBITDA:EV_EBITDA_INPUT:EMPTY_AS_ZERO:NO_EXACT_CANDIDATE,SOURCE_DATA_GAP,EXACT_DA_SOURCE,FALSE,MULTI_BLOCKER_SOURCE_LANE
007120,미래아이앤지,KOSPI,2,수급·공시부담:SUPPLY_LIMITED_NO_POSITIVE_EVIDENCE,SOURCE_EVIDENCE_GAP,PRODUCTION_ANALYSIS_SUPPLY,FALSE,MULTI_BLOCKER_SOURCE_LANE
007700,F&F홀딩스,KOSPI,2,수급·공시부담:SUPPLY_LIMITED_NO_POSITIVE_EVIDENCE,SOURCE_EVIDENCE_GAP,PRODUCTION_ANALYSIS_SUPPLY,FALSE,MULTI_BLOCKER_SOURCE_LANE
007700,F&F홀딩스,KOSPI,2,하루평균 절대등락률:MISSING_ELASTICITY,SOURCE_DATA_GAP,PRICE_ELASTICITY_20D,FALSE,MULTI_BLOCKER_SOURCE_LANE
010660,화천기계,KOSPI,2,EV/EBITDA:EV_EBITDA_INPUT:EMPTY_AS_ZERO:NO_EXACT_CANDIDATE,SOURCE_DATA_GAP,EXACT_DA_SOURCE,FALSE,MULTI_BLOCKER_SOURCE_LANE
010660,화천기계,KOSPI,2,수급·공시부담:SUPPLY_LIMITED_NO_POSITIVE_EVIDENCE,SOURCE_EVIDENCE_GAP,PRODUCTION_ANALYSIS_SUPPLY,FALSE,MULTI_BLOCKER_SOURCE_LANE
011280,태림포장,KOSPI,2,수급·공시부담:SUPPLY_LIMITED_NO_POSITIVE_EVIDENCE,SOURCE_EVIDENCE_GAP,PRODUCTION_ANALYSIS_SUPPLY,FALSE,MULTI_BLOCKER_SOURCE_LANE
011280,태림포장,KOSPI,2,최근 분기 실적 가속·둔화:ANNUAL_OP_DENOM_NONPOSITIVE,POLICY_SEMANTIC_BLOCKER,V880_SCORING_CONTRACT,FALSE,POLICY_SEMANTIC_DEFER
012320,경동인베스트,KOSPI,2,수급·공시부담:SUPPLY_LIMITED_NO_POSITIVE_EVIDENCE,SOURCE_EVIDENCE_GAP,PRODUCTION_ANALYSIS_SUPPLY,FALSE,MULTI_BLOCKER_SOURCE_LANE
012320,경동인베스트,KOSPI,2,하루평균 절대등락률:MISSING_ELASTICITY,SOURCE_DATA_GAP,PRICE_ELASTICITY_20D,FALSE,MULTI_BLOCKER_SOURCE_LANE
012330,현대모비스,KOSPI,2,EV/EBITDA:EV_EBITDA_INPUT:OK:NO_EXACT_CANDIDATE,SOURCE_DATA_GAP,EXACT_DA_SOURCE,FALSE,MULTI_BLOCKER_SOURCE_LANE
012330,현대모비스,KOSPI,2,수급·공시부담:SUPPLY_LIMITED_NO_POSITIVE_EVIDENCE,SOURCE_EVIDENCE_GAP,PRODUCTION_ANALYSIS_SUPPLY,FALSE,MULTI_BLOCKER_SOURCE_LANE
013870,지엠비코리아,KOSPI,2,영업현금흐름:MISSING_OCF_MARGIN_INPUT,SOURCE_DATA_GAP,OCF_AND_REVENUE_SOURCE,FALSE,MULTI_BLOCKER_SOURCE_LANE
013870,지엠비코리아,KOSPI,2,하루평균 절대등락률:MISSING_ELASTICITY,SOURCE_DATA_GAP,PRICE_ELASTICITY_20D,FALSE,MULTI_BLOCKER_SOURCE_LANE
014710,사조씨푸드,KOSPI,2,영업현금흐름:MISSING_OCF_MARGIN_INPUT,SOURCE_DATA_GAP,OCF_AND_REVENUE_SOURCE,FALSE,MULTI_BLOCKER_SOURCE_LANE
014710,사조씨푸드,KOSPI,2,하루평균 절대등락률:MISSING_ELASTICITY,SOURCE_DATA_GAP,PRICE_ELASTICITY_20D,FALSE,MULTI_BLOCKER_SOURCE_LANE
016800,퍼시스,KOSPI,2,EV/EBITDA:EV_EBITDA_INPUT:OK:NO_EXACT_CANDIDATE,SOURCE_DATA_GAP,EXACT_DA_SOURCE,FALSE,MULTI_BLOCKER_SOURCE_LANE
016800,퍼시스,KOSPI,2,수급·공시부담:SUPPLY_LIMITED_NO_POSITIVE_EVIDENCE,SOURCE_EVIDENCE_GAP,PRODUCTION_ANALYSIS_SUPPLY,FALSE,MULTI_BLOCKER_SOURCE_LANE
051910,LG화학,KOSPI,2,EV/EBITDA:EV_EBITDA_INPUT:OK:NO_EXACT_CANDIDATE,SOURCE_DATA_GAP,EXACT_DA_SOURCE,FALSE,MULTI_BLOCKER_SOURCE_LANE
051910,LG화학,KOSPI,2,PER:MISSING_PER,SOURCE_DATA_GAP,FINANCIAL_VALUATION_CACHE,FALSE,MULTI_BLOCKER_SOURCE_LANE
090350,노루페인트,KOSPI,2,EV/EBITDA:EV_EBITDA_INPUT:OK:NO_EXACT_CANDIDATE,SOURCE_DATA_GAP,EXACT_DA_SOURCE,FALSE,MULTI_BLOCKER_SOURCE_LANE
090350,노루페인트,KOSPI,2,수급·공시부담:SUPPLY_LIMITED_NO_POSITIVE_EVIDENCE,SOURCE_EVIDENCE_GAP,PRODUCTION_ANALYSIS_SUPPLY,FALSE,MULTI_BLOCKER_SOURCE_LANE
096770,SK이노베이션,KOSPI,2,EV/EBITDA:EV_EBITDA_INPUT:OK:NO_EXACT_CANDIDATE,SOURCE_DATA_GAP,EXACT_DA_SOURCE,FALSE,MULTI_BLOCKER_SOURCE_LANE
096770,SK이노베이션,KOSPI,2,수급·공시부담:SUPPLY_LIMITED_NO_POSITIVE_EVIDENCE,SOURCE_EVIDENCE_GAP,PRODUCTION_ANALYSIS_SUPPLY,FALSE,MULTI_BLOCKER_SOURCE_LANE
097520,엠씨넥스,KOSPI,2,영업현금흐름:MISSING_OCF_MARGIN_INPUT,SOURCE_DATA_GAP,OCF_AND_REVENUE_SOURCE,FALSE,MULTI_BLOCKER_SOURCE_LANE
097520,엠씨넥스,KOSPI,2,하루평균 절대등락률:MISSING_ELASTICITY,SOURCE_DATA_GAP,PRICE_ELASTICITY_20D,FALSE,MULTI_BLOCKER_SOURCE_LANE
102260,동성케미컬,KOSPI,2,영업현금흐름:MISSING_OCF_MARGIN_INPUT,SOURCE_DATA_GAP,OCF_AND_REVENUE_SOURCE,FALSE,MULTI_BLOCKER_SOURCE_LANE
102260,동성케미컬,KOSPI,2,하루평균 절대등락률:MISSING_ELASTICITY,SOURCE_DATA_GAP,PRICE_ELASTICITY_20D,FALSE,MULTI_BLOCKER_SOURCE_LANE
120110,코오롱인더,KOSPI,2,영업현금흐름:MISSING_OCF_MARGIN_INPUT,SOURCE_DATA_GAP,OCF_AND_REVENUE_SOURCE,FALSE,MULTI_BLOCKER_SOURCE_LANE
120110,코오롱인더,KOSPI,2,하루평균 절대등락률:MISSING_ELASTICITY,SOURCE_DATA_GAP,PRICE_ELASTICITY_20D,FALSE,MULTI_BLOCKER_SOURCE_LANE
271560,오리온,KOSPI,2,영업현금흐름:MISSING_OCF_MARGIN_INPUT,SOURCE_DATA_GAP,OCF_AND_REVENUE_SOURCE,FALSE,MULTI_BLOCKER_SOURCE_LANE
271560,오리온,KOSPI,2,하루평균 절대등락률:MISSING_ELASTICITY,SOURCE_DATA_GAP,PRICE_ELASTICITY_20D,FALSE,MULTI_BLOCKER_SOURCE_LANE
363280,티와이홀딩스,KOSPI,2,최근 분기 실적 가속·둔화:ANNUAL_OP_DENOM_NONPOSITIVE,POLICY_SEMANTIC_BLOCKER,V880_SCORING_CONTRACT,FALSE,POLICY_SEMANTIC_DEFER
363280,티와이홀딩스,KOSPI,2,하루평균 절대등락률:MISSING_ELASTICITY,SOURCE_DATA_GAP,PRICE_ELASTICITY_20D,FALSE,MULTI_BLOCKER_SOURCE_LANE
000220,유유제약,KOSPI,3,EV/EBITDA:EV_EBITDA_INPUT:EMPTY_AS_ZERO:NO_EXACT_CANDIDATE,SOURCE_DATA_GAP,EXACT_DA_SOURCE,FALSE,MULTI_BLOCKER_SOURCE_LANE
000220,유유제약,KOSPI,3,영업현금흐름:MISSING_OCF_MARGIN_INPUT,SOURCE_DATA_GAP,OCF_AND_REVENUE_SOURCE,FALSE,MULTI_BLOCKER_SOURCE_LANE
000220,유유제약,KOSPI,3,하루평균 절대등락률:MISSING_ELASTICITY,SOURCE_DATA_GAP,PRICE_ELASTICITY_20D,FALSE,MULTI_BLOCKER_SOURCE_LANE
001060,JW중외제약,KOSPI,3,EV/EBITDA:EV_EBITDA_INPUT:OK:NO_EXACT_CANDIDATE,SOURCE_DATA_GAP,EXACT_DA_SOURCE,FALSE,MULTI_BLOCKER_SOURCE_LANE
001060,JW중외제약,KOSPI,3,영업현금흐름:MISSING_OCF_MARGIN_INPUT,SOURCE_DATA_GAP,OCF_AND_REVENUE_SOURCE,FALSE,MULTI_BLOCKER_SOURCE_LANE
001060,JW중외제약,KOSPI,3,하루평균 절대등락률:MISSING_ELASTICITY,SOURCE_DATA_GAP,PRICE_ELASTICITY_20D,FALSE,MULTI_BLOCKER_SOURCE_LANE
001390,KG케미칼,KOSPI,3,EV/EBITDA:EV_EBITDA_INPUT:OK:NO_EXACT_CANDIDATE,SOURCE_DATA_GAP,EXACT_DA_SOURCE,FALSE,MULTI_BLOCKER_SOURCE_LANE
001390,KG케미칼,KOSPI,3,영업현금흐름:MISSING_OCF_MARGIN_INPUT,SOURCE_DATA_GAP,OCF_AND_REVENUE_SOURCE,FALSE,MULTI_BLOCKER_SOURCE_LANE
001390,KG케미칼,KOSPI,3,하루평균 절대등락률:MISSING_ELASTICITY,SOURCE_DATA_GAP,PRICE_ELASTICITY_20D,FALSE,MULTI_BLOCKER_SOURCE_LANE
002100,경농,KOSPI,3,수급·공시부담:SUPPLY_LIMITED_NO_POSITIVE_EVIDENCE,SOURCE_EVIDENCE_GAP,PRODUCTION_ANALYSIS_SUPPLY,FALSE,MULTI_BLOCKER_SOURCE_LANE
002100,경농,KOSPI,3,영업현금흐름:MISSING_OCF_MARGIN_INPUT,SOURCE_DATA_GAP,OCF_AND_REVENUE_SOURCE,FALSE,MULTI_BLOCKER_SOURCE_LANE
002100,경농,KOSPI,3,하루평균 절대등락률:MISSING_ELASTICITY,SOURCE_DATA_GAP,PRICE_ELASTICITY_20D,FALSE,MULTI_BLOCKER_SOURCE_LANE
002140,고려산업,KOSPI,3,수급·공시부담:SUPPLY_LIMITED_NO_POSITIVE_EVIDENCE,SOURCE_EVIDENCE_GAP,PRODUCTION_ANALYSIS_SUPPLY,FALSE,MULTI_BLOCKER_SOURCE_LANE
002140,고려산업,KOSPI,3,영업현금흐름:MISSING_OCF_MARGIN_INPUT,SOURCE_DATA_GAP,OCF_AND_REVENUE_SOURCE,FALSE,MULTI_BLOCKER_SOURCE_LANE
002140,고려산업,KOSPI,3,하루평균 절대등락률:MISSING_ELASTICITY,SOURCE_DATA_GAP,PRICE_ELASTICITY_20D,FALSE,MULTI_BLOCKER_SOURCE_LANE
002450,삼익악기,KOSPI,3,EV/EBITDA:EV_EBITDA_INPUT:OK:NO_EXACT_CANDIDATE,SOURCE_DATA_GAP,EXACT_DA_SOURCE,FALSE,EXHAUSTED_APPROVED_OFFICIAL_DA_PATHS
002450,삼익악기,KOSPI,3,영업현금흐름:MISSING_OCF_MARGIN_INPUT,SOURCE_DATA_GAP,OCF_AND_REVENUE_SOURCE,FALSE,MULTI_BLOCKER_SOURCE_LANE
002450,삼익악기,KOSPI,3,하루평균 절대등락률:MISSING_ELASTICITY,SOURCE_DATA_GAP,PRICE_ELASTICITY_20D,FALSE,MULTI_BLOCKER_SOURCE_LANE
003670,포스코퓨처엠,KOSPI,3,EV/EBITDA:EV_EBITDA_INPUT:OK:NO_EXACT_CANDIDATE,SOURCE_DATA_GAP,EXACT_DA_SOURCE,FALSE,MULTI_BLOCKER_SOURCE_LANE
003670,포스코퓨처엠,KOSPI,3,영업현금흐름:MISSING_OCF_MARGIN_INPUT,SOURCE_DATA_GAP,OCF_AND_REVENUE_SOURCE,FALSE,MULTI_BLOCKER_SOURCE_LANE
003670,포스코퓨처엠,KOSPI,3,하루평균 절대등락률:MISSING_ELASTICITY,SOURCE_DATA_GAP,PRICE_ELASTICITY_20D,FALSE,MULTI_BLOCKER_SOURCE_LANE
003780,진양산업,KOSPI,3,EV/EBITDA:EV_EBITDA_INPUT:OK:NO_EXACT_CANDIDATE,SOURCE_DATA_GAP,EXACT_DA_SOURCE,FALSE,MULTI_BLOCKER_SOURCE_LANE
003780,진양산업,KOSPI,3,영업현금흐름:MISSING_OCF_MARGIN_INPUT,SOURCE_DATA_GAP,OCF_AND_REVENUE_SOURCE,FALSE,MULTI_BLOCKER_SOURCE_LANE
003780,진양산업,KOSPI,3,하루평균 절대등락률:MISSING_ELASTICITY,SOURCE_DATA_GAP,PRICE_ELASTICITY_20D,FALSE,MULTI_BLOCKER_SOURCE_LANE
004310,현대약품,KOSPI,3,수급·공시부담:SUPPLY_LIMITED_NO_POSITIVE_EVIDENCE,SOURCE_EVIDENCE_GAP,PRODUCTION_ANALYSIS_SUPPLY,FALSE,MULTI_BLOCKER_SOURCE_LANE
004310,현대약품,KOSPI,3,영업현금흐름:MISSING_OCF_MARGIN_INPUT,SOURCE_DATA_GAP,OCF_AND_REVENUE_SOURCE,FALSE,MULTI_BLOCKER_SOURCE_LANE
004310,현대약품,KOSPI,3,하루평균 절대등락률:MISSING_ELASTICITY,SOURCE_DATA_GAP,PRICE_ELASTICITY_20D,FALSE,MULTI_BLOCKER_SOURCE_LANE
004560,현대비앤지스틸,KOSPI,3,EV/EBITDA:EV_EBITDA_INPUT:OK:NO_EXACT_CANDIDATE,SOURCE_DATA_GAP,EXACT_DA_SOURCE,FALSE,MULTI_BLOCKER_SOURCE_LANE
004560,현대비앤지스틸,KOSPI,3,영업현금흐름:MISSING_OCF_MARGIN_INPUT,SOURCE_DATA_GAP,OCF_AND_REVENUE_SOURCE,FALSE,MULTI_BLOCKER_SOURCE_LANE
004560,현대비앤지스틸,KOSPI,3,하루평균 절대등락률:MISSING_ELASTICITY,SOURCE_DATA_GAP,PRICE_ELASTICITY_20D,FALSE,MULTI_BLOCKER_SOURCE_LANE
006060,화승인더,KOSPI,3,EV/EBITDA:EV_EBITDA_INPUT:OK:NO_EXACT_CANDIDATE,SOURCE_DATA_GAP,EXACT_DA_SOURCE,FALSE,MULTI_BLOCKER_SOURCE_LANE
006060,화승인더,KOSPI,3,영업현금흐름:MISSING_OCF_MARGIN_INPUT,SOURCE_DATA_GAP,OCF_AND_REVENUE_SOURCE,FALSE,MULTI_BLOCKER_SOURCE_LANE
006060,화승인더,KOSPI,3,하루평균 절대등락률:MISSING_ELASTICITY,SOURCE_DATA_GAP,PRICE_ELASTICITY_20D,FALSE,MULTI_BLOCKER_SOURCE_LANE
006340,대원전선,KOSPI,3,EV/EBITDA:EV_EBITDA_INPUT:OK:NO_EXACT_CANDIDATE,SOURCE_DATA_GAP,EXACT_DA_SOURCE,FALSE,MULTI_BLOCKER_SOURCE_LANE
006340,대원전선,KOSPI,3,영업현금흐름:MISSING_OCF_MARGIN_INPUT,SOURCE_DATA_GAP,OCF_AND_REVENUE_SOURCE,FALSE,MULTI_BLOCKER_SOURCE_LANE
006340,대원전선,KOSPI,3,하루평균 절대등락률:MISSING_ELASTICITY,SOURCE_DATA_GAP,PRICE_ELASTICITY_20D,FALSE,MULTI_BLOCKER_SOURCE_LANE
009150,삼성전기,KOSPI,3,EV/EBITDA:EV_EBITDA_INPUT:OK:NO_EXACT_CANDIDATE,SOURCE_DATA_GAP,EXACT_DA_SOURCE,FALSE,MULTI_BLOCKER_SOURCE_LANE
009150,삼성전기,KOSPI,3,영업현금흐름:MISSING_OCF_MARGIN_INPUT,SOURCE_DATA_GAP,OCF_AND_REVENUE_SOURCE,FALSE,MULTI_BLOCKER_SOURCE_LANE
009150,삼성전기,KOSPI,3,하루평균 절대등락률:MISSING_ELASTICITY,SOURCE_DATA_GAP,PRICE_ELASTICITY_20D,FALSE,MULTI_BLOCKER_SOURCE_LANE
009420,한올바이오파마,KOSPI,3,EV/EBITDA:EV_EBITDA_INPUT:OK:NO_EXACT_CANDIDATE,SOURCE_DATA_GAP,EXACT_DA_SOURCE,FALSE,EXHAUSTED_APPROVED_OFFICIAL_DA_PATHS
009420,한올바이오파마,KOSPI,3,영업현금흐름:MISSING_OCF_MARGIN_INPUT,SOURCE_DATA_GAP,OCF_AND_REVENUE_SOURCE,FALSE,MULTI_BLOCKER_SOURCE_LANE
009420,한올바이오파마,KOSPI,3,하루평균 절대등락률:MISSING_ELASTICITY,SOURCE_DATA_GAP,PRICE_ELASTICITY_20D,FALSE,MULTI_BLOCKER_SOURCE_LANE
010640,진양폴리,KOSPI,3,EV/EBITDA:EV_EBITDA_INPUT:OK:NO_EXACT_CANDIDATE,SOURCE_DATA_GAP,EXACT_DA_SOURCE,FALSE,MULTI_BLOCKER_SOURCE_LANE
010640,진양폴리,KOSPI,3,영업현금흐름:MISSING_OCF_MARGIN_INPUT,SOURCE_DATA_GAP,OCF_AND_REVENUE_SOURCE,FALSE,MULTI_BLOCKER_SOURCE_LANE
010640,진양폴리,KOSPI,3,하루평균 절대등락률:MISSING_ELASTICITY,SOURCE_DATA_GAP,PRICE_ELASTICITY_20D,FALSE,MULTI_BLOCKER_SOURCE_LANE
013520,화승코퍼레이션,KOSPI,3,영업현금흐름:MISSING_OCF_MARGIN_INPUT,SOURCE_DATA_GAP,OCF_AND_REVENUE_SOURCE,FALSE,MULTI_BLOCKER_SOURCE_LANE
013520,화승코퍼레이션,KOSPI,3,최근 분기 실적 가속·둔화:MISSING_ACCEL_INPUT,SOURCE_DATA_GAP,INVESTMENT_SCORE_SOURCE_CACHE,FALSE,MULTI_BLOCKER_SOURCE_LANE
013520,화승코퍼레이션,KOSPI,3,하루평균 절대등락률:MISSING_ELASTICITY,SOURCE_DATA_GAP,PRICE_ELASTICITY_20D,FALSE,MULTI_BLOCKER_SOURCE_LANE
013580,계룡건설,KOSPI,3,수급·공시부담:SUPPLY_LIMITED_NO_POSITIVE_EVIDENCE,SOURCE_EVIDENCE_GAP,PRODUCTION_ANALYSIS_SUPPLY,FALSE,MULTI_BLOCKER_SOURCE_LANE
013580,계룡건설,KOSPI,3,영업현금흐름:MISSING_OCF_MARGIN_INPUT,SOURCE_DATA_GAP,OCF_AND_REVENUE_SOURCE,FALSE,MULTI_BLOCKER_SOURCE_LANE
013580,계룡건설,KOSPI,3,하루평균 절대등락률:MISSING_ELASTICITY,SOURCE_DATA_GAP,PRICE_ELASTICITY_20D,FALSE,MULTI_BLOCKER_SOURCE_LANE
014530,극동유화,KOSPI,3,EV/EBITDA:EV_EBITDA_INPUT:OK:NO_EXACT_CANDIDATE,SOURCE_DATA_GAP,EXACT_DA_SOURCE,FALSE,MULTI_BLOCKER_SOURCE_LANE
014530,극동유화,KOSPI,3,영업현금흐름:MISSING_OCF_MARGIN_INPUT,SOURCE_DATA_GAP,OCF_AND_REVENUE_SOURCE,FALSE,MULTI_BLOCKER_SOURCE_LANE
014530,극동유화,KOSPI,3,하루평균 절대등락률:MISSING_ELASTICITY,SOURCE_DATA_GAP,PRICE_ELASTICITY_20D,FALSE,MULTI_BLOCKER_SOURCE_LANE
014820,동원시스템즈,KOSPI,3,수급·공시부담:SUPPLY_LIMITED_NO_POSITIVE_EVIDENCE,SOURCE_EVIDENCE_GAP,PRODUCTION_ANALYSIS_SUPPLY,FALSE,MULTI_BLOCKER_SOURCE_LANE
014820,동원시스템즈,KOSPI,3,영업현금흐름:MISSING_OCF_MARGIN_INPUT,SOURCE_DATA_GAP,OCF_AND_REVENUE_SOURCE,FALSE,MULTI_BLOCKER_SOURCE_LANE
014820,동원시스템즈,KOSPI,3,하루평균 절대등락률:MISSING_ELASTICITY,SOURCE_DATA_GAP,PRICE_ELASTICITY_20D,FALSE,MULTI_BLOCKER_SOURCE_LANE
017940,E1,KOSPI,3,EV/EBITDA:EV_EBITDA_INPUT:OK:NO_EXACT_CANDIDATE,SOURCE_DATA_GAP,EXACT_DA_SOURCE,FALSE,MULTI_BLOCKER_SOURCE_LANE
017940,E1,KOSPI,3,영업현금흐름:MISSING_OCF_MARGIN_INPUT,SOURCE_DATA_GAP,OCF_AND_REVENUE_SOURCE,FALSE,MULTI_BLOCKER_SOURCE_LANE
017940,E1,KOSPI,3,하루평균 절대등락률:MISSING_ELASTICITY,SOURCE_DATA_GAP,PRICE_ELASTICITY_20D,FALSE,MULTI_BLOCKER_SOURCE_LANE
020120,키다리스튜디오,KOSPI,3,EV/EBITDA:EV_EBITDA_INPUT:OK:NO_EXACT_CANDIDATE,SOURCE_DATA_GAP,EXACT_DA_SOURCE,FALSE,MULTI_BLOCKER_SOURCE_LANE
020120,키다리스튜디오,KOSPI,3,영업현금흐름:MISSING_OCF_MARGIN_INPUT,SOURCE_DATA_GAP,OCF_AND_REVENUE_SOURCE,FALSE,MULTI_BLOCKER_SOURCE_LANE
020120,키다리스튜디오,KOSPI,3,하루평균 절대등락률:MISSING_ELASTICITY,SOURCE_DATA_GAP,PRICE_ELASTICITY_20D,FALSE,MULTI_BLOCKER_SOURCE_LANE
027740,마니커,KOSPI,3,EV/EBITDA:EV_EBITDA_INPUT:OK:NO_EXACT_CANDIDATE,SOURCE_DATA_GAP,EXACT_DA_SOURCE,FALSE,MULTI_BLOCKER_SOURCE_LANE
027740,마니커,KOSPI,3,과열·급락 위험:MISSING_RISK_INPUT,SOURCE_DATA_GAP,PRODUCTION_PRICE_METRICS,FALSE,MULTI_BLOCKER_SOURCE_LANE
027740,마니커,KOSPI,3,최근 분기 실적 가속·둔화:ANNUAL_OP_DENOM_NONPOSITIVE,POLICY_SEMANTIC_BLOCKER,V880_SCORING_CONTRACT,FALSE,POLICY_SEMANTIC_DEFER
037270,YG PLUS,KOSPI,3,EV/EBITDA:EV_EBITDA_INPUT:EMPTY_AS_ZERO:NO_EXACT_CANDIDATE,SOURCE_DATA_GAP,EXACT_DA_SOURCE,FALSE,MULTI_BLOCKER_SOURCE_LANE
037270,YG PLUS,KOSPI,3,수급·공시부담:SUPPLY_LIMITED_NO_POSITIVE_EVIDENCE,SOURCE_EVIDENCE_GAP,PRODUCTION_ANALYSIS_SUPPLY,FALSE,MULTI_BLOCKER_SOURCE_LANE
037270,YG PLUS,KOSPI,3,최근 분기 실적 가속·둔화:ANNUAL_OP_DENOM_NONPOSITIVE,POLICY_SEMANTIC_BLOCKER,V880_SCORING_CONTRACT,FALSE,POLICY_SEMANTIC_DEFER
042660,한화오션,KOSPI,3,EV/EBITDA:EV_EBITDA_INPUT:OK:NO_EXACT_CANDIDATE,SOURCE_DATA_GAP,EXACT_DA_SOURCE,FALSE,MULTI_BLOCKER_SOURCE_LANE
042660,한화오션,KOSPI,3,영업현금흐름:MISSING_OCF_MARGIN_INPUT,SOURCE_DATA_GAP,OCF_AND_REVENUE_SOURCE,FALSE,MULTI_BLOCKER_SOURCE_LANE
042660,한화오션,KOSPI,3,하루평균 절대등락률:MISSING_ELASTICITY,SOURCE_DATA_GAP,PRICE_ELASTICITY_20D,FALSE,MULTI_BLOCKER_SOURCE_LANE
051600,한전KPS,KOSPI,3,수급·공시부담:SUPPLY_LIMITED_NO_POSITIVE_EVIDENCE,SOURCE_EVIDENCE_GAP,PRODUCTION_ANALYSIS_SUPPLY,FALSE,MULTI_BLOCKER_SOURCE_LANE
051600,한전KPS,KOSPI,3,영업현금흐름:MISSING_OCF_MARGIN_INPUT,SOURCE_DATA_GAP,OCF_AND_REVENUE_SOURCE,FALSE,MULTI_BLOCKER_SOURCE_LANE
051600,한전KPS,KOSPI,3,하루평균 절대등락률:MISSING_ELASTICITY,SOURCE_DATA_GAP,PRICE_ELASTICITY_20D,FALSE,MULTI_BLOCKER_SOURCE_LANE
064400,LG씨엔에스,KOSPI,3,EV/EBITDA:EV_EBITDA_INPUT:OK:NO_EXACT_CANDIDATE,SOURCE_DATA_GAP,EXACT_DA_SOURCE,FALSE,MULTI_BLOCKER_SOURCE_LANE
064400,LG씨엔에스,KOSPI,3,영업현금흐름:MISSING_OCF_MARGIN_INPUT,SOURCE_DATA_GAP,OCF_AND_REVENUE_SOURCE,FALSE,MULTI_BLOCKER_SOURCE_LANE
064400,LG씨엔에스,KOSPI,3,하루평균 절대등락률:MISSING_ELASTICITY,SOURCE_DATA_GAP,PRICE_ELASTICITY_20D,FALSE,MULTI_BLOCKER_SOURCE_LANE
075580,세진중공업,KOSPI,3,EV/EBITDA:EV_EBITDA_INPUT:EMPTY_AS_ZERO:NO_EXACT_CANDIDATE,SOURCE_DATA_GAP,EXACT_DA_SOURCE,FALSE,MULTI_BLOCKER_SOURCE_LANE
075580,세진중공업,KOSPI,3,영업현금흐름:MISSING_OCF_MARGIN_INPUT,SOURCE_DATA_GAP,OCF_AND_REVENUE_SOURCE,FALSE,MULTI_BLOCKER_SOURCE_LANE
075580,세진중공업,KOSPI,3,하루평균 절대등락률:MISSING_ELASTICITY,SOURCE_DATA_GAP,PRICE_ELASTICITY_20D,FALSE,MULTI_BLOCKER_SOURCE_LANE
077970,STX엔진,KOSPI,3,EV/EBITDA:EV_EBITDA_INPUT:OK:NO_EXACT_CANDIDATE,SOURCE_DATA_GAP,EXACT_DA_SOURCE,FALSE,MULTI_BLOCKER_SOURCE_LANE
077970,STX엔진,KOSPI,3,영업현금흐름:MISSING_OCF_MARGIN_INPUT,SOURCE_DATA_GAP,OCF_AND_REVENUE_SOURCE,FALSE,MULTI_BLOCKER_SOURCE_LANE
077970,STX엔진,KOSPI,3,하루평균 절대등락률:MISSING_ELASTICITY,SOURCE_DATA_GAP,PRICE_ELASTICITY_20D,FALSE,MULTI_BLOCKER_SOURCE_LANE
090080,평화산업,KOSPI,3,EV/EBITDA:EV_EBITDA_INPUT:OK:NO_EXACT_CANDIDATE,SOURCE_DATA_GAP,EXACT_DA_SOURCE,FALSE,MULTI_BLOCKER_SOURCE_LANE
090080,평화산업,KOSPI,3,영업현금흐름:MISSING_OCF_MARGIN_INPUT,SOURCE_DATA_GAP,OCF_AND_REVENUE_SOURCE,FALSE,MULTI_BLOCKER_SOURCE_LANE
090080,평화산업,KOSPI,3,하루평균 절대등락률:MISSING_ELASTICITY,SOURCE_DATA_GAP,PRICE_ELASTICITY_20D,FALSE,MULTI_BLOCKER_SOURCE_LANE
092440,기신정기,KOSPI,3,EV/EBITDA:EV_EBITDA_INPUT:EMPTY_AS_ZERO:NO_EXACT_CANDIDATE,SOURCE_DATA_GAP,EXACT_DA_SOURCE,FALSE,MULTI_BLOCKER_SOURCE_LANE
092440,기신정기,KOSPI,3,수급·공시부담:SUPPLY_LIMITED_NO_POSITIVE_EVIDENCE,SOURCE_EVIDENCE_GAP,PRODUCTION_ANALYSIS_SUPPLY,FALSE,MULTI_BLOCKER_SOURCE_LANE
092440,기신정기,KOSPI,3,최근 분기 실적 가속·둔화:MISSING_ACCEL_INPUT,SOURCE_DATA_GAP,INVESTMENT_SCORE_SOURCE_CACHE,FALSE,MULTI_BLOCKER_SOURCE_LANE
097230,HJ중공업,KOSPI,3,EV/EBITDA:EV_EBITDA_INPUT:OK:NO_EXACT_CANDIDATE,SOURCE_DATA_GAP,EXACT_DA_SOURCE,FALSE,MULTI_BLOCKER_SOURCE_LANE
097230,HJ중공업,KOSPI,3,영업현금흐름:MISSING_OCF_MARGIN_INPUT,SOURCE_DATA_GAP,OCF_AND_REVENUE_SOURCE,FALSE,MULTI_BLOCKER_SOURCE_LANE
097230,HJ중공업,KOSPI,3,하루평균 절대등락률:MISSING_ELASTICITY,SOURCE_DATA_GAP,PRICE_ELASTICITY_20D,FALSE,MULTI_BLOCKER_SOURCE_LANE
213500,한솔제지,KOSPI,3,EV/EBITDA:EV_EBITDA_INPUT:OK:NO_EXACT_CANDIDATE,SOURCE_DATA_GAP,EXACT_DA_SOURCE,FALSE,MULTI_BLOCKER_SOURCE_LANE
213500,한솔제지,KOSPI,3,영업현금흐름:MISSING_OCF_MARGIN_INPUT,SOURCE_DATA_GAP,OCF_AND_REVENUE_SOURCE,FALSE,MULTI_BLOCKER_SOURCE_LANE
213500,한솔제지,KOSPI,3,하루평균 절대등락률:MISSING_ELASTICITY,SOURCE_DATA_GAP,PRICE_ELASTICITY_20D,FALSE,MULTI_BLOCKER_SOURCE_LANE
248170,샘표식품,KOSPI,3,EV/EBITDA:EV_EBITDA_INPUT:OK:NO_EXACT_CANDIDATE,SOURCE_DATA_GAP,EXACT_DA_SOURCE,FALSE,MULTI_BLOCKER_SOURCE_LANE
248170,샘표식품,KOSPI,3,영업현금흐름:MISSING_OCF_MARGIN_INPUT,SOURCE_DATA_GAP,OCF_AND_REVENUE_SOURCE,FALSE,MULTI_BLOCKER_SOURCE_LANE
248170,샘표식품,KOSPI,3,하루평균 절대등락률:MISSING_ELASTICITY,SOURCE_DATA_GAP,PRICE_ELASTICITY_20D,FALSE,MULTI_BLOCKER_SOURCE_LANE
272210,한화시스템,KOSPI,3,EV/EBITDA:EV_EBITDA_INPUT:OK:NO_EXACT_CANDIDATE,SOURCE_DATA_GAP,EXACT_DA_SOURCE,FALSE,MULTI_BLOCKER_SOURCE_LANE
272210,한화시스템,KOSPI,3,영업현금흐름:MISSING_OCF_MARGIN_INPUT,SOURCE_DATA_GAP,OCF_AND_REVENUE_SOURCE,FALSE,MULTI_BLOCKER_SOURCE_LANE
272210,한화시스템,KOSPI,3,하루평균 절대등락률:MISSING_ELASTICITY,SOURCE_DATA_GAP,PRICE_ELASTICITY_20D,FALSE,MULTI_BLOCKER_SOURCE_LANE
279570,케이뱅크,KOSPI,3,매출 성장과 안정성:MISSING_REVENUE_GROWTH_INPUT,SOURCE_DATA_GAP,INVESTMENT_SCORE_SOURCE_CACHE,FALSE,MULTI_BLOCKER_SOURCE_LANE
279570,케이뱅크,KOSPI,3,최근 3년 매출 성장률:MISSING_3Y_REVENUE,SOURCE_DATA_GAP,INVESTMENT_SCORE_SOURCE_CACHE,FALSE,MULTI_BLOCKER_SOURCE_LANE
279570,케이뱅크,KOSPI,3,최근 분기 실적 가속·둔화:MISSING_ACCEL_INPUT,SOURCE_DATA_GAP,INVESTMENT_SCORE_SOURCE_CACHE,FALSE,MULTI_BLOCKER_SOURCE_LANE
298040,효성중공업,KOSPI,3,EV/EBITDA:EV_EBITDA_INPUT:OK:NO_EXACT_CANDIDATE,SOURCE_DATA_GAP,EXACT_DA_SOURCE,FALSE,MULTI_BLOCKER_SOURCE_LANE
298040,효성중공업,KOSPI,3,영업현금흐름:MISSING_OCF_MARGIN_INPUT,SOURCE_DATA_GAP,OCF_AND_REVENUE_SOURCE,FALSE,MULTI_BLOCKER_SOURCE_LANE
298040,효성중공업,KOSPI,3,하루평균 절대등락률:MISSING_ELASTICITY,SOURCE_DATA_GAP,PRICE_ELASTICITY_20D,FALSE,MULTI_BLOCKER_SOURCE_LANE
298050,HS효성첨단소재,KOSPI,3,EV/EBITDA:EV_EBITDA_INPUT:OK:NO_EXACT_CANDIDATE,SOURCE_DATA_GAP,EXACT_DA_SOURCE,FALSE,MULTI_BLOCKER_SOURCE_LANE
298050,HS효성첨단소재,KOSPI,3,영업현금흐름:MISSING_OCF_MARGIN_INPUT,SOURCE_DATA_GAP,OCF_AND_REVENUE_SOURCE,FALSE,MULTI_BLOCKER_SOURCE_LANE
298050,HS효성첨단소재,KOSPI,3,하루평균 절대등락률:MISSING_ELASTICITY,SOURCE_DATA_GAP,PRICE_ELASTICITY_20D,FALSE,MULTI_BLOCKER_SOURCE_LANE
400760,NH올원리츠,KOSPI,3,영업현금흐름:MISSING_OCF_MARGIN_INPUT,SOURCE_DATA_GAP,OCF_AND_REVENUE_SOURCE,FALSE,MULTI_BLOCKER_SOURCE_LANE
400760,NH올원리츠,KOSPI,3,최근 분기 실적 가속·둔화:MISSING_ACCEL_INPUT,SOURCE_DATA_GAP,INVESTMENT_SCORE_SOURCE_CACHE,FALSE,MULTI_BLOCKER_SOURCE_LANE
400760,NH올원리츠,KOSPI,3,하루평균 절대등락률:MISSING_ELASTICITY,SOURCE_DATA_GAP,PRICE_ELASTICITY_20D,FALSE,MULTI_BLOCKER_SOURCE_LANE
446070,유니드비티플러스,KOSPI,3,EV/EBITDA:EV_EBITDA_INPUT:OK:NO_EXACT_CANDIDATE,SOURCE_DATA_GAP,EXACT_DA_SOURCE,FALSE,MULTI_BLOCKER_SOURCE_LANE
446070,유니드비티플러스,KOSPI,3,영업현금흐름:MISSING_OCF_MARGIN_INPUT,SOURCE_DATA_GAP,OCF_AND_REVENUE_SOURCE,FALSE,MULTI_BLOCKER_SOURCE_LANE
446070,유니드비티플러스,KOSPI,3,하루평균 절대등락률:MISSING_ELASTICITY,SOURCE_DATA_GAP,PRICE_ELASTICITY_20D,FALSE,MULTI_BLOCKER_SOURCE_LANE
480370,씨케이솔루션,KOSPI,3,EV/EBITDA:EV_EBITDA_INPUT:EMPTY_AS_ZERO:NO_EXACT_CANDIDATE,SOURCE_DATA_GAP,EXACT_DA_SOURCE,FALSE,MULTI_BLOCKER_SOURCE_LANE
480370,씨케이솔루션,KOSPI,3,영업현금흐름:MISSING_OCF_MARGIN_INPUT,SOURCE_DATA_GAP,OCF_AND_REVENUE_SOURCE,FALSE,MULTI_BLOCKER_SOURCE_LANE
480370,씨케이솔루션,KOSPI,3,하루평균 절대등락률:MISSING_ELASTICITY,SOURCE_DATA_GAP,PRICE_ELASTICITY_20D,FALSE,MULTI_BLOCKER_SOURCE_LANE
000540,흥국화재,KOSPI,4,매출 성장과 안정성:MISSING_REVENUE_GROWTH_INPUT,SOURCE_DATA_GAP,INVESTMENT_SCORE_SOURCE_CACHE,FALSE,MULTI_BLOCKER_SOURCE_LANE
000540,흥국화재,KOSPI,4,최근 3년 매출 성장률:MISSING_3Y_REVENUE,SOURCE_DATA_GAP,INVESTMENT_SCORE_SOURCE_CACHE,FALSE,MULTI_BLOCKER_SOURCE_LANE
000540,흥국화재,KOSPI,4,최근 분기 실적 가속·둔화:MISSING_ACCEL_INPUT,SOURCE_DATA_GAP,INVESTMENT_SCORE_SOURCE_CACHE,FALSE,MULTI_BLOCKER_SOURCE_LANE
000540,흥국화재,KOSPI,4,하루평균 절대등락률:MISSING_ELASTICITY,SOURCE_DATA_GAP,PRICE_ELASTICITY_20D,FALSE,MULTI_BLOCKER_SOURCE_LANE
000680,LS네트웍스,KOSPI,4,EV/EBITDA:EV_EBITDA_INPUT:OK:NO_EXACT_CANDIDATE,SOURCE_DATA_GAP,EXACT_DA_SOURCE,FALSE,MULTI_BLOCKER_SOURCE_LANE
000680,LS네트웍스,KOSPI,4,수급·공시부담:SUPPLY_LIMITED_NO_POSITIVE_EVIDENCE,SOURCE_EVIDENCE_GAP,PRODUCTION_ANALYSIS_SUPPLY,FALSE,MULTI_BLOCKER_SOURCE_LANE
000680,LS네트웍스,KOSPI,4,영업현금흐름:MISSING_OCF_MARGIN_INPUT,SOURCE_DATA_GAP,OCF_AND_REVENUE_SOURCE,FALSE,MULTI_BLOCKER_SOURCE_LANE
000680,LS네트웍스,KOSPI,4,하루평균 절대등락률:MISSING_ELASTICITY,SOURCE_DATA_GAP,PRICE_ELASTICITY_20D,FALSE,MULTI_BLOCKER_SOURCE_LANE
003570,SNT다이내믹스,KOSPI,4,EV/EBITDA:EV_EBITDA_INPUT:EMPTY_AS_ZERO:NO_EXACT_CANDIDATE,SOURCE_DATA_GAP,EXACT_DA_SOURCE,FALSE,MULTI_BLOCKER_SOURCE_LANE
003570,SNT다이내믹스,KOSPI,4,수급·공시부담:SUPPLY_LIMITED_NO_POSITIVE_EVIDENCE,SOURCE_EVIDENCE_GAP,PRODUCTION_ANALYSIS_SUPPLY,FALSE,MULTI_BLOCKER_SOURCE_LANE
003570,SNT다이내믹스,KOSPI,4,영업현금흐름:MISSING_OCF_MARGIN_INPUT,SOURCE_DATA_GAP,OCF_AND_REVENUE_SOURCE,FALSE,MULTI_BLOCKER_SOURCE_LANE
003570,SNT다이내믹스,KOSPI,4,하루평균 절대등락률:MISSING_ELASTICITY,SOURCE_DATA_GAP,PRICE_ELASTICITY_20D,FALSE,MULTI_BLOCKER_SOURCE_LANE
003830,대한화섬,KOSPI,4,수급·공시부담:SUPPLY_LIMITED_NO_POSITIVE_EVIDENCE,SOURCE_EVIDENCE_GAP,PRODUCTION_ANALYSIS_SUPPLY,FALSE,MULTI_BLOCKER_SOURCE_LANE
003830,대한화섬,KOSPI,4,영업현금흐름:MISSING_OCF_MARGIN_INPUT,SOURCE_DATA_GAP,OCF_AND_REVENUE_SOURCE,FALSE,MULTI_BLOCKER_SOURCE_LANE
003830,대한화섬,KOSPI,4,최근 분기 실적 가속·둔화:ANNUAL_OP_DENOM_NONPOSITIVE,POLICY_SEMANTIC_BLOCKER,V880_SCORING_CONTRACT,FALSE,POLICY_SEMANTIC_DEFER
003830,대한화섬,KOSPI,4,하루평균 절대등락률:MISSING_ELASTICITY,SOURCE_DATA_GAP,PRICE_ELASTICITY_20D,FALSE,MULTI_BLOCKER_SOURCE_LANE
004720,팜젠사이언스,KOSPI,4,EV/EBITDA:EV_EBITDA_INPUT:EMPTY_AS_ZERO:NO_EXACT_CANDIDATE,SOURCE_DATA_GAP,EXACT_DA_SOURCE,FALSE,MULTI_BLOCKER_SOURCE_LANE
004720,팜젠사이언스,KOSPI,4,수급·공시부담:SUPPLY_LIMITED_NO_POSITIVE_EVIDENCE,SOURCE_EVIDENCE_GAP,PRODUCTION_ANALYSIS_SUPPLY,FALSE,MULTI_BLOCKER_SOURCE_LANE
004720,팜젠사이언스,KOSPI,4,영업현금흐름:MISSING_OCF_MARGIN_INPUT,SOURCE_DATA_GAP,OCF_AND_REVENUE_SOURCE,FALSE,MULTI_BLOCKER_SOURCE_LANE
004720,팜젠사이언스,KOSPI,4,하루평균 절대등락률:MISSING_ELASTICITY,SOURCE_DATA_GAP,PRICE_ELASTICITY_20D,FALSE,MULTI_BLOCKER_SOURCE_LANE
005950,이수화학,KOSPI,4,EV/EBITDA:EV_EBITDA_INPUT:OK:NO_EXACT_CANDIDATE,SOURCE_DATA_GAP,EXACT_DA_SOURCE,FALSE,MULTI_BLOCKER_SOURCE_LANE
005950,이수화학,KOSPI,4,영업현금흐름:MISSING_OCF_MARGIN_INPUT,SOURCE_DATA_GAP,OCF_AND_REVENUE_SOURCE,FALSE,MULTI_BLOCKER_SOURCE_LANE
005950,이수화학,KOSPI,4,최근 분기 실적 가속·둔화:ANNUAL_OP_DENOM_NONPOSITIVE,POLICY_SEMANTIC_BLOCKER,V880_SCORING_CONTRACT,FALSE,POLICY_SEMANTIC_DEFER
005950,이수화학,KOSPI,4,하루평균 절대등락률:MISSING_ELASTICITY,SOURCE_DATA_GAP,PRICE_ELASTICITY_20D,FALSE,MULTI_BLOCKER_SOURCE_LANE
006200,한국전자홀딩스,KOSPI,4,과열·급락 위험:MISSING_RISK_INPUT,SOURCE_DATA_GAP,PRODUCTION_PRICE_METRICS,FALSE,MULTI_BLOCKER_SOURCE_LANE
006200,한국전자홀딩스,KOSPI,4,기간 저가·고가 대비 현재위치:MISSING_POSITION,SOURCE_DATA_GAP,PRODUCTION_PRICE_METRICS,FALSE,MULTI_BLOCKER_SOURCE_LANE
006200,한국전자홀딩스,KOSPI,4,최근 분기 실적 가속·둔화:ANNUAL_OP_DENOM_NONPOSITIVE,POLICY_SEMANTIC_BLOCKER,V880_SCORING_CONTRACT,FALSE,POLICY_SEMANTIC_DEFER
006200,한국전자홀딩스,KOSPI,4,하루평균 절대등락률:MISSING_ELASTICITY,SOURCE_DATA_GAP,PRICE_ELASTICITY_20D,FALSE,MULTI_BLOCKER_SOURCE_LANE
008250,이건산업,KOSPI,4,EV/EBITDA:EV_EBITDA_INPUT:OK:NO_EXACT_CANDIDATE,SOURCE_DATA_GAP,EXACT_DA_SOURCE,FALSE,MULTI_BLOCKER_SOURCE_LANE
008250,이건산업,KOSPI,4,수급·공시부담:SUPPLY_LIMITED_NO_POSITIVE_EVIDENCE,SOURCE_EVIDENCE_GAP,PRODUCTION_ANALYSIS_SUPPLY,FALSE,MULTI_BLOCKER_SOURCE_LANE
008250,이건산업,KOSPI,4,영업현금흐름:MISSING_OCF_MARGIN_INPUT,SOURCE_DATA_GAP,OCF_AND_REVENUE_SOURCE,FALSE,MULTI_BLOCKER_SOURCE_LANE
008250,이건산업,KOSPI,4,하루평균 절대등락률:MISSING_ELASTICITY,SOURCE_DATA_GAP,PRICE_ELASTICITY_20D,FALSE,MULTI_BLOCKER_SOURCE_LANE
011150,CJ씨푸드,KOSPI,4,EV/EBITDA:EV_EBITDA_INPUT:OK:NO_EXACT_CANDIDATE,SOURCE_DATA_GAP,EXACT_DA_SOURCE,FALSE,MULTI_BLOCKER_SOURCE_LANE
011150,CJ씨푸드,KOSPI,4,수급·공시부담:SUPPLY_LIMITED_NO_POSITIVE_EVIDENCE,SOURCE_EVIDENCE_GAP,PRODUCTION_ANALYSIS_SUPPLY,FALSE,MULTI_BLOCKER_SOURCE_LANE
011150,CJ씨푸드,KOSPI,4,영업현금흐름:MISSING_OCF_MARGIN_INPUT,SOURCE_DATA_GAP,OCF_AND_REVENUE_SOURCE,FALSE,MULTI_BLOCKER_SOURCE_LANE
011150,CJ씨푸드,KOSPI,4,하루평균 절대등락률:MISSING_ELASTICITY,SOURCE_DATA_GAP,PRICE_ELASTICITY_20D,FALSE,MULTI_BLOCKER_SOURCE_LANE
011170,롯데케미칼,KOSPI,4,EV/EBITDA:EV_EBITDA_INPUT:OK:NO_EXACT_CANDIDATE,SOURCE_DATA_GAP,EXACT_DA_SOURCE,FALSE,MULTI_BLOCKER_SOURCE_LANE
011170,롯데케미칼,KOSPI,4,수급·공시부담:SUPPLY_LIMITED_NO_POSITIVE_EVIDENCE,SOURCE_EVIDENCE_GAP,PRODUCTION_ANALYSIS_SUPPLY,FALSE,MULTI_BLOCKER_SOURCE_LANE
011170,롯데케미칼,KOSPI,4,영업현금흐름:MISSING_OCF_MARGIN_INPUT,SOURCE_DATA_GAP,OCF_AND_REVENUE_SOURCE,FALSE,MULTI_BLOCKER_SOURCE_LANE
011170,롯데케미칼,KOSPI,4,하루평균 절대등락률:MISSING_ELASTICITY,SOURCE_DATA_GAP,PRICE_ELASTICITY_20D,FALSE,MULTI_BLOCKER_SOURCE_LANE
011760,현대코퍼레이션,KOSPI,4,EV/EBITDA:EV_EBITDA_INPUT:OK:NO_EXACT_CANDIDATE,SOURCE_DATA_GAP,EXACT_DA_SOURCE,FALSE,MULTI_BLOCKER_SOURCE_LANE
011760,현대코퍼레이션,KOSPI,4,수급·공시부담:SUPPLY_LIMITED_NO_POSITIVE_EVIDENCE,SOURCE_EVIDENCE_GAP,PRODUCTION_ANALYSIS_SUPPLY,FALSE,MULTI_BLOCKER_SOURCE_LANE
011760,현대코퍼레이션,KOSPI,4,영업현금흐름:MISSING_OCF_MARGIN_INPUT,SOURCE_DATA_GAP,OCF_AND_REVENUE_SOURCE,FALSE,MULTI_BLOCKER_SOURCE_LANE
011760,현대코퍼레이션,KOSPI,4,하루평균 절대등락률:MISSING_ELASTICITY,SOURCE_DATA_GAP,PRICE_ELASTICITY_20D,FALSE,MULTI_BLOCKER_SOURCE_LANE
011930,신성이엔지,KOSPI,4,EV/EBITDA:EV_EBITDA_INPUT:OK:NO_EXACT_CANDIDATE,SOURCE_DATA_GAP,EXACT_DA_SOURCE,FALSE,MULTI_BLOCKER_SOURCE_LANE
011930,신성이엔지,KOSPI,4,과열·급락 위험:MISSING_RISK_INPUT,SOURCE_DATA_GAP,PRODUCTION_PRICE_METRICS,FALSE,MULTI_BLOCKER_SOURCE_LANE
011930,신성이엔지,KOSPI,4,영업현금흐름:MISSING_OCF_MARGIN_INPUT,SOURCE_DATA_GAP,OCF_AND_REVENUE_SOURCE,FALSE,MULTI_BLOCKER_SOURCE_LANE
011930,신성이엔지,KOSPI,4,하루평균 절대등락률:MISSING_ELASTICITY,SOURCE_DATA_GAP,PRICE_ELASTICITY_20D,FALSE,MULTI_BLOCKER_SOURCE_LANE
012690,모나리자,KOSPI,4,EV/EBITDA:EV_EBITDA_INPUT:OK:NO_EXACT_CANDIDATE,SOURCE_DATA_GAP,EXACT_DA_SOURCE,FALSE,EXHAUSTED_APPROVED_OFFICIAL_DA_PATHS
012690,모나리자,KOSPI,4,수급·공시부담:SUPPLY_LIMITED_NO_POSITIVE_EVIDENCE,SOURCE_EVIDENCE_GAP,PRODUCTION_ANALYSIS_SUPPLY,FALSE,MULTI_BLOCKER_SOURCE_LANE
012690,모나리자,KOSPI,4,영업현금흐름:MISSING_OCF_MARGIN_INPUT,SOURCE_DATA_GAP,OCF_AND_REVENUE_SOURCE,FALSE,MULTI_BLOCKER_SOURCE_LANE
012690,모나리자,KOSPI,4,하루평균 절대등락률:MISSING_ELASTICITY,SOURCE_DATA_GAP,PRICE_ELASTICITY_20D,FALSE,MULTI_BLOCKER_SOURCE_LANE
023810,인팩,KOSPI,4,EV/EBITDA:EV_EBITDA_INPUT:OK:NO_EXACT_CANDIDATE,SOURCE_DATA_GAP,EXACT_DA_SOURCE,FALSE,MULTI_BLOCKER_SOURCE_LANE
023810,인팩,KOSPI,4,수급·공시부담:SUPPLY_LIMITED_NO_POSITIVE_EVIDENCE,SOURCE_EVIDENCE_GAP,PRODUCTION_ANALYSIS_SUPPLY,FALSE,MULTI_BLOCKER_SOURCE_LANE
023810,인팩,KOSPI,4,영업현금흐름:MISSING_OCF_MARGIN_INPUT,SOURCE_DATA_GAP,OCF_AND_REVENUE_SOURCE,FALSE,MULTI_BLOCKER_SOURCE_LANE
023810,인팩,KOSPI,4,하루평균 절대등락률:MISSING_ELASTICITY,SOURCE_DATA_GAP,PRICE_ELASTICITY_20D,FALSE,MULTI_BLOCKER_SOURCE_LANE
036580,팜스코,KOSPI,4,EV/EBITDA:EV_EBITDA_INPUT:OK:NO_EXACT_CANDIDATE,SOURCE_DATA_GAP,EXACT_DA_SOURCE,FALSE,MULTI_BLOCKER_SOURCE_LANE
036580,팜스코,KOSPI,4,PER:MISSING_PER,SOURCE_DATA_GAP,FINANCIAL_VALUATION_CACHE,FALSE,MULTI_BLOCKER_SOURCE_LANE
036580,팜스코,KOSPI,4,영업현금흐름:MISSING_OCF_MARGIN_INPUT,SOURCE_DATA_GAP,OCF_AND_REVENUE_SOURCE,FALSE,MULTI_BLOCKER_SOURCE_LANE
036580,팜스코,KOSPI,4,하루평균 절대등락률:MISSING_ELASTICITY,SOURCE_DATA_GAP,PRICE_ELASTICITY_20D,FALSE,MULTI_BLOCKER_SOURCE_LANE
064960,SNT모티브,KOSPI,4,EV/EBITDA:EV_EBITDA_INPUT:EMPTY_AS_ZERO:NO_EXACT_CANDIDATE,SOURCE_DATA_GAP,EXACT_DA_SOURCE,FALSE,MULTI_BLOCKER_SOURCE_LANE
064960,SNT모티브,KOSPI,4,수급·공시부담:SUPPLY_LIMITED_NO_POSITIVE_EVIDENCE,SOURCE_EVIDENCE_GAP,PRODUCTION_ANALYSIS_SUPPLY,FALSE,MULTI_BLOCKER_SOURCE_LANE
064960,SNT모티브,KOSPI,4,영업현금흐름:MISSING_OCF_MARGIN_INPUT,SOURCE_DATA_GAP,OCF_AND_REVENUE_SOURCE,FALSE,MULTI_BLOCKER_SOURCE_LANE
064960,SNT모티브,KOSPI,4,하루평균 절대등락률:MISSING_ELASTICITY,SOURCE_DATA_GAP,PRICE_ELASTICITY_20D,FALSE,MULTI_BLOCKER_SOURCE_LANE
067830,세이브존I&C,KOSPI,4,EV/EBITDA:EV_EBITDA_INPUT:OK:NO_EXACT_CANDIDATE,SOURCE_DATA_GAP,EXACT_DA_SOURCE,FALSE,MULTI_BLOCKER_SOURCE_LANE
067830,세이브존I&C,KOSPI,4,수급·공시부담:SUPPLY_LIMITED_NO_POSITIVE_EVIDENCE,SOURCE_EVIDENCE_GAP,PRODUCTION_ANALYSIS_SUPPLY,FALSE,MULTI_BLOCKER_SOURCE_LANE
067830,세이브존I&C,KOSPI,4,영업현금흐름:MISSING_OCF_MARGIN_INPUT,SOURCE_DATA_GAP,OCF_AND_REVENUE_SOURCE,FALSE,MULTI_BLOCKER_SOURCE_LANE
067830,세이브존I&C,KOSPI,4,하루평균 절대등락률:MISSING_ELASTICITY,SOURCE_DATA_GAP,PRICE_ELASTICITY_20D,FALSE,MULTI_BLOCKER_SOURCE_LANE
071950,코아스,KOSPI,4,EV/EBITDA:EV_EBITDA_INPUT:OK:NO_EXACT_CANDIDATE,SOURCE_DATA_GAP,EXACT_DA_SOURCE,FALSE,MULTI_BLOCKER_SOURCE_LANE
071950,코아스,KOSPI,4,영업현금흐름:MISSING_OCF_MARGIN_INPUT,SOURCE_DATA_GAP,OCF_AND_REVENUE_SOURCE,FALSE,MULTI_BLOCKER_SOURCE_LANE
071950,코아스,KOSPI,4,최근 분기 실적 가속·둔화:ANNUAL_OP_DENOM_NONPOSITIVE,POLICY_SEMANTIC_BLOCKER,V880_SCORING_CONTRACT,FALSE,POLICY_SEMANTIC_DEFER
071950,코아스,KOSPI,4,하루평균 절대등락률:MISSING_ELASTICITY,SOURCE_DATA_GAP,PRICE_ELASTICITY_20D,FALSE,MULTI_BLOCKER_SOURCE_LANE
078000,텔코웨어,KOSPI,4,EV/EBITDA:EV_EBITDA_INPUT:EMPTY_AS_ZERO:NO_EXACT_CANDIDATE,SOURCE_DATA_GAP,EXACT_DA_SOURCE,FALSE,MULTI_BLOCKER_SOURCE_LANE
078000,텔코웨어,KOSPI,4,수급·공시부담:SUPPLY_LIMITED_NO_POSITIVE_EVIDENCE,SOURCE_EVIDENCE_GAP,PRODUCTION_ANALYSIS_SUPPLY,FALSE,MULTI_BLOCKER_SOURCE_LANE
078000,텔코웨어,KOSPI,4,영업현금흐름:MISSING_OCF_MARGIN_INPUT,SOURCE_DATA_GAP,OCF_AND_REVENUE_SOURCE,FALSE,MULTI_BLOCKER_SOURCE_LANE
078000,텔코웨어,KOSPI,4,하루평균 절대등락률:MISSING_ELASTICITY,SOURCE_DATA_GAP,PRICE_ELASTICITY_20D,FALSE,MULTI_BLOCKER_SOURCE_LANE
084010,대한제강,KOSPI,4,EV/EBITDA:EV_EBITDA_INPUT:OK:NO_EXACT_CANDIDATE,SOURCE_DATA_GAP,EXACT_DA_SOURCE,FALSE,MULTI_BLOCKER_SOURCE_LANE
084010,대한제강,KOSPI,4,수급·공시부담:SUPPLY_LIMITED_NO_POSITIVE_EVIDENCE,SOURCE_EVIDENCE_GAP,PRODUCTION_ANALYSIS_SUPPLY,FALSE,MULTI_BLOCKER_SOURCE_LANE
084010,대한제강,KOSPI,4,영업현금흐름:MISSING_OCF_MARGIN_INPUT,SOURCE_DATA_GAP,OCF_AND_REVENUE_SOURCE,FALSE,MULTI_BLOCKER_SOURCE_LANE
084010,대한제강,KOSPI,4,하루평균 절대등락률:MISSING_ELASTICITY,SOURCE_DATA_GAP,PRICE_ELASTICITY_20D,FALSE,MULTI_BLOCKER_SOURCE_LANE
086790,하나금융지주,KOSPI,4,매출 성장과 안정성:MISSING_REVENUE_GROWTH_INPUT,SOURCE_DATA_GAP,INVESTMENT_SCORE_SOURCE_CACHE,FALSE,MULTI_BLOCKER_SOURCE_LANE
086790,하나금융지주,KOSPI,4,최근 3년 매출 성장률:MISSING_3Y_REVENUE,SOURCE_DATA_GAP,INVESTMENT_SCORE_SOURCE_CACHE,FALSE,MULTI_BLOCKER_SOURCE_LANE
086790,하나금융지주,KOSPI,4,최근 분기 실적 가속·둔화:MISSING_ACCEL_INPUT,SOURCE_DATA_GAP,INVESTMENT_SCORE_SOURCE_CACHE,FALSE,MULTI_BLOCKER_SOURCE_LANE
086790,하나금융지주,KOSPI,4,하루평균 절대등락률:MISSING_ELASTICITY,SOURCE_DATA_GAP,PRICE_ELASTICITY_20D,FALSE,MULTI_BLOCKER_SOURCE_LANE
088260,이리츠코크렙,KOSPI,4,EV/EBITDA:EV_EBITDA_INPUT:EMPTY_AS_ZERO:NO_EXACT_CANDIDATE,SOURCE_DATA_GAP,EXACT_DA_SOURCE,FALSE,MULTI_BLOCKER_SOURCE_LANE
088260,이리츠코크렙,KOSPI,4,영업현금흐름:MISSING_OCF_MARGIN_INPUT,SOURCE_DATA_GAP,OCF_AND_REVENUE_SOURCE,FALSE,MULTI_BLOCKER_SOURCE_LANE
088260,이리츠코크렙,KOSPI,4,최근 분기 실적 가속·둔화:MISSING_ACCEL_INPUT,SOURCE_DATA_GAP,INVESTMENT_SCORE_SOURCE_CACHE,FALSE,MULTI_BLOCKER_SOURCE_LANE
088260,이리츠코크렙,KOSPI,4,하루평균 절대등락률:MISSING_ELASTICITY,SOURCE_DATA_GAP,PRICE_ELASTICITY_20D,FALSE,MULTI_BLOCKER_SOURCE_LANE
088350,한화생명,KOSPI,4,매출 성장과 안정성:MISSING_REVENUE_GROWTH_INPUT,SOURCE_DATA_GAP,INVESTMENT_SCORE_SOURCE_CACHE,FALSE,MULTI_BLOCKER_SOURCE_LANE
088350,한화생명,KOSPI,4,최근 3년 매출 성장률:MISSING_3Y_REVENUE,SOURCE_DATA_GAP,INVESTMENT_SCORE_SOURCE_CACHE,FALSE,MULTI_BLOCKER_SOURCE_LANE
088350,한화생명,KOSPI,4,최근 분기 실적 가속·둔화:MISSING_ACCEL_INPUT,SOURCE_DATA_GAP,INVESTMENT_SCORE_SOURCE_CACHE,FALSE,MULTI_BLOCKER_SOURCE_LANE
088350,한화생명,KOSPI,4,하루평균 절대등락률:MISSING_ELASTICITY,SOURCE_DATA_GAP,PRICE_ELASTICITY_20D,FALSE,MULTI_BLOCKER_SOURCE_LANE
093370,후성,KOSPI,4,EV/EBITDA:EV_EBITDA_INPUT:OK:NO_EXACT_CANDIDATE,SOURCE_DATA_GAP,EXACT_DA_SOURCE,FALSE,MULTI_BLOCKER_SOURCE_LANE
093370,후성,KOSPI,4,영업현금흐름:MISSING_OCF_MARGIN_INPUT,SOURCE_DATA_GAP,OCF_AND_REVENUE_SOURCE,FALSE,MULTI_BLOCKER_SOURCE_LANE
093370,후성,KOSPI,4,최근 분기 실적 가속·둔화:ANNUAL_OP_DENOM_NONPOSITIVE,POLICY_SEMANTIC_BLOCKER,V880_SCORING_CONTRACT,FALSE,POLICY_SEMANTIC_DEFER
093370,후성,KOSPI,4,하루평균 절대등락률:MISSING_ELASTICITY,SOURCE_DATA_GAP,PRICE_ELASTICITY_20D,FALSE,MULTI_BLOCKER_SOURCE_LANE
100250,진양홀딩스,KOSPI,4,EV/EBITDA:EV_EBITDA_INPUT:OK:NO_EXACT_CANDIDATE,SOURCE_DATA_GAP,EXACT_DA_SOURCE,FALSE,MULTI_BLOCKER_SOURCE_LANE
100250,진양홀딩스,KOSPI,4,수급·공시부담:SUPPLY_LIMITED_NO_POSITIVE_EVIDENCE,SOURCE_EVIDENCE_GAP,PRODUCTION_ANALYSIS_SUPPLY,FALSE,MULTI_BLOCKER_SOURCE_LANE
100250,진양홀딩스,KOSPI,4,영업현금흐름:MISSING_OCF_MARGIN_INPUT,SOURCE_DATA_GAP,OCF_AND_REVENUE_SOURCE,FALSE,MULTI_BLOCKER_SOURCE_LANE
100250,진양홀딩스,KOSPI,4,하루평균 절대등락률:MISSING_ELASTICITY,SOURCE_DATA_GAP,PRICE_ELASTICITY_20D,FALSE,MULTI_BLOCKER_SOURCE_LANE
102460,이연제약,KOSPI,4,EV/EBITDA:EV_EBITDA_INPUT:EMPTY_AS_ZERO:NO_EXACT_CANDIDATE,SOURCE_DATA_GAP,EXACT_DA_SOURCE,FALSE,MULTI_BLOCKER_SOURCE_LANE
102460,이연제약,KOSPI,4,수급·공시부담:SUPPLY_LIMITED_NO_POSITIVE_EVIDENCE,SOURCE_EVIDENCE_GAP,PRODUCTION_ANALYSIS_SUPPLY,FALSE,MULTI_BLOCKER_SOURCE_LANE
102460,이연제약,KOSPI,4,영업현금흐름:MISSING_OCF_MARGIN_INPUT,SOURCE_DATA_GAP,OCF_AND_REVENUE_SOURCE,FALSE,MULTI_BLOCKER_SOURCE_LANE
102460,이연제약,KOSPI,4,하루평균 절대등락률:MISSING_ELASTICITY,SOURCE_DATA_GAP,PRICE_ELASTICITY_20D,FALSE,MULTI_BLOCKER_SOURCE_LANE
145990,삼양사,KOSPI,4,EV/EBITDA:EV_EBITDA_INPUT:OK:NO_EXACT_CANDIDATE,SOURCE_DATA_GAP,EXACT_DA_SOURCE,FALSE,MULTI_BLOCKER_SOURCE_LANE
145990,삼양사,KOSPI,4,수급·공시부담:SUPPLY_LIMITED_NO_POSITIVE_EVIDENCE,SOURCE_EVIDENCE_GAP,PRODUCTION_ANALYSIS_SUPPLY,FALSE,MULTI_BLOCKER_SOURCE_LANE
145990,삼양사,KOSPI,4,영업현금흐름:MISSING_OCF_MARGIN_INPUT,SOURCE_DATA_GAP,OCF_AND_REVENUE_SOURCE,FALSE,MULTI_BLOCKER_SOURCE_LANE
145990,삼양사,KOSPI,4,하루평균 절대등락률:MISSING_ELASTICITY,SOURCE_DATA_GAP,PRICE_ELASTICITY_20D,FALSE,MULTI_BLOCKER_SOURCE_LANE
210540,디와이파워,KOSPI,4,EV/EBITDA:EV_EBITDA_INPUT:EMPTY_AS_ZERO:NO_EXACT_CANDIDATE,SOURCE_DATA_GAP,EXACT_DA_SOURCE,FALSE,MULTI_BLOCKER_SOURCE_LANE
210540,디와이파워,KOSPI,4,수급·공시부담:SUPPLY_LIMITED_NO_POSITIVE_EVIDENCE,SOURCE_EVIDENCE_GAP,PRODUCTION_ANALYSIS_SUPPLY,FALSE,MULTI_BLOCKER_SOURCE_LANE
210540,디와이파워,KOSPI,4,영업현금흐름:MISSING_OCF_MARGIN_INPUT,SOURCE_DATA_GAP,OCF_AND_REVENUE_SOURCE,FALSE,MULTI_BLOCKER_SOURCE_LANE
210540,디와이파워,KOSPI,4,하루평균 절대등락률:MISSING_ELASTICITY,SOURCE_DATA_GAP,PRICE_ELASTICITY_20D,FALSE,MULTI_BLOCKER_SOURCE_LANE
241590,화승엔터프라이즈,KOSPI,4,EV/EBITDA:EV_EBITDA_INPUT:OK:NO_EXACT_CANDIDATE,SOURCE_DATA_GAP,EXACT_DA_SOURCE,FALSE,MULTI_BLOCKER_SOURCE_LANE
241590,화승엔터프라이즈,KOSPI,4,수급·공시부담:SUPPLY_LIMITED_NO_POSITIVE_EVIDENCE,SOURCE_EVIDENCE_GAP,PRODUCTION_ANALYSIS_SUPPLY,FALSE,MULTI_BLOCKER_SOURCE_LANE
241590,화승엔터프라이즈,KOSPI,4,영업현금흐름:MISSING_OCF_MARGIN_INPUT,SOURCE_DATA_GAP,OCF_AND_REVENUE_SOURCE,FALSE,MULTI_BLOCKER_SOURCE_LANE
241590,화승엔터프라이즈,KOSPI,4,하루평균 절대등락률:MISSING_ELASTICITY,SOURCE_DATA_GAP,PRICE_ELASTICITY_20D,FALSE,MULTI_BLOCKER_SOURCE_LANE
249420,일동제약,KOSPI,4,EV/EBITDA:EV_EBITDA_INPUT:EMPTY_AS_ZERO:NO_EXACT_CANDIDATE,SOURCE_DATA_GAP,EXACT_DA_SOURCE,FALSE,MULTI_BLOCKER_SOURCE_LANE
249420,일동제약,KOSPI,4,수급·공시부담:SUPPLY_LIMITED_NO_POSITIVE_EVIDENCE,SOURCE_EVIDENCE_GAP,PRODUCTION_ANALYSIS_SUPPLY,FALSE,MULTI_BLOCKER_SOURCE_LANE
249420,일동제약,KOSPI,4,영업현금흐름:MISSING_OCF_MARGIN_INPUT,SOURCE_DATA_GAP,OCF_AND_REVENUE_SOURCE,FALSE,MULTI_BLOCKER_SOURCE_LANE
249420,일동제약,KOSPI,4,하루평균 절대등락률:MISSING_ELASTICITY,SOURCE_DATA_GAP,PRICE_ELASTICITY_20D,FALSE,MULTI_BLOCKER_SOURCE_LANE
439260,대한조선,KOSPI,4,EV/EBITDA:EV_EBITDA_INPUT:EMPTY_AS_ZERO:NO_EXACT_CANDIDATE,SOURCE_DATA_GAP,EXACT_DA_SOURCE,FALSE,MULTI_BLOCKER_SOURCE_LANE
439260,대한조선,KOSPI,4,영업현금흐름:MISSING_OCF_MARGIN_INPUT,SOURCE_DATA_GAP,OCF_AND_REVENUE_SOURCE,FALSE,MULTI_BLOCKER_SOURCE_LANE
439260,대한조선,KOSPI,4,최근 분기 실적 가속·둔화:MISSING_ACCEL_INPUT,SOURCE_DATA_GAP,INVESTMENT_SCORE_SOURCE_CACHE,FALSE,MULTI_BLOCKER_SOURCE_LANE
439260,대한조선,KOSPI,4,하루평균 절대등락률:MISSING_ELASTICITY,SOURCE_DATA_GAP,PRICE_ELASTICITY_20D,FALSE,MULTI_BLOCKER_SOURCE_LANE
448730,삼성FN리츠,KOSPI,4,EV/EBITDA:EV_EBITDA_INPUT:OK:NO_EXACT_CANDIDATE,SOURCE_DATA_GAP,EXACT_DA_SOURCE,FALSE,MULTI_BLOCKER_SOURCE_LANE
448730,삼성FN리츠,KOSPI,4,영업현금흐름:MISSING_OCF_MARGIN_INPUT,SOURCE_DATA_GAP,OCF_AND_REVENUE_SOURCE,FALSE,MULTI_BLOCKER_SOURCE_LANE
448730,삼성FN리츠,KOSPI,4,최근 분기 실적 가속·둔화:MISSING_ACCEL_INPUT,SOURCE_DATA_GAP,INVESTMENT_SCORE_SOURCE_CACHE,FALSE,MULTI_BLOCKER_SOURCE_LANE
448730,삼성FN리츠,KOSPI,4,하루평균 절대등락률:MISSING_ELASTICITY,SOURCE_DATA_GAP,PRICE_ELASTICITY_20D,FALSE,MULTI_BLOCKER_SOURCE_LANE
000040,KR모터스,KOSPI,5,EV/EBITDA:EV_EBITDA_INPUT:OK:NO_EXACT_CANDIDATE,SOURCE_DATA_GAP,EXACT_DA_SOURCE,FALSE,MULTI_BLOCKER_SOURCE_LANE
000040,KR모터스,KOSPI,5,과열·급락 위험:MISSING_RISK_INPUT,SOURCE_DATA_GAP,PRODUCTION_PRICE_METRICS,FALSE,MULTI_BLOCKER_SOURCE_LANE
000040,KR모터스,KOSPI,5,기간 저가·고가 대비 현재위치:MISSING_POSITION,SOURCE_DATA_GAP,PRODUCTION_PRICE_METRICS,FALSE,MULTI_BLOCKER_SOURCE_LANE
000040,KR모터스,KOSPI,5,영업현금흐름:MISSING_OCF_MARGIN_INPUT,SOURCE_DATA_GAP,OCF_AND_REVENUE_SOURCE,FALSE,MULTI_BLOCKER_SOURCE_LANE
000040,KR모터스,KOSPI,5,하루평균 절대등락률:MISSING_ELASTICITY,SOURCE_DATA_GAP,PRICE_ELASTICITY_20D,FALSE,MULTI_BLOCKER_SOURCE_LANE
000850,화천기공,KOSPI,5,EV/EBITDA:EV_EBITDA_INPUT:OK:NO_EXACT_CANDIDATE,SOURCE_DATA_GAP,EXACT_DA_SOURCE,FALSE,MULTI_BLOCKER_SOURCE_LANE
000850,화천기공,KOSPI,5,수급·공시부담:SUPPLY_LIMITED_NO_POSITIVE_EVIDENCE,SOURCE_EVIDENCE_GAP,PRODUCTION_ANALYSIS_SUPPLY,FALSE,MULTI_BLOCKER_SOURCE_LANE
000850,화천기공,KOSPI,5,영업현금흐름:MISSING_OCF_MARGIN_INPUT,SOURCE_DATA_GAP,OCF_AND_REVENUE_SOURCE,FALSE,MULTI_BLOCKER_SOURCE_LANE
000850,화천기공,KOSPI,5,최근 분기 실적 가속·둔화:ANNUAL_OP_DENOM_NONPOSITIVE,POLICY_SEMANTIC_BLOCKER,V880_SCORING_CONTRACT,FALSE,POLICY_SEMANTIC_DEFER
000850,화천기공,KOSPI,5,하루평균 절대등락률:MISSING_ELASTICITY,SOURCE_DATA_GAP,PRICE_ELASTICITY_20D,FALSE,MULTI_BLOCKER_SOURCE_LANE
002070,비비안,KOSPI,5,EV/EBITDA:EV_EBITDA_INPUT:EMPTY_AS_ZERO:NO_EXACT_CANDIDATE,SOURCE_DATA_GAP,EXACT_DA_SOURCE,FALSE,MULTI_BLOCKER_SOURCE_LANE
002070,비비안,KOSPI,5,과열·급락 위험:MISSING_RISK_INPUT,SOURCE_DATA_GAP,PRODUCTION_PRICE_METRICS,FALSE,MULTI_BLOCKER_SOURCE_LANE
002070,비비안,KOSPI,5,기간 저가·고가 대비 현재위치:MISSING_POSITION,SOURCE_DATA_GAP,PRODUCTION_PRICE_METRICS,FALSE,MULTI_BLOCKER_SOURCE_LANE
002070,비비안,KOSPI,5,영업현금흐름:MISSING_OCF_MARGIN_INPUT,SOURCE_DATA_GAP,OCF_AND_REVENUE_SOURCE,FALSE,MULTI_BLOCKER_SOURCE_LANE
002070,비비안,KOSPI,5,하루평균 절대등락률:MISSING_ELASTICITY,SOURCE_DATA_GAP,PRICE_ELASTICITY_20D,FALSE,MULTI_BLOCKER_SOURCE_LANE
003060,에이프로젠바이오로직스,KOSPI,5,EV/EBITDA:EV_EBITDA_INPUT:OK:NO_EXACT_CANDIDATE,SOURCE_DATA_GAP,EXACT_DA_SOURCE,FALSE,MULTI_BLOCKER_SOURCE_LANE
003060,에이프로젠바이오로직스,KOSPI,5,과열·급락 위험:MISSING_RISK_INPUT,SOURCE_DATA_GAP,PRODUCTION_PRICE_METRICS,FALSE,MULTI_BLOCKER_SOURCE_LANE
003060,에이프로젠바이오로직스,KOSPI,5,영업현금흐름:MISSING_OCF_MARGIN_INPUT,SOURCE_DATA_GAP,OCF_AND_REVENUE_SOURCE,FALSE,MULTI_BLOCKER_SOURCE_LANE
003060,에이프로젠바이오로직스,KOSPI,5,최근 분기 실적 가속·둔화:ANNUAL_OP_DENOM_NONPOSITIVE,POLICY_SEMANTIC_BLOCKER,V880_SCORING_CONTRACT,FALSE,POLICY_SEMANTIC_DEFER
003060,에이프로젠바이오로직스,KOSPI,5,하루평균 절대등락률:MISSING_ELASTICITY,SOURCE_DATA_GAP,PRICE_ELASTICITY_20D,FALSE,MULTI_BLOCKER_SOURCE_LANE
006220,제주은행,KOSPI,5,매출 성장과 안정성:MISSING_REVENUE_GROWTH_INPUT,SOURCE_DATA_GAP,INVESTMENT_SCORE_SOURCE_CACHE,FALSE,MULTI_BLOCKER_SOURCE_LANE
006220,제주은행,KOSPI,5,수급·공시부담:SUPPLY_LIMITED_NO_POSITIVE_EVIDENCE,SOURCE_EVIDENCE_GAP,PRODUCTION_ANALYSIS_SUPPLY,FALSE,MULTI_BLOCKER_SOURCE_LANE
006220,제주은행,KOSPI,5,최근 3년 매출 성장률:MISSING_3Y_REVENUE,SOURCE_DATA_GAP,INVESTMENT_SCORE_SOURCE_CACHE,FALSE,MULTI_BLOCKER_SOURCE_LANE
006220,제주은행,KOSPI,5,최근 분기 실적 가속·둔화:MISSING_ACCEL_INPUT,SOURCE_DATA_GAP,INVESTMENT_SCORE_SOURCE_CACHE,FALSE,MULTI_BLOCKER_SOURCE_LANE
006220,제주은행,KOSPI,5,하루평균 절대등락률:MISSING_ELASTICITY,SOURCE_DATA_GAP,PRICE_ELASTICITY_20D,FALSE,MULTI_BLOCKER_SOURCE_LANE
095720,웅진씽크빅,KOSPI,5,EV/EBITDA:EV_EBITDA_INPUT:OK:NO_EXACT_CANDIDATE,SOURCE_DATA_GAP,EXACT_DA_SOURCE,FALSE,MULTI_BLOCKER_SOURCE_LANE
095720,웅진씽크빅,KOSPI,5,과열·급락 위험:MISSING_RISK_INPUT,SOURCE_DATA_GAP,PRODUCTION_PRICE_METRICS,FALSE,MULTI_BLOCKER_SOURCE_LANE
095720,웅진씽크빅,KOSPI,5,수급·공시부담:SUPPLY_LIMITED_NO_POSITIVE_EVIDENCE,SOURCE_EVIDENCE_GAP,PRODUCTION_ANALYSIS_SUPPLY,FALSE,MULTI_BLOCKER_SOURCE_LANE
095720,웅진씽크빅,KOSPI,5,영업현금흐름:MISSING_OCF_MARGIN_INPUT,SOURCE_DATA_GAP,OCF_AND_REVENUE_SOURCE,FALSE,MULTI_BLOCKER_SOURCE_LANE
095720,웅진씽크빅,KOSPI,5,하루평균 절대등락률:MISSING_ELASTICITY,SOURCE_DATA_GAP,PRICE_ELASTICITY_20D,FALSE,MULTI_BLOCKER_SOURCE_LANE
271980,제일약품,KOSPI,5,EV/EBITDA:EV_EBITDA_INPUT:OK:NO_EXACT_CANDIDATE,SOURCE_DATA_GAP,EXACT_DA_SOURCE,FALSE,MULTI_BLOCKER_SOURCE_LANE
271980,제일약품,KOSPI,5,수급·공시부담:SUPPLY_LIMITED_NO_POSITIVE_EVIDENCE,SOURCE_EVIDENCE_GAP,PRODUCTION_ANALYSIS_SUPPLY,FALSE,MULTI_BLOCKER_SOURCE_LANE
271980,제일약품,KOSPI,5,영업현금흐름:MISSING_OCF_MARGIN_INPUT,SOURCE_DATA_GAP,OCF_AND_REVENUE_SOURCE,FALSE,MULTI_BLOCKER_SOURCE_LANE
271980,제일약품,KOSPI,5,최근 분기 실적 가속·둔화:ANNUAL_OP_DENOM_NONPOSITIVE,POLICY_SEMANTIC_BLOCKER,V880_SCORING_CONTRACT,FALSE,POLICY_SEMANTIC_DEFER
271980,제일약품,KOSPI,5,하루평균 절대등락률:MISSING_ELASTICITY,SOURCE_DATA_GAP,PRICE_ELASTICITY_20D,FALSE,MULTI_BLOCKER_SOURCE_LANE
499790,GS피앤엘,KOSPI,5,매출 성장과 안정성:MISSING_REVENUE_GROWTH_INPUT,SOURCE_DATA_GAP,INVESTMENT_SCORE_SOURCE_CACHE,FALSE,MULTI_BLOCKER_SOURCE_LANE
499790,GS피앤엘,KOSPI,5,수급·공시부담:SUPPLY_LIMITED_NO_POSITIVE_EVIDENCE,SOURCE_EVIDENCE_GAP,PRODUCTION_ANALYSIS_SUPPLY,FALSE,MULTI_BLOCKER_SOURCE_LANE
499790,GS피앤엘,KOSPI,5,최근 3년 매출 성장률:MISSING_3Y_REVENUE,SOURCE_DATA_GAP,INVESTMENT_SCORE_SOURCE_CACHE,FALSE,MULTI_BLOCKER_SOURCE_LANE
499790,GS피앤엘,KOSPI,5,최근 3년 영업이익 성장률:MISSING_3Y_OP,SOURCE_DATA_GAP,INVESTMENT_SCORE_SOURCE_CACHE,FALSE,MULTI_BLOCKER_SOURCE_LANE
499790,GS피앤엘,KOSPI,5,최근 분기 실적 가속·둔화:ANNUAL_OP_DENOM_NONPOSITIVE,POLICY_SEMANTIC_BLOCKER,V880_SCORING_CONTRACT,FALSE,POLICY_SEMANTIC_DEFER
002780,진흥기업,KOSPI,6,EV/EBITDA:EV_EBITDA_INPUT:OK:NO_EXACT_CANDIDATE,SOURCE_DATA_GAP,EXACT_DA_SOURCE,FALSE,MULTI_BLOCKER_SOURCE_LANE
002780,진흥기업,KOSPI,6,과열·급락 위험:MISSING_RISK_INPUT,SOURCE_DATA_GAP,PRODUCTION_PRICE_METRICS,FALSE,MULTI_BLOCKER_SOURCE_LANE
002780,진흥기업,KOSPI,6,기간 저가·고가 대비 현재위치:MISSING_POSITION,SOURCE_DATA_GAP,PRODUCTION_PRICE_METRICS,FALSE,MULTI_BLOCKER_SOURCE_LANE
002780,진흥기업,KOSPI,6,영업현금흐름:MISSING_OCF_MARGIN_INPUT,SOURCE_DATA_GAP,OCF_AND_REVENUE_SOURCE,FALSE,MULTI_BLOCKER_SOURCE_LANE
002780,진흥기업,KOSPI,6,최근 분기 실적 가속·둔화:ANNUAL_OP_DENOM_NONPOSITIVE,POLICY_SEMANTIC_BLOCKER,V880_SCORING_CONTRACT,FALSE,POLICY_SEMANTIC_DEFER
002780,진흥기업,KOSPI,6,하루평균 절대등락률:MISSING_ELASTICITY,SOURCE_DATA_GAP,PRICE_ELASTICITY_20D,FALSE,MULTI_BLOCKER_SOURCE_LANE
006490,프리티,KOSPI,6,EV/EBITDA:EV_EBITDA_INPUT:OK:NO_EXACT_CANDIDATE,SOURCE_DATA_GAP,EXACT_DA_SOURCE,FALSE,MULTI_BLOCKER_SOURCE_LANE
006490,프리티,KOSPI,6,과열·급락 위험:MISSING_RISK_INPUT,SOURCE_DATA_GAP,PRODUCTION_PRICE_METRICS,FALSE,MULTI_BLOCKER_SOURCE_LANE
006490,프리티,KOSPI,6,기간 저가·고가 대비 현재위치:MISSING_POSITION,SOURCE_DATA_GAP,PRODUCTION_PRICE_METRICS,FALSE,MULTI_BLOCKER_SOURCE_LANE
006490,프리티,KOSPI,6,영업현금흐름:MISSING_OCF_MARGIN_INPUT,SOURCE_DATA_GAP,OCF_AND_REVENUE_SOURCE,FALSE,MULTI_BLOCKER_SOURCE_LANE
006490,프리티,KOSPI,6,최근 분기 실적 가속·둔화:ANNUAL_OP_DENOM_NONPOSITIVE,POLICY_SEMANTIC_BLOCKER,V880_SCORING_CONTRACT,FALSE,POLICY_SEMANTIC_DEFER
006490,프리티,KOSPI,6,하루평균 절대등락률:MISSING_ELASTICITY,SOURCE_DATA_GAP,PRICE_ELASTICITY_20D,FALSE,MULTI_BLOCKER_SOURCE_LANE
007610,선도전기,KOSPI,6,EV/EBITDA:EV_EBITDA_INPUT:EMPTY_AS_ZERO:NO_EXACT_CANDIDATE,SOURCE_DATA_GAP,EXACT_DA_SOURCE,FALSE,MULTI_BLOCKER_SOURCE_LANE
007610,선도전기,KOSPI,6,과열·급락 위험:MISSING_RISK_INPUT,SOURCE_DATA_GAP,PRODUCTION_PRICE_METRICS,FALSE,MULTI_BLOCKER_SOURCE_LANE
007610,선도전기,KOSPI,6,수급·공시부담:SUPPLY_LIMITED_NO_POSITIVE_EVIDENCE,SOURCE_EVIDENCE_GAP,PRODUCTION_ANALYSIS_SUPPLY,FALSE,MULTI_BLOCKER_SOURCE_LANE
007610,선도전기,KOSPI,6,영업현금흐름:MISSING_OCF_MARGIN_INPUT,SOURCE_DATA_GAP,OCF_AND_REVENUE_SOURCE,FALSE,MULTI_BLOCKER_SOURCE_LANE
007610,선도전기,KOSPI,6,최근 분기 실적 가속·둔화:ANNUAL_OP_DENOM_NONPOSITIVE,POLICY_SEMANTIC_BLOCKER,V880_SCORING_CONTRACT,FALSE,POLICY_SEMANTIC_DEFER
007610,선도전기,KOSPI,6,하루평균 절대등락률:MISSING_ELASTICITY,SOURCE_DATA_GAP,PRICE_ELASTICITY_20D,FALSE,MULTI_BLOCKER_SOURCE_LANE
015260,에이엔피,KOSPI,7,EV/EBITDA:EV_EBITDA_INPUT:OK:NO_EXACT_CANDIDATE,SOURCE_DATA_GAP,EXACT_DA_SOURCE,FALSE,MULTI_BLOCKER_SOURCE_LANE
015260,에이엔피,KOSPI,7,과열·급락 위험:MISSING_RISK_INPUT,SOURCE_DATA_GAP,PRODUCTION_PRICE_METRICS,FALSE,MULTI_BLOCKER_SOURCE_LANE
015260,에이엔피,KOSPI,7,기간 저가·고가 대비 현재위치:MISSING_POSITION,SOURCE_DATA_GAP,PRODUCTION_PRICE_METRICS,FALSE,MULTI_BLOCKER_SOURCE_LANE
015260,에이엔피,KOSPI,7,수급·공시부담:SUPPLY_LIMITED_NO_POSITIVE_EVIDENCE,SOURCE_EVIDENCE_GAP,PRODUCTION_ANALYSIS_SUPPLY,FALSE,MULTI_BLOCKER_SOURCE_LANE
015260,에이엔피,KOSPI,7,영업현금흐름:MISSING_OCF_MARGIN_INPUT,SOURCE_DATA_GAP,OCF_AND_REVENUE_SOURCE,FALSE,MULTI_BLOCKER_SOURCE_LANE
015260,에이엔피,KOSPI,7,최근 분기 실적 가속·둔화:ANNUAL_OP_DENOM_NONPOSITIVE,POLICY_SEMANTIC_BLOCKER,V880_SCORING_CONTRACT,FALSE,POLICY_SEMANTIC_DEFER
015260,에이엔피,KOSPI,7,하루평균 절대등락률:MISSING_ELASTICITY,SOURCE_DATA_GAP,PRICE_ELASTICITY_20D,FALSE,MULTI_BLOCKER_SOURCE_LANE
078935,GS우,KOSPI,10,PBR:MISSING_PBR_OR_ROE,SOURCE_DATA_GAP,FINANCIAL_VALUATION_CACHE,FALSE,MULTI_BLOCKER_SOURCE_LANE
078935,GS우,KOSPI,10,PER:MISSING_PER,SOURCE_DATA_GAP,FINANCIAL_VALUATION_CACHE,FALSE,MULTI_BLOCKER_SOURCE_LANE
078935,GS우,KOSPI,10,ROE:MISSING_ROE,SOURCE_DATA_GAP,FINANCIAL_VALUATION_CACHE,FALSE,MULTI_BLOCKER_SOURCE_LANE
078935,GS우,KOSPI,10,매출 성장과 안정성:MISSING_REVENUE_GROWTH_INPUT,SOURCE_DATA_GAP,INVESTMENT_SCORE_SOURCE_CACHE,FALSE,MULTI_BLOCKER_SOURCE_LANE
078935,GS우,KOSPI,10,수급·공시부담:SUPPLY_LIMITED_NO_POSITIVE_EVIDENCE,SOURCE_EVIDENCE_GAP,PRODUCTION_ANALYSIS_SUPPLY,FALSE,MULTI_BLOCKER_SOURCE_LANE
078935,GS우,KOSPI,10,순이익 흐름:MISSING_EARNINGS_TREND,SOURCE_DATA_GAP,FINANCIAL_VALUATION_CACHE,FALSE,MULTI_BLOCKER_SOURCE_LANE
078935,GS우,KOSPI,10,영업이익 성장과 흑자 여부:MISSING_OP_PROFIT,SOURCE_DATA_GAP,FINANCIAL_VALUATION_CACHE,FALSE,MULTI_BLOCKER_SOURCE_LANE
078935,GS우,KOSPI,10,영업이익률:MISSING_MARGIN,SOURCE_DATA_GAP,FINANCIAL_VALUATION_CACHE,FALSE,MULTI_BLOCKER_SOURCE_LANE
078935,GS우,KOSPI,10,하루평균 절대등락률:MISSING_ELASTICITY,SOURCE_DATA_GAP,PRICE_ELASTICITY_20D,FALSE,MULTI_BLOCKER_SOURCE_LANE
078935,GS우,KOSPI,10,흑자 지속성과 이익 안정성:MISSING_EARNINGS_TREND,SOURCE_DATA_GAP,FINANCIAL_VALUATION_CACHE,FALSE,MULTI_BLOCKER_SOURCE_LANE
006125,SK디스커버리우,KOSPI,12,PBR:MISSING_PBR_OR_ROE,SOURCE_DATA_GAP,FINANCIAL_VALUATION_CACHE,FALSE,MULTI_BLOCKER_SOURCE_LANE
006125,SK디스커버리우,KOSPI,12,PER:MISSING_PER,SOURCE_DATA_GAP,FINANCIAL_VALUATION_CACHE,FALSE,MULTI_BLOCKER_SOURCE_LANE
006125,SK디스커버리우,KOSPI,12,ROE:MISSING_ROE,SOURCE_DATA_GAP,FINANCIAL_VALUATION_CACHE,FALSE,MULTI_BLOCKER_SOURCE_LANE
006125,SK디스커버리우,KOSPI,12,매출 성장과 안정성:MISSING_REVENUE_GROWTH_INPUT,SOURCE_DATA_GAP,INVESTMENT_SCORE_SOURCE_CACHE,FALSE,MULTI_BLOCKER_SOURCE_LANE
006125,SK디스커버리우,KOSPI,12,수급·공시부담:SUPPLY_LIMITED_NO_POSITIVE_EVIDENCE,SOURCE_EVIDENCE_GAP,PRODUCTION_ANALYSIS_SUPPLY,FALSE,MULTI_BLOCKER_SOURCE_LANE
006125,SK디스커버리우,KOSPI,12,순이익 흐름:MISSING_EARNINGS_TREND,SOURCE_DATA_GAP,FINANCIAL_VALUATION_CACHE,FALSE,MULTI_BLOCKER_SOURCE_LANE
006125,SK디스커버리우,KOSPI,12,영업이익 성장과 흑자 여부:MISSING_OP_PROFIT,SOURCE_DATA_GAP,FINANCIAL_VALUATION_CACHE,FALSE,MULTI_BLOCKER_SOURCE_LANE
006125,SK디스커버리우,KOSPI,12,영업이익률:MISSING_MARGIN,SOURCE_DATA_GAP,FINANCIAL_VALUATION_CACHE,FALSE,MULTI_BLOCKER_SOURCE_LANE
006125,SK디스커버리우,KOSPI,12,최근 3년 매출 성장률:MISSING_3Y_REVENUE,SOURCE_DATA_GAP,INVESTMENT_SCORE_SOURCE_CACHE,FALSE,MULTI_BLOCKER_SOURCE_LANE
006125,SK디스커버리우,KOSPI,12,최근 3년 영업이익 성장률:MISSING_3Y_OP,SOURCE_DATA_GAP,INVESTMENT_SCORE_SOURCE_CACHE,FALSE,MULTI_BLOCKER_SOURCE_LANE
006125,SK디스커버리우,KOSPI,12,최근 분기 실적 가속·둔화:MISSING_ACCEL_INPUT,SOURCE_DATA_GAP,INVESTMENT_SCORE_SOURCE_CACHE,FALSE,MULTI_BLOCKER_SOURCE_LANE
006125,SK디스커버리우,KOSPI,12,흑자 지속성과 이익 안정성:MISSING_EARNINGS_TREND,SOURCE_DATA_GAP,FINANCIAL_VALUATION_CACHE,FALSE,MULTI_BLOCKER_SOURCE_LANE
000545,흥국화재우,KOSPI,13,PBR:MISSING_PBR_OR_ROE,SOURCE_DATA_GAP,FINANCIAL_VALUATION_CACHE,FALSE,MULTI_BLOCKER_SOURCE_LANE
000545,흥국화재우,KOSPI,13,PER:MISSING_PER,SOURCE_DATA_GAP,FINANCIAL_VALUATION_CACHE,FALSE,MULTI_BLOCKER_SOURCE_LANE
000545,흥국화재우,KOSPI,13,ROE:MISSING_ROE,SOURCE_DATA_GAP,FINANCIAL_VALUATION_CACHE,FALSE,MULTI_BLOCKER_SOURCE_LANE
000545,흥국화재우,KOSPI,13,매출 성장과 안정성:MISSING_REVENUE_GROWTH_INPUT,SOURCE_DATA_GAP,INVESTMENT_SCORE_SOURCE_CACHE,FALSE,MULTI_BLOCKER_SOURCE_LANE
000545,흥국화재우,KOSPI,13,수급·공시부담:SUPPLY_LIMITED_NO_POSITIVE_EVIDENCE,SOURCE_EVIDENCE_GAP,PRODUCTION_ANALYSIS_SUPPLY,FALSE,MULTI_BLOCKER_SOURCE_LANE
000545,흥국화재우,KOSPI,13,순이익 흐름:MISSING_EARNINGS_TREND,SOURCE_DATA_GAP,FINANCIAL_VALUATION_CACHE,FALSE,MULTI_BLOCKER_SOURCE_LANE
000545,흥국화재우,KOSPI,13,영업이익 성장과 흑자 여부:MISSING_OP_PROFIT,SOURCE_DATA_GAP,FINANCIAL_VALUATION_CACHE,FALSE,MULTI_BLOCKER_SOURCE_LANE
000545,흥국화재우,KOSPI,13,영업이익률:MISSING_MARGIN,SOURCE_DATA_GAP,FINANCIAL_VALUATION_CACHE,FALSE,MULTI_BLOCKER_SOURCE_LANE
000545,흥국화재우,KOSPI,13,최근 3년 매출 성장률:MISSING_3Y_REVENUE,SOURCE_DATA_GAP,INVESTMENT_SCORE_SOURCE_CACHE,FALSE,MULTI_BLOCKER_SOURCE_LANE
000545,흥국화재우,KOSPI,13,최근 3년 영업이익 성장률:MISSING_3Y_OP,SOURCE_DATA_GAP,INVESTMENT_SCORE_SOURCE_CACHE,FALSE,MULTI_BLOCKER_SOURCE_LANE
000545,흥국화재우,KOSPI,13,최근 분기 실적 가속·둔화:MISSING_ACCEL_INPUT,SOURCE_DATA_GAP,INVESTMENT_SCORE_SOURCE_CACHE,FALSE,MULTI_BLOCKER_SOURCE_LANE
000545,흥국화재우,KOSPI,13,하루평균 절대등락률:MISSING_ELASTICITY,SOURCE_DATA_GAP,PRICE_ELASTICITY_20D,FALSE,MULTI_BLOCKER_SOURCE_LANE
000545,흥국화재우,KOSPI,13,흑자 지속성과 이익 안정성:MISSING_EARNINGS_TREND,SOURCE_DATA_GAP,FINANCIAL_VALUATION_CACHE,FALSE,MULTI_BLOCKER_SOURCE_LANE
000225,유유제약1우,KOSPI,15,EV/EBITDA:EV_EBITDA_INPUT:EMPTY_AS_ZERO:NO_EXACT_CANDIDATE,SOURCE_DATA_GAP,EXACT_DA_SOURCE,FALSE,MULTI_BLOCKER_SOURCE_LANE
000225,유유제약1우,KOSPI,15,PBR:MISSING_PBR_OR_ROE,SOURCE_DATA_GAP,FINANCIAL_VALUATION_CACHE,FALSE,MULTI_BLOCKER_SOURCE_LANE
000225,유유제약1우,KOSPI,15,PER:MISSING_PER,SOURCE_DATA_GAP,FINANCIAL_VALUATION_CACHE,FALSE,MULTI_BLOCKER_SOURCE_LANE
000225,유유제약1우,KOSPI,15,PSR 또는 대체 가치지표:MISSING_PSR_INPUT,SOURCE_DATA_GAP,FINANCIAL_AND_RAW_SOURCE,FALSE,MULTI_BLOCKER_SOURCE_LANE
000225,유유제약1우,KOSPI,15,ROE:MISSING_ROE,SOURCE_DATA_GAP,FINANCIAL_VALUATION_CACHE,FALSE,MULTI_BLOCKER_SOURCE_LANE
000225,유유제약1우,KOSPI,15,매출 성장과 안정성:MISSING_REVENUE_GROWTH_INPUT,SOURCE_DATA_GAP,INVESTMENT_SCORE_SOURCE_CACHE,FALSE,MULTI_BLOCKER_SOURCE_LANE
000225,유유제약1우,KOSPI,15,부채비율:MISSING_DEBT_RATIO,SOURCE_DATA_GAP,FINANCIAL_VALUATION_CACHE,FALSE,MULTI_BLOCKER_SOURCE_LANE
000225,유유제약1우,KOSPI,15,수급·공시부담:SUPPLY_LIMITED_NO_POSITIVE_EVIDENCE,SOURCE_EVIDENCE_GAP,PRODUCTION_ANALYSIS_SUPPLY,FALSE,MULTI_BLOCKER_SOURCE_LANE
000225,유유제약1우,KOSPI,15,순이익 흐름:MISSING_EARNINGS_TREND,SOURCE_DATA_GAP,FINANCIAL_VALUATION_CACHE,FALSE,MULTI_BLOCKER_SOURCE_LANE
000225,유유제약1우,KOSPI,15,순현금·기업가치 상태:NETCASH_INPUT:EMPTY_AS_ZERO,SOURCE_DATA_GAP,NETCASH_INPUT,FALSE,MULTI_BLOCKER_SOURCE_LANE
000225,유유제약1우,KOSPI,15,영업이익 성장과 흑자 여부:MISSING_OP_PROFIT,SOURCE_DATA_GAP,FINANCIAL_VALUATION_CACHE,FALSE,MULTI_BLOCKER_SOURCE_LANE
000225,유유제약1우,KOSPI,15,영업이익률:MISSING_MARGIN,SOURCE_DATA_GAP,FINANCIAL_VALUATION_CACHE,FALSE,MULTI_BLOCKER_SOURCE_LANE
000225,유유제약1우,KOSPI,15,영업현금흐름:MISSING_OCF_MARGIN_INPUT,SOURCE_DATA_GAP,OCF_AND_REVENUE_SOURCE,FALSE,MULTI_BLOCKER_SOURCE_LANE
000225,유유제약1우,KOSPI,15,하루평균 절대등락률:MISSING_ELASTICITY,SOURCE_DATA_GAP,PRICE_ELASTICITY_20D,FALSE,MULTI_BLOCKER_SOURCE_LANE
000225,유유제약1우,KOSPI,15,흑자 지속성과 이익 안정성:MISSING_EARNINGS_TREND,SOURCE_DATA_GAP,FINANCIAL_VALUATION_CACHE,FALSE,MULTI_BLOCKER_SOURCE_LANE
108675,LX하우시스우,KOSPI,17,EV/EBITDA:EV_EBITDA_INPUT:NO_EXACT_CANDIDATE:NO_EXACT_CANDIDATE,SOURCE_DATA_GAP,EXACT_DA_SOURCE,FALSE,MULTI_BLOCKER_SOURCE_LANE
108675,LX하우시스우,KOSPI,17,PBR:MISSING_PBR_OR_ROE,SOURCE_DATA_GAP,FINANCIAL_VALUATION_CACHE,FALSE,MULTI_BLOCKER_SOURCE_LANE
108675,LX하우시스우,KOSPI,17,PER:MISSING_PER,SOURCE_DATA_GAP,FINANCIAL_VALUATION_CACHE,FALSE,MULTI_BLOCKER_SOURCE_LANE
108675,LX하우시스우,KOSPI,17,PSR 또는 대체 가치지표:MISSING_PSR_INPUT,SOURCE_DATA_GAP,FINANCIAL_AND_RAW_SOURCE,FALSE,MULTI_BLOCKER_SOURCE_LANE
108675,LX하우시스우,KOSPI,17,ROE:MISSING_ROE,SOURCE_DATA_GAP,FINANCIAL_VALUATION_CACHE,FALSE,MULTI_BLOCKER_SOURCE_LANE
108675,LX하우시스우,KOSPI,17,매출 성장과 안정성:MISSING_REVENUE_GROWTH_INPUT,SOURCE_DATA_GAP,INVESTMENT_SCORE_SOURCE_CACHE,FALSE,MULTI_BLOCKER_SOURCE_LANE
108675,LX하우시스우,KOSPI,17,부채비율:MISSING_DEBT_RATIO,SOURCE_DATA_GAP,FINANCIAL_VALUATION_CACHE,FALSE,MULTI_BLOCKER_SOURCE_LANE
108675,LX하우시스우,KOSPI,17,수급·공시부담:SUPPLY_LIMITED_NO_POSITIVE_EVIDENCE,SOURCE_EVIDENCE_GAP,PRODUCTION_ANALYSIS_SUPPLY,FALSE,MULTI_BLOCKER_SOURCE_LANE
108675,LX하우시스우,KOSPI,17,순이익 흐름:MISSING_EARNINGS_TREND,SOURCE_DATA_GAP,FINANCIAL_VALUATION_CACHE,FALSE,MULTI_BLOCKER_SOURCE_LANE
108675,LX하우시스우,KOSPI,17,순현금·기업가치 상태:NETCASH_INPUT:NO_EXACT_CANDIDATE,SOURCE_DATA_GAP,NETCASH_INPUT,FALSE,MULTI_BLOCKER_SOURCE_LANE
108675,LX하우시스우,KOSPI,17,영업이익 성장과 흑자 여부:MISSING_OP_PROFIT,SOURCE_DATA_GAP,FINANCIAL_VALUATION_CACHE,FALSE,MULTI_BLOCKER_SOURCE_LANE
108675,LX하우시스우,KOSPI,17,영업이익률:MISSING_MARGIN,SOURCE_DATA_GAP,FINANCIAL_VALUATION_CACHE,FALSE,MULTI_BLOCKER_SOURCE_LANE
108675,LX하우시스우,KOSPI,17,영업현금흐름:MISSING_OCF_MARGIN_INPUT,SOURCE_DATA_GAP,OCF_AND_REVENUE_SOURCE,FALSE,MULTI_BLOCKER_SOURCE_LANE
108675,LX하우시스우,KOSPI,17,최근 3년 매출 성장률:MISSING_3Y_REVENUE,SOURCE_DATA_GAP,INVESTMENT_SCORE_SOURCE_CACHE,FALSE,MULTI_BLOCKER_SOURCE_LANE
108675,LX하우시스우,KOSPI,17,최근 3년 영업이익 성장률:MISSING_3Y_OP,SOURCE_DATA_GAP,INVESTMENT_SCORE_SOURCE_CACHE,FALSE,MULTI_BLOCKER_SOURCE_LANE
108675,LX하우시스우,KOSPI,17,최근 분기 실적 가속·둔화:MISSING_ACCEL_INPUT,SOURCE_DATA_GAP,INVESTMENT_SCORE_SOURCE_CACHE,FALSE,MULTI_BLOCKER_SOURCE_LANE
108675,LX하우시스우,KOSPI,17,흑자 지속성과 이익 안정성:MISSING_EARNINGS_TREND,SOURCE_DATA_GAP,FINANCIAL_VALUATION_CACHE,FALSE,MULTI_BLOCKER_SOURCE_LANE
326030,SK바이오팜,KOSPI,17,EV/EBITDA:EV_EBITDA_INPUT:NO_EXACT_CANDIDATE:NO_EXACT_CANDIDATE,SOURCE_DATA_GAP,EXACT_DA_SOURCE,FALSE,MULTI_BLOCKER_SOURCE_LANE
326030,SK바이오팜,KOSPI,17,PBR:MISSING_PBR_OR_ROE,SOURCE_DATA_GAP,FINANCIAL_VALUATION_CACHE,FALSE,MULTI_BLOCKER_SOURCE_LANE
326030,SK바이오팜,KOSPI,17,PER:MISSING_PER,SOURCE_DATA_GAP,FINANCIAL_VALUATION_CACHE,FALSE,MULTI_BLOCKER_SOURCE_LANE
326030,SK바이오팜,KOSPI,17,PSR 또는 대체 가치지표:MISSING_PSR_INPUT,SOURCE_DATA_GAP,FINANCIAL_AND_RAW_SOURCE,FALSE,MULTI_BLOCKER_SOURCE_LANE
326030,SK바이오팜,KOSPI,17,ROE:MISSING_ROE,SOURCE_DATA_GAP,FINANCIAL_VALUATION_CACHE,FALSE,MULTI_BLOCKER_SOURCE_LANE
326030,SK바이오팜,KOSPI,17,매출 성장과 안정성:MISSING_REVENUE_GROWTH_INPUT,SOURCE_DATA_GAP,INVESTMENT_SCORE_SOURCE_CACHE,FALSE,MULTI_BLOCKER_SOURCE_LANE
326030,SK바이오팜,KOSPI,17,부채비율:MISSING_DEBT_RATIO,SOURCE_DATA_GAP,FINANCIAL_VALUATION_CACHE,FALSE,MULTI_BLOCKER_SOURCE_LANE
326030,SK바이오팜,KOSPI,17,순이익 흐름:MISSING_EARNINGS_TREND,SOURCE_DATA_GAP,FINANCIAL_VALUATION_CACHE,FALSE,MULTI_BLOCKER_SOURCE_LANE
326030,SK바이오팜,KOSPI,17,순현금·기업가치 상태:NETCASH_INPUT:NO_EXACT_CANDIDATE,SOURCE_DATA_GAP,NETCASH_INPUT,FALSE,MULTI_BLOCKER_SOURCE_LANE
326030,SK바이오팜,KOSPI,17,영업이익 성장과 흑자 여부:MISSING_OP_PROFIT,SOURCE_DATA_GAP,FINANCIAL_VALUATION_CACHE,FALSE,MULTI_BLOCKER_SOURCE_LANE
326030,SK바이오팜,KOSPI,17,영업이익률:MISSING_MARGIN,SOURCE_DATA_GAP,FINANCIAL_VALUATION_CACHE,FALSE,MULTI_BLOCKER_SOURCE_LANE
326030,SK바이오팜,KOSPI,17,영업현금흐름:MISSING_OCF_MARGIN_INPUT,SOURCE_DATA_GAP,OCF_AND_REVENUE_SOURCE,FALSE,MULTI_BLOCKER_SOURCE_LANE
326030,SK바이오팜,KOSPI,17,최근 3년 매출 성장률:MISSING_3Y_REVENUE,SOURCE_DATA_GAP,INVESTMENT_SCORE_SOURCE_CACHE,FALSE,MULTI_BLOCKER_SOURCE_LANE
326030,SK바이오팜,KOSPI,17,최근 3년 영업이익 성장률:MISSING_3Y_OP,SOURCE_DATA_GAP,INVESTMENT_SCORE_SOURCE_CACHE,FALSE,MULTI_BLOCKER_SOURCE_LANE
326030,SK바이오팜,KOSPI,17,최근 분기 실적 가속·둔화:MISSING_ACCEL_INPUT,SOURCE_DATA_GAP,INVESTMENT_SCORE_SOURCE_CACHE,FALSE,MULTI_BLOCKER_SOURCE_LANE
326030,SK바이오팜,KOSPI,17,하루평균 절대등락률:MISSING_ELASTICITY,SOURCE_DATA_GAP,PRICE_ELASTICITY_20D,FALSE,MULTI_BLOCKER_SOURCE_LANE
326030,SK바이오팜,KOSPI,17,흑자 지속성과 이익 안정성:MISSING_EARNINGS_TREND,SOURCE_DATA_GAP,FINANCIAL_VALUATION_CACHE,FALSE,MULTI_BLOCKER_SOURCE_LANE
002787,진흥기업2우B,KOSPI,18,EV/EBITDA:EV_EBITDA_INPUT:OK:NO_EXACT_CANDIDATE,SOURCE_DATA_GAP,EXACT_DA_SOURCE,FALSE,MULTI_BLOCKER_SOURCE_LANE
002787,진흥기업2우B,KOSPI,18,PBR:MISSING_PBR_OR_ROE,SOURCE_DATA_GAP,FINANCIAL_VALUATION_CACHE,FALSE,MULTI_BLOCKER_SOURCE_LANE
002787,진흥기업2우B,KOSPI,18,PER:MISSING_PER,SOURCE_DATA_GAP,FINANCIAL_VALUATION_CACHE,FALSE,MULTI_BLOCKER_SOURCE_LANE
002787,진흥기업2우B,KOSPI,18,PSR 또는 대체 가치지표:MISSING_PSR_INPUT,SOURCE_DATA_GAP,FINANCIAL_AND_RAW_SOURCE,FALSE,MULTI_BLOCKER_SOURCE_LANE
002787,진흥기업2우B,KOSPI,18,ROE:MISSING_ROE,SOURCE_DATA_GAP,FINANCIAL_VALUATION_CACHE,FALSE,MULTI_BLOCKER_SOURCE_LANE
002787,진흥기업2우B,KOSPI,18,과열·급락 위험:MISSING_RISK_INPUT,SOURCE_DATA_GAP,PRODUCTION_PRICE_METRICS,FALSE,MULTI_BLOCKER_SOURCE_LANE
002787,진흥기업2우B,KOSPI,18,기간 저가·고가 대비 현재위치:MISSING_POSITION,SOURCE_DATA_GAP,PRODUCTION_PRICE_METRICS,FALSE,MULTI_BLOCKER_SOURCE_LANE
002787,진흥기업2우B,KOSPI,18,매출 성장과 안정성:MISSING_REVENUE_GROWTH_INPUT,SOURCE_DATA_GAP,INVESTMENT_SCORE_SOURCE_CACHE,FALSE,MULTI_BLOCKER_SOURCE_LANE
002787,진흥기업2우B,KOSPI,18,부채비율:MISSING_DEBT_RATIO,SOURCE_DATA_GAP,FINANCIAL_VALUATION_CACHE,FALSE,MULTI_BLOCKER_SOURCE_LANE
002787,진흥기업2우B,KOSPI,18,수급·공시부담:SUPPLY_LIMITED_NO_POSITIVE_EVIDENCE,SOURCE_EVIDENCE_GAP,PRODUCTION_ANALYSIS_SUPPLY,FALSE,MULTI_BLOCKER_SOURCE_LANE
002787,진흥기업2우B,KOSPI,18,순이익 흐름:MISSING_EARNINGS_TREND,SOURCE_DATA_GAP,FINANCIAL_VALUATION_CACHE,FALSE,MULTI_BLOCKER_SOURCE_LANE
002787,진흥기업2우B,KOSPI,18,순현금·기업가치 상태:NETCASH_INPUT:OK,SOURCE_DATA_GAP,NETCASH_INPUT,FALSE,MULTI_BLOCKER_SOURCE_LANE
002787,진흥기업2우B,KOSPI,18,영업이익 성장과 흑자 여부:MISSING_OP_PROFIT,SOURCE_DATA_GAP,FINANCIAL_VALUATION_CACHE,FALSE,MULTI_BLOCKER_SOURCE_LANE
002787,진흥기업2우B,KOSPI,18,영업이익률:MISSING_MARGIN,SOURCE_DATA_GAP,FINANCIAL_VALUATION_CACHE,FALSE,MULTI_BLOCKER_SOURCE_LANE
002787,진흥기업2우B,KOSPI,18,영업현금흐름:MISSING_OCF_MARGIN_INPUT,SOURCE_DATA_GAP,OCF_AND_REVENUE_SOURCE,FALSE,MULTI_BLOCKER_SOURCE_LANE
002787,진흥기업2우B,KOSPI,18,최근 분기 실적 가속·둔화:ANNUAL_OP_DENOM_NONPOSITIVE,POLICY_SEMANTIC_BLOCKER,V880_SCORING_CONTRACT,FALSE,POLICY_SEMANTIC_DEFER
002787,진흥기업2우B,KOSPI,18,하루평균 절대등락률:MISSING_ELASTICITY,SOURCE_DATA_GAP,PRICE_ELASTICITY_20D,FALSE,MULTI_BLOCKER_SOURCE_LANE
002787,진흥기업2우B,KOSPI,18,흑자 지속성과 이익 안정성:MISSING_EARNINGS_TREND,SOURCE_DATA_GAP,FINANCIAL_VALUATION_CACHE,FALSE,MULTI_BLOCKER_SOURCE_LANE
004255,NPC우,KOSPI,18,EV/EBITDA:EV_EBITDA_INPUT:NO_EXACT_CANDIDATE:NO_EXACT_CANDIDATE,SOURCE_DATA_GAP,EXACT_DA_SOURCE,FALSE,MULTI_BLOCKER_SOURCE_LANE
004255,NPC우,KOSPI,18,PBR:MISSING_PBR_OR_ROE,SOURCE_DATA_GAP,FINANCIAL_VALUATION_CACHE,FALSE,MULTI_BLOCKER_SOURCE_LANE
004255,NPC우,KOSPI,18,PER:MISSING_PER,SOURCE_DATA_GAP,FINANCIAL_VALUATION_CACHE,FALSE,MULTI_BLOCKER_SOURCE_LANE
004255,NPC우,KOSPI,18,PSR 또는 대체 가치지표:MISSING_PSR_INPUT,SOURCE_DATA_GAP,FINANCIAL_AND_RAW_SOURCE,FALSE,MULTI_BLOCKER_SOURCE_LANE
004255,NPC우,KOSPI,18,ROE:MISSING_ROE,SOURCE_DATA_GAP,FINANCIAL_VALUATION_CACHE,FALSE,MULTI_BLOCKER_SOURCE_LANE
004255,NPC우,KOSPI,18,매출 성장과 안정성:MISSING_REVENUE_GROWTH_INPUT,SOURCE_DATA_GAP,INVESTMENT_SCORE_SOURCE_CACHE,FALSE,MULTI_BLOCKER_SOURCE_LANE
004255,NPC우,KOSPI,18,부채비율:MISSING_DEBT_RATIO,SOURCE_DATA_GAP,FINANCIAL_VALUATION_CACHE,FALSE,MULTI_BLOCKER_SOURCE_LANE
004255,NPC우,KOSPI,18,수급·공시부담:SUPPLY_LIMITED_NO_POSITIVE_EVIDENCE,SOURCE_EVIDENCE_GAP,PRODUCTION_ANALYSIS_SUPPLY,FALSE,MULTI_BLOCKER_SOURCE_LANE
004255,NPC우,KOSPI,18,순이익 흐름:MISSING_EARNINGS_TREND,SOURCE_DATA_GAP,FINANCIAL_VALUATION_CACHE,FALSE,MULTI_BLOCKER_SOURCE_LANE
004255,NPC우,KOSPI,18,순현금·기업가치 상태:NETCASH_INPUT:NO_EXACT_CANDIDATE,SOURCE_DATA_GAP,NETCASH_INPUT,FALSE,MULTI_BLOCKER_SOURCE_LANE
004255,NPC우,KOSPI,18,영업이익 성장과 흑자 여부:MISSING_OP_PROFIT,SOURCE_DATA_GAP,FINANCIAL_VALUATION_CACHE,FALSE,MULTI_BLOCKER_SOURCE_LANE
004255,NPC우,KOSPI,18,영업이익률:MISSING_MARGIN,SOURCE_DATA_GAP,FINANCIAL_VALUATION_CACHE,FALSE,MULTI_BLOCKER_SOURCE_LANE
004255,NPC우,KOSPI,18,영업현금흐름:MISSING_OCF_MARGIN_INPUT,SOURCE_DATA_GAP,OCF_AND_REVENUE_SOURCE,FALSE,MULTI_BLOCKER_SOURCE_LANE
004255,NPC우,KOSPI,18,최근 3년 매출 성장률:MISSING_3Y_REVENUE,SOURCE_DATA_GAP,INVESTMENT_SCORE_SOURCE_CACHE,FALSE,MULTI_BLOCKER_SOURCE_LANE
004255,NPC우,KOSPI,18,최근 3년 영업이익 성장률:MISSING_3Y_OP,SOURCE_DATA_GAP,INVESTMENT_SCORE_SOURCE_CACHE,FALSE,MULTI_BLOCKER_SOURCE_LANE
004255,NPC우,KOSPI,18,최근 분기 실적 가속·둔화:MISSING_ACCEL_INPUT,SOURCE_DATA_GAP,INVESTMENT_SCORE_SOURCE_CACHE,FALSE,MULTI_BLOCKER_SOURCE_LANE
004255,NPC우,KOSPI,18,하루평균 절대등락률:MISSING_ELASTICITY,SOURCE_DATA_GAP,PRICE_ELASTICITY_20D,FALSE,MULTI_BLOCKER_SOURCE_LANE
004255,NPC우,KOSPI,18,흑자 지속성과 이익 안정성:MISSING_EARNINGS_TREND,SOURCE_DATA_GAP,FINANCIAL_VALUATION_CACHE,FALSE,MULTI_BLOCKER_SOURCE_LANE
009835,한화솔루션우,KOSPI,18,EV/EBITDA:EV_EBITDA_INPUT:NO_EXACT_CANDIDATE:NO_EXACT_CANDIDATE,SOURCE_DATA_GAP,EXACT_DA_SOURCE,FALSE,MULTI_BLOCKER_SOURCE_LANE
009835,한화솔루션우,KOSPI,18,PBR:MISSING_PBR_OR_ROE,SOURCE_DATA_GAP,FINANCIAL_VALUATION_CACHE,FALSE,MULTI_BLOCKER_SOURCE_LANE
009835,한화솔루션우,KOSPI,18,PER:MISSING_PER,SOURCE_DATA_GAP,FINANCIAL_VALUATION_CACHE,FALSE,MULTI_BLOCKER_SOURCE_LANE
009835,한화솔루션우,KOSPI,18,PSR 또는 대체 가치지표:MISSING_PSR_INPUT,SOURCE_DATA_GAP,FINANCIAL_AND_RAW_SOURCE,FALSE,MULTI_BLOCKER_SOURCE_LANE
009835,한화솔루션우,KOSPI,18,ROE:MISSING_ROE,SOURCE_DATA_GAP,FINANCIAL_VALUATION_CACHE,FALSE,MULTI_BLOCKER_SOURCE_LANE
009835,한화솔루션우,KOSPI,18,매출 성장과 안정성:MISSING_REVENUE_GROWTH_INPUT,SOURCE_DATA_GAP,INVESTMENT_SCORE_SOURCE_CACHE,FALSE,MULTI_BLOCKER_SOURCE_LANE
009835,한화솔루션우,KOSPI,18,부채비율:MISSING_DEBT_RATIO,SOURCE_DATA_GAP,FINANCIAL_VALUATION_CACHE,FALSE,MULTI_BLOCKER_SOURCE_LANE
009835,한화솔루션우,KOSPI,18,수급·공시부담:SUPPLY_LIMITED_NO_POSITIVE_EVIDENCE,SOURCE_EVIDENCE_GAP,PRODUCTION_ANALYSIS_SUPPLY,FALSE,MULTI_BLOCKER_SOURCE_LANE
009835,한화솔루션우,KOSPI,18,순이익 흐름:MISSING_EARNINGS_TREND,SOURCE_DATA_GAP,FINANCIAL_VALUATION_CACHE,FALSE,MULTI_BLOCKER_SOURCE_LANE
009835,한화솔루션우,KOSPI,18,순현금·기업가치 상태:NETCASH_INPUT:NO_EXACT_CANDIDATE,SOURCE_DATA_GAP,NETCASH_INPUT,FALSE,MULTI_BLOCKER_SOURCE_LANE
009835,한화솔루션우,KOSPI,18,영업이익 성장과 흑자 여부:MISSING_OP_PROFIT,SOURCE_DATA_GAP,FINANCIAL_VALUATION_CACHE,FALSE,MULTI_BLOCKER_SOURCE_LANE
009835,한화솔루션우,KOSPI,18,영업이익률:MISSING_MARGIN,SOURCE_DATA_GAP,FINANCIAL_VALUATION_CACHE,FALSE,MULTI_BLOCKER_SOURCE_LANE
009835,한화솔루션우,KOSPI,18,영업현금흐름:MISSING_OCF_MARGIN_INPUT,SOURCE_DATA_GAP,OCF_AND_REVENUE_SOURCE,FALSE,MULTI_BLOCKER_SOURCE_LANE
009835,한화솔루션우,KOSPI,18,최근 3년 매출 성장률:MISSING_3Y_REVENUE,SOURCE_DATA_GAP,INVESTMENT_SCORE_SOURCE_CACHE,FALSE,MULTI_BLOCKER_SOURCE_LANE
009835,한화솔루션우,KOSPI,18,최근 3년 영업이익 성장률:MISSING_3Y_OP,SOURCE_DATA_GAP,INVESTMENT_SCORE_SOURCE_CACHE,FALSE,MULTI_BLOCKER_SOURCE_LANE
009835,한화솔루션우,KOSPI,18,최근 분기 실적 가속·둔화:MISSING_ACCEL_INPUT,SOURCE_DATA_GAP,INVESTMENT_SCORE_SOURCE_CACHE,FALSE,MULTI_BLOCKER_SOURCE_LANE
009835,한화솔루션우,KOSPI,18,하루평균 절대등락률:MISSING_ELASTICITY,SOURCE_DATA_GAP,PRICE_ELASTICITY_20D,FALSE,MULTI_BLOCKER_SOURCE_LANE
009835,한화솔루션우,KOSPI,18,흑자 지속성과 이익 안정성:MISSING_EARNINGS_TREND,SOURCE_DATA_GAP,FINANCIAL_VALUATION_CACHE,FALSE,MULTI_BLOCKER_SOURCE_LANE
010120,LS ELECTRIC,KOSPI,18,EV/EBITDA:EV_EBITDA_INPUT:NO_EXACT_CANDIDATE:NO_EXACT_CANDIDATE,SOURCE_DATA_GAP,EXACT_DA_SOURCE,FALSE,MULTI_BLOCKER_SOURCE_LANE
010120,LS ELECTRIC,KOSPI,18,PBR:MISSING_PBR_OR_ROE,SOURCE_DATA_GAP,FINANCIAL_VALUATION_CACHE,FALSE,MULTI_BLOCKER_SOURCE_LANE
010120,LS ELECTRIC,KOSPI,18,PER:MISSING_PER,SOURCE_DATA_GAP,FINANCIAL_VALUATION_CACHE,FALSE,MULTI_BLOCKER_SOURCE_LANE
010120,LS ELECTRIC,KOSPI,18,PSR 또는 대체 가치지표:MISSING_PSR_INPUT,SOURCE_DATA_GAP,FINANCIAL_AND_RAW_SOURCE,FALSE,MULTI_BLOCKER_SOURCE_LANE
010120,LS ELECTRIC,KOSPI,18,ROE:MISSING_ROE,SOURCE_DATA_GAP,FINANCIAL_VALUATION_CACHE,FALSE,MULTI_BLOCKER_SOURCE_LANE
010120,LS ELECTRIC,KOSPI,18,과열·급락 위험:MISSING_RISK_INPUT,SOURCE_DATA_GAP,PRODUCTION_PRICE_METRICS,FALSE,MULTI_BLOCKER_SOURCE_LANE
010120,LS ELECTRIC,KOSPI,18,매출 성장과 안정성:MISSING_REVENUE_GROWTH_INPUT,SOURCE_DATA_GAP,INVESTMENT_SCORE_SOURCE_CACHE,FALSE,MULTI_BLOCKER_SOURCE_LANE
010120,LS ELECTRIC,KOSPI,18,부채비율:MISSING_DEBT_RATIO,SOURCE_DATA_GAP,FINANCIAL_VALUATION_CACHE,FALSE,MULTI_BLOCKER_SOURCE_LANE
010120,LS ELECTRIC,KOSPI,18,순이익 흐름:MISSING_EARNINGS_TREND,SOURCE_DATA_GAP,FINANCIAL_VALUATION_CACHE,FALSE,MULTI_BLOCKER_SOURCE_LANE
010120,LS ELECTRIC,KOSPI,18,순현금·기업가치 상태:NETCASH_INPUT:NO_EXACT_CANDIDATE,SOURCE_DATA_GAP,NETCASH_INPUT,FALSE,MULTI_BLOCKER_SOURCE_LANE
010120,LS ELECTRIC,KOSPI,18,영업이익 성장과 흑자 여부:MISSING_OP_PROFIT,SOURCE_DATA_GAP,FINANCIAL_VALUATION_CACHE,FALSE,MULTI_BLOCKER_SOURCE_LANE
010120,LS ELECTRIC,KOSPI,18,영업이익률:MISSING_MARGIN,SOURCE_DATA_GAP,FINANCIAL_VALUATION_CACHE,FALSE,MULTI_BLOCKER_SOURCE_LANE
010120,LS ELECTRIC,KOSPI,18,영업현금흐름:MISSING_OCF_MARGIN_INPUT,SOURCE_DATA_GAP,OCF_AND_REVENUE_SOURCE,FALSE,MULTI_BLOCKER_SOURCE_LANE
010120,LS ELECTRIC,KOSPI,18,최근 3년 매출 성장률:MISSING_3Y_REVENUE,SOURCE_DATA_GAP,INVESTMENT_SCORE_SOURCE_CACHE,FALSE,MULTI_BLOCKER_SOURCE_LANE
010120,LS ELECTRIC,KOSPI,18,최근 3년 영업이익 성장률:MISSING_3Y_OP,SOURCE_DATA_GAP,INVESTMENT_SCORE_SOURCE_CACHE,FALSE,MULTI_BLOCKER_SOURCE_LANE
010120,LS ELECTRIC,KOSPI,18,최근 분기 실적 가속·둔화:MISSING_ACCEL_INPUT,SOURCE_DATA_GAP,INVESTMENT_SCORE_SOURCE_CACHE,FALSE,MULTI_BLOCKER_SOURCE_LANE
010120,LS ELECTRIC,KOSPI,18,하루평균 절대등락률:MISSING_ELASTICITY,SOURCE_DATA_GAP,PRICE_ELASTICITY_20D,FALSE,MULTI_BLOCKER_SOURCE_LANE
010120,LS ELECTRIC,KOSPI,18,흑자 지속성과 이익 안정성:MISSING_EARNINGS_TREND,SOURCE_DATA_GAP,FINANCIAL_VALUATION_CACHE,FALSE,MULTI_BLOCKER_SOURCE_LANE
