area,item,max_points,source_ready_count,universe_count,coverage_pct,source_state,decision_kind,existing_policy_evidence,empirical_metric,empirical_count,empirical_p25,empirical_p50,empirical_p75,empirical_p90,empirical_mean,distribution_review_flag,score_threshold_defined,score_value_generated
financial,매출 성장과 안정성,5,93,112,83.04,PARTIAL_SOURCE_COVERAGE,RAW_TO_POINT_THRESHOLD_REQUIRED,,,,,,,,,NO_EMPIRICAL_REFERENCE,False,False
financial,영업이익 성장과 흑자 여부,7,93,112,83.04,PARTIAL_SOURCE_COVERAGE,RAW_TO_POINT_THRESHOLD_REQUIRED,,,,,,,,,NO_EMPIRICAL_REFERENCE,False,False
financial,순이익 흐름,3,93,112,83.04,PARTIAL_SOURCE_COVERAGE,RAW_TO_POINT_THRESHOLD_REQUIRED,,,,,,,,,NO_EMPIRICAL_REFERENCE,False,False
financial,영업이익률,4,112,112,100.0,FULL_SOURCE_COVERAGE,RAW_TO_POINT_THRESHOLD_REQUIRED,,operating_margin_pct,99,0.26,4.68,12.35,23.846,50.931818,HIGH_OUTLIER_SENSITIVITY,False,False
financial,ROE,4,112,112,100.0,FULL_SOURCE_COVERAGE,RAW_TO_POINT_THRESHOLD_REQUIRED,,roe_annualized_pct,99,-2.24,5.33,12.98,27.102,-10.383737,HIGH_OUTLIER_SENSITIVITY,False,False
financial,부채비율,3,112,112,100.0,FULL_SOURCE_COVERAGE,RAW_TO_POINT_THRESHOLD_REQUIRED,,debt_ratio_pct,99,44.77,97.5,169.89,393.654,241.181818,HIGH_OUTLIER_SENSITIVITY,False,False
financial,영업현금흐름,4,109,112,97.32,PARTIAL_SOURCE_COVERAGE,NORMALIZATION_AND_THRESHOLD_REQUIRED,,,,,,,,,NO_EMPIRICAL_REFERENCE,False,False
valuation,PER,8,112,112,100.0,FULL_SOURCE_COVERAGE,RAW_TO_POINT_THRESHOLD_REQUIRED,,per_annualized,68,5.715,9.755,18.09,33.691,19.331029,REFERENCE_STABLE_ENOUGH_FOR_REVIEW,False,False
valuation,PBR,5,112,112,100.0,FULL_SOURCE_COVERAGE,RAW_TO_POINT_THRESHOLD_REQUIRED,,pbr,99,0.41,0.9,1.78,4.34,2.257172,HIGH_OUTLIER_SENSITIVITY,False,False
valuation,EV/EBITDA,4,0,112,0.0,NO_SOURCE_VALUE_READY,SOURCE_FORMULA_POLICY_REQUIRED,D&A 원천정책 미정; 값 생성 금지,,,,,,,,NO_EMPIRICAL_REFERENCE,False,False
valuation,PSR 또는 대체 가치지표,3,99,112,88.39,PARTIAL_SOURCE_COVERAGE,FORMULA_AND_THRESHOLD_POLICY_REQUIRED,market_cap/revenue 원천 존재하나 공식 공식계약 없음,,,,,,,,NO_EMPIRICAL_REFERENCE,False,False
growth_value,최근 3년 매출 성장률,4,93,112,83.04,PARTIAL_SOURCE_COVERAGE,GROWTH_FORMULA_AND_THRESHOLD_REQUIRED,3개년 원자료 존재; 공식 성장률 산식계약 없음,,,,,,,,NO_EMPIRICAL_REFERENCE,False,False
growth_value,최근 3년 영업이익 성장률,4,93,112,83.04,PARTIAL_SOURCE_COVERAGE,GROWTH_FORMULA_AND_THRESHOLD_REQUIRED,3개년 원자료 존재; 공식 성장률 산식계약 없음,,,,,,,,NO_EMPIRICAL_REFERENCE,False,False
growth_value,최근 분기 실적 가속·둔화,3,92,112,82.14,PARTIAL_SOURCE_COVERAGE,CLASSIFICATION_AND_THRESHOLD_REQUIRED,,q2_operating_profit_yoy_pct,98,-16.1075,37.395,115.6425,410.479,159.806735,HIGH_OUTLIER_SENSITIVITY,False,False
growth_value,흑자 지속성과 이익 안정성,2,93,112,83.04,PARTIAL_SOURCE_COVERAGE,CATEGORY_TO_POINT_MAPPING_REQUIRED,,,,,,,,,NO_EMPIRICAL_REFERENCE,False,False
growth_value,순현금·기업가치 상태,2,95,112,84.82,PARTIAL_SOURCE_COVERAGE,DEBT_SCOPE_AND_POINT_POLICY_REQUIRED,현금·부채 후보만 존재; 부채범위 미정,,,,,,,,NO_EMPIRICAL_REFERENCE,False,False
price_position,1개월 가격흐름,4,112,112,100.0,FULL_SOURCE_COVERAGE,RAW_TO_POINT_THRESHOLD_REQUIRED,,return_1m_pct,112,-8.018775,-2.21495,5.74985,10.20014,4.010425,HIGH_OUTLIER_SENSITIVITY,False,False
price_position,3개월 가격흐름,3,112,112,100.0,FULL_SOURCE_COVERAGE,RAW_TO_POINT_THRESHOLD_REQUIRED,,return_3m_pct,112,-11.8477,-2.99565,6.46025,19.82665,10.849532,HIGH_OUTLIER_SENSITIVITY,False,False
price_position,기간 저가·고가 대비 현재위치,5,112,112,100.0,FULL_SOURCE_COVERAGE,EXISTING_LABEL_TO_POINT_MAPPING_REQUIRED,현재위치 6단계 라벨 임계값 존재,position_3m_pct,98,26.98425,45.72105,59.507425,66.82294,42.279689,REFERENCE_STABLE_ENOUGH_FOR_REVIEW,False,False
price_position,과열·급락 위험,3,112,112,100.0,FULL_SOURCE_COVERAGE,COMPOSITE_RISK_POINT_POLICY_REQUIRED,,atr14_pct,97,3.4327,4.3991,5.5598,6.76698,4.604508,REFERENCE_STABLE_ENOUGH_FOR_REVIEW,False,False
liquidity_elasticity,20일 평균 거래대금과 거래량,6,112,112,100.0,FULL_SOURCE_COVERAGE,EXISTING_LABEL_TO_POINT_MAPPING_REQUIRED,거래활발 5단계 라벨 임계값 존재,avg20_trading_value_krw,112,216714039.25,2596374362.0,32909347265.5,110316140565.0001,79771432540.66965,HIGH_OUTLIER_SENSITIVITY,False,False
liquidity_elasticity,하루평균 절대등락률,4,112,112,100.0,FULL_SOURCE_COVERAGE,EXISTING_LABEL_TO_POINT_MAPPING_REQUIRED,가격탄력 4단계 라벨 임계값 존재,elasticity_20d_pct,112,1.291475,2.0637,2.832575,4.4275,2.62147,REFERENCE_STABLE_ENOUGH_FOR_REVIEW,False,False
supply_disclosure,수급·공시부담,10,112,112,100.0,FULL_SOURCE_COVERAGE,EXISTING_RANGE_TO_EXACT_POINT_RULE_REQUIRED,V6 range exists: 없음 9~10 / 주의 6~8 / 경계 3~5 / 위험 0~2,,,,,,,,NO_EMPIRICAL_REFERENCE,False,False
