ticker,name,market,basis_date,score_status,score_total,score_band,score_financial,score_valuation,score_growth_value,score_price_position,score_liquidity_elasticity,score_supply_disclosure,missing_component_count,missing_components,warning_reasons,raw_source_mode,financial_sector,component_points_json
000640,동아쏘시오홀딩스,KOSPI,2026-09-11,LIMITED,,,,,,,,,1,수급·공시부담:SUPPLY_STATUS_LIMITED,SECTOR_STRUCTURAL_NONCOMPARABILITY,DIRECT,true,"{""매출 성장과 안정성"":4.5,""영업이익 성장과 흑자 여부"":5.0,""순이익 흐름"":2.0,""영업이익률"":3.0,""ROE"":2.0,""부채비율"":1.5,""영업현금흐름"":2.0,""PER"":7.5,""PBR"":5.0,""EV/EBITDA"":2.0,""PSR 또는 대체 가치지표"":1.5,""최근 3년 매출 성장률"":3.5,""최근 3년 영업이익 성장률"":3.0,""최근 분기 실적 가속·둔화"":3.0,""흑자 지속성과 이익 안정성"":2.0,""순현금·기업가치 상태"":1.0,""1개월 가격흐름"":1.0,""3개월 가격흐름"":3.0,""기간 저가·고가 대비 현재위치"":3.0,""과열·급락 위험"":1.5,""20일 평균 거래대금과 거래량"":1.5,""하루평균 절대등락률"":4.0}"
000650,천일고속,KOSPI,2026-09-11,LIMITED,,,,,,,,,3,PER:MISSING_PER;최근 분기 실적 가속·둔화:ANNUAL_OP_DENOM_NONPOSITIVE;수급·공시부담:SUPPLY_STATUS_LIMITED,,DIRECT,false,"{""매출 성장과 안정성"":4.5,""영업이익 성장과 흑자 여부"":0.0,""순이익 흐름"":0.0,""영업이익률"":0.0,""ROE"":0.0,""부채비율"":0.0,""영업현금흐름"":1.5,""PBR"":0.5,""EV/EBITDA"":0.0,""PSR 또는 대체 가치지표"":0.5,""최근 3년 매출 성장률"":1.5,""최근 3년 영업이익 성장률"":0.0,""흑자 지속성과 이익 안정성"":0.0,""순현금·기업가치 상태"":1.0,""1개월 가격흐름"":1.0,""3개월 가격흐름"":0.0,""기간 저가·고가 대비 현재위치"":3.5,""과열·급락 위험"":2.0,""20일 평균 거래대금과 거래량"":0.5,""하루평균 절대등락률"":2.5}"
000810,삼성화재,KOSPI,2026-09-11,LIMITED,,,,,,,,,4,매출 성장과 안정성:MISSING_REVENUE_GROWTH_INPUT;최근 3년 매출 성장률:MISSING_3Y_REVENUE;최근 분기 실적 가속·둔화:MISSING_ACCEL_INPUT;수급·공시부담:SUPPLY_STATUS_LIMITED,SECTOR_STRUCTURAL_NONCOMPARABILITY,UNAVAILABLE,true,"{""영업이익 성장과 흑자 여부"":4.0,""순이익 흐름"":2.5,""영업이익률"":4.0,""ROE"":2.0,""부채비율"":1.5,""영업현금흐름"":2.0,""PER"":6.5,""PBR"":4.5,""EV/EBITDA"":2.0,""PSR 또는 대체 가치지표"":1.5,""최근 3년 영업이익 성장률"":2.0,""흑자 지속성과 이익 안정성"":2.0,""순현금·기업가치 상태"":1.0,""1개월 가격흐름"":4.0,""3개월 가격흐름"":2.5,""기간 저가·고가 대비 현재위치"":3.0,""과열·급락 위험"":3.0,""20일 평균 거래대금과 거래량"":5.0,""하루평균 절대등락률"":4.0}"
001020,페이퍼코리아,KOSPI,2026-09-11,LIMITED,,,,,,,,,3,EV/EBITDA:EV_EBITDA_INPUT:OK:NO_EXACT_CANDIDATE;과열·급락 위험:MISSING_RISK_INPUT;수급·공시부담:SUPPLY_STATUS_LIMITED,,DIRECT,false,"{""매출 성장과 안정성"":1.5,""영업이익 성장과 흑자 여부"":5.5,""순이익 흐름"":2.0,""영업이익률"":2.0,""ROE"":1.0,""부채비율"":2.5,""영업현금흐름"":2.5,""PER"":4.0,""PBR"":3.0,""PSR 또는 대체 가치지표"":3.0,""최근 3년 매출 성장률"":0.0,""최근 3년 영업이익 성장률"":0.0,""최근 분기 실적 가속·둔화"":3.0,""흑자 지속성과 이익 안정성"":1.5,""순현금·기업가치 상태"":0.0,""1개월 가격흐름"":4.0,""3개월 가격흐름"":1.5,""기간 저가·고가 대비 현재위치"":4.0,""20일 평균 거래대금과 거래량"":0.0,""하루평균 절대등락률"":3.0}"
001045,CJ우,KOSPI,2026-09-11,LIMITED,,,,,,,,,12,매출 성장과 안정성:MISSING_REVENUE_GROWTH_INPUT;영업이익 성장과 흑자 여부:MISSING_OP_PROFIT;순이익 흐름:MISSING_EARNINGS_TREND;영업이익률:MISSING_MARGIN;ROE:MISSING_ROE;PER:MISSING_PER;PBR:MISSING_PBR_OR_ROE;최근 3년 매출 성장률:MISSING_3Y_REVENUE;최근 3년 영업이익 성장률:MISSING_3Y_OP;최근 분기 실적 가속·둔화:MISSING_ACCEL_INPUT;흑자 지속성과 이익 안정성:MISSING_EARNINGS_TREND;수급·공시부담:SUPPLY_STATUS_LIMITED,SECTOR_STRUCTURAL_NONCOMPARABILITY,UNAVAILABLE,true,"{""부채비율"":1.5,""영업현금흐름"":2.0,""EV/EBITDA"":2.0,""PSR 또는 대체 가치지표"":1.5,""순현금·기업가치 상태"":1.0,""1개월 가격흐름"":1.0,""3개월 가격흐름"":1.5,""기간 저가·고가 대비 현재위치"":5.0,""과열·급락 위험"":1.0,""20일 평균 거래대금과 거래량"":0.5,""하루평균 절대등락률"":2.5}"
001060,JW중외제약,KOSPI,2026-09-11,LIMITED,,,,,,,,,2,EV/EBITDA:EV_EBITDA_INPUT:OK:NO_EXACT_CANDIDATE;수급·공시부담:SUPPLY_STATUS_LIMITED,,DIRECT,false,"{""매출 성장과 안정성"":4.0,""영업이익 성장과 흑자 여부"":6.0,""순이익 흐름"":3.0,""영업이익률"":3.5,""ROE"":3.5,""부채비율"":2.5,""영업현금흐름"":3.5,""PER"":8.0,""PBR"":3.5,""PSR 또는 대체 가치지표"":2.5,""최근 3년 매출 성장률"":1.5,""최근 3년 영업이익 성장률"":1.0,""최근 분기 실적 가속·둔화"":3.0,""흑자 지속성과 이익 안정성"":2.0,""순현금·기업가치 상태"":1.0,""1개월 가격흐름"":3.0,""3개월 가격흐름"":2.5,""기간 저가·고가 대비 현재위치"":4.0,""과열·급락 위험"":1.5,""20일 평균 거래대금과 거래량"":1.5,""하루평균 절대등락률"":4.0}"
001420,태원물산,KOSPI,2026-09-11,LIMITED,,,,,,,,,5,PER:MISSING_PER;최근 분기 실적 가속·둔화:ANNUAL_OP_DENOM_NONPOSITIVE;기간 저가·고가 대비 현재위치:MISSING_POSITION;과열·급락 위험:MISSING_RISK_INPUT;수급·공시부담:SUPPLY_STATUS_LIMITED,,DIRECT,false,"{""매출 성장과 안정성"":5.0,""영업이익 성장과 흑자 여부"":0.0,""순이익 흐름"":0.0,""영업이익률"":0.0,""ROE"":0.0,""부채비율"":3.0,""영업현금흐름"":0.0,""PBR"":3.0,""EV/EBITDA"":0.0,""PSR 또는 대체 가치지표"":2.5,""최근 3년 매출 성장률"":4.0,""최근 3년 영업이익 성장률"":0.0,""흑자 지속성과 이익 안정성"":0.0,""순현금·기업가치 상태"":1.5,""1개월 가격흐름"":3.0,""3개월 가격흐름"":3.0,""20일 평균 거래대금과 거래량"":0.0,""하루평균 절대등락률"":3.0}"
001440,대한전선,KOSPI,2026-09-11,LIMITED,,,,,,,,,3,PER:MISSING_PER;EV/EBITDA:EV_EBITDA_INPUT:OK:NO_EXACT_CANDIDATE;수급·공시부담:SUPPLY_STATUS_LIMITED,,DIRECT,false,"{""매출 성장과 안정성"":5.0,""영업이익 성장과 흑자 여부"":7.0,""순이익 흐름"":1.5,""영업이익률"":2.0,""ROE"":0.0,""부채비율"":2.0,""영업현금흐름"":0.0,""PBR"":2.0,""PSR 또는 대체 가치지표"":1.5,""최근 3년 매출 성장률"":3.5,""최근 3년 영업이익 성장률"":4.0,""최근 분기 실적 가속·둔화"":3.0,""흑자 지속성과 이익 안정성"":2.0,""순현금·기업가치 상태"":1.0,""1개월 가격흐름"":3.0,""3개월 가격흐름"":0.5,""기간 저가·고가 대비 현재위치"":4.0,""과열·급락 위험"":2.5,""20일 평균 거래대금과 거래량"":5.0,""하루평균 절대등락률"":4.0}"
001527,동양2우B,KOSPI,2026-09-11,LIMITED,,,,,,,,,19,매출 성장과 안정성:MISSING_REVENUE_GROWTH_INPUT;영업이익 성장과 흑자 여부:MISSING_OP_PROFIT;순이익 흐름:MISSING_EARNINGS_TREND;영업이익률:MISSING_MARGIN;ROE:MISSING_ROE;부채비율:MISSING_DEBT_RATIO;영업현금흐름:MISSING_OCF_MARGIN_INPUT;PER:MISSING_PER;PBR:MISSING_PBR_OR_ROE;EV/EBITDA:EV_EBITDA_INPUT:NO_EXACT_CANDIDATE:NO_EXACT_CANDIDATE;PSR 또는 대체 가치지표:MISSING_PSR_INPUT;최근 3년 매출 성장률:MISSING_3Y_REVENUE;최근 3년 영업이익 성장률:MISSING_3Y_OP;최근 분기 실적 가속·둔화:MISSING_ACCEL_INPUT;흑자 지속성과 이익 안정성:MISSING_EARNINGS_TREND;순현금·기업가치 상태:NETCASH_INPUT:NO_EXACT_CANDIDATE;기간 저가·고가 대비 현재위치:MISSING_POSITION;과열·급락 위험:MISSING_RISK_INPUT;수급·공시부담:SUPPLY_STATUS_LIMITED,,UNAVAILABLE,false,"{""1개월 가격흐름"":1.0,""3개월 가격흐름"":0.5,""20일 평균 거래대금과 거래량"":0.0,""하루평균 절대등락률"":4.0}"
001530,DI동일,KOSPI,2026-09-11,LIMITED,,,,,,,,,17,매출 성장과 안정성:MISSING_REVENUE_GROWTH_INPUT;영업이익 성장과 흑자 여부:MISSING_OP_PROFIT;순이익 흐름:MISSING_EARNINGS_TREND;영업이익률:MISSING_MARGIN;ROE:MISSING_ROE;부채비율:MISSING_DEBT_RATIO;영업현금흐름:MISSING_OCF_MARGIN_INPUT;PER:MISSING_PER;PBR:MISSING_PBR_OR_ROE;EV/EBITDA:EV_EBITDA_INPUT:NO_EXACT_CANDIDATE:NO_EXACT_CANDIDATE;PSR 또는 대체 가치지표:MISSING_PSR_INPUT;최근 3년 매출 성장률:MISSING_3Y_REVENUE;최근 3년 영업이익 성장률:MISSING_3Y_OP;최근 분기 실적 가속·둔화:MISSING_ACCEL_INPUT;흑자 지속성과 이익 안정성:MISSING_EARNINGS_TREND;순현금·기업가치 상태:NETCASH_INPUT:NO_EXACT_CANDIDATE;수급·공시부담:SUPPLY_STATUS_LIMITED,,UNAVAILABLE,false,"{""1개월 가격흐름"":4.0,""3개월 가격흐름"":3.0,""기간 저가·고가 대비 현재위치"":3.0,""과열·급락 위험"":2.5,""20일 평균 거래대금과 거래량"":1.5,""하루평균 절대등락률"":4.0}"
001560,제일연마,KOSPI,2026-09-11,LIMITED,,,,,,,,,2,EV/EBITDA:EV_EBITDA_INPUT:EMPTY_AS_ZERO:NO_EXACT_CANDIDATE;수급·공시부담:SUPPLY_STATUS_LIMITED,,DIRECT,false,"{""매출 성장과 안정성"":2.5,""영업이익 성장과 흑자 여부"":7.0,""순이익 흐름"":1.5,""영업이익률"":3.0,""ROE"":2.0,""부채비율"":3.0,""영업현금흐름"":3.5,""PER"":5.0,""PBR"":5.0,""PSR 또는 대체 가치지표"":2.5,""최근 3년 매출 성장률"":0.5,""최근 3년 영업이익 성장률"":0.5,""최근 분기 실적 가속·둔화"":3.0,""흑자 지속성과 이익 안정성"":2.0,""순현금·기업가치 상태"":2.0,""1개월 가격흐름"":3.0,""3개월 가격흐름"":1.5,""기간 저가·고가 대비 현재위치"":4.0,""과열·급락 위험"":2.5,""20일 평균 거래대금과 거래량"":0.0,""하루평균 절대등락률"":2.5}"
001770,SHD,KOSPI,2026-09-11,LIMITED,,,,,,,,,6,PER:MISSING_PER;EV/EBITDA:EV_EBITDA_INPUT:OK:NO_EXACT_CANDIDATE;최근 분기 실적 가속·둔화:ANNUAL_OP_DENOM_NONPOSITIVE;기간 저가·고가 대비 현재위치:MISSING_POSITION;과열·급락 위험:MISSING_RISK_INPUT;수급·공시부담:SUPPLY_STATUS_LIMITED,,DIRECT,false,"{""매출 성장과 안정성"":2.5,""영업이익 성장과 흑자 여부"":0.5,""순이익 흐름"":0.5,""영업이익률"":0.0,""ROE"":0.0,""부채비율"":2.5,""영업현금흐름"":0.0,""PBR"":3.0,""PSR 또는 대체 가치지표"":3.0,""최근 3년 매출 성장률"":0.5,""최근 3년 영업이익 성장률"":3.0,""흑자 지속성과 이익 안정성"":0.5,""순현금·기업가치 상태"":0.0,""1개월 가격흐름"":3.5,""3개월 가격흐름"":0.0,""20일 평균 거래대금과 거래량"":2.0,""하루평균 절대등락률"":0.5}"
002210,동성제약,KOSPI,2026-09-11,LIMITED,,,,,,,,,6,PER:MISSING_PER;EV/EBITDA:EV_EBITDA_INPUT:EMPTY_AS_ZERO:NO_EXACT_CANDIDATE;최근 분기 실적 가속·둔화:ANNUAL_OP_DENOM_NONPOSITIVE;기간 저가·고가 대비 현재위치:MISSING_POSITION;과열·급락 위험:MISSING_RISK_INPUT;수급·공시부담:SUPPLY_STATUS_LIMITED,,DIRECT,false,"{""매출 성장과 안정성"":0.0,""영업이익 성장과 흑자 여부"":0.0,""순이익 흐름"":0.0,""영업이익률"":0.0,""ROE"":0.0,""부채비율"":2.5,""영업현금흐름"":0.0,""PBR"":3.0,""PSR 또는 대체 가치지표"":1.5,""최근 3년 매출 성장률"":0.5,""최근 3년 영업이익 성장률"":0.0,""흑자 지속성과 이익 안정성"":0.0,""순현금·기업가치 상태"":1.0,""1개월 가격흐름"":1.0,""3개월 가격흐름"":2.5,""20일 평균 거래대금과 거래량"":0.0,""하루평균 절대등락률"":4.0}"
002380,KCC,KOSPI,2026-09-11,LIMITED,,,,,,,,,17,매출 성장과 안정성:MISSING_REVENUE_GROWTH_INPUT;영업이익 성장과 흑자 여부:MISSING_OP_PROFIT;순이익 흐름:MISSING_EARNINGS_TREND;영업이익률:MISSING_MARGIN;ROE:MISSING_ROE;부채비율:MISSING_DEBT_RATIO;영업현금흐름:MISSING_OCF_MARGIN_INPUT;PER:MISSING_PER;PBR:MISSING_PBR_OR_ROE;EV/EBITDA:EV_EBITDA_INPUT:NO_EXACT_CANDIDATE:NO_EXACT_CANDIDATE;PSR 또는 대체 가치지표:MISSING_PSR_INPUT;최근 3년 매출 성장률:MISSING_3Y_REVENUE;최근 3년 영업이익 성장률:MISSING_3Y_OP;최근 분기 실적 가속·둔화:MISSING_ACCEL_INPUT;흑자 지속성과 이익 안정성:MISSING_EARNINGS_TREND;순현금·기업가치 상태:NETCASH_INPUT:NO_EXACT_CANDIDATE;수급·공시부담:SUPPLY_STATUS_LIMITED,,UNAVAILABLE,false,"{""1개월 가격흐름"":4.0,""3개월 가격흐름"":1.5,""기간 저가·고가 대비 현재위치"":4.0,""과열·급락 위험"":3.0,""20일 평균 거래대금과 거래량"":4.0,""하루평균 절대등락률"":4.0}"
002420,우양피앤엘,KOSPI,2026-09-11,LIMITED,,,,,,,,,3,PER:MISSING_PER;최근 분기 실적 가속·둔화:ANNUAL_OP_DENOM_NONPOSITIVE;수급·공시부담:SUPPLY_STATUS_LIMITED,,DIRECT,false,"{""매출 성장과 안정성"":4.0,""영업이익 성장과 흑자 여부"":0.0,""순이익 흐름"":0.0,""영업이익률"":0.0,""ROE"":0.0,""부채비율"":2.0,""영업현금흐름"":0.0,""PBR"":1.0,""EV/EBITDA"":0.0,""PSR 또는 대체 가치지표"":0.0,""최근 3년 매출 성장률"":0.5,""최근 3년 영업이익 성장률"":0.0,""흑자 지속성과 이익 안정성"":0.0,""순현금·기업가치 상태"":1.0,""1개월 가격흐름"":1.0,""3개월 가격흐름"":1.5,""기간 저가·고가 대비 현재위치"":4.0,""과열·급락 위험"":0.5,""20일 평균 거래대금과 거래량"":1.0,""하루평균 절대등락률"":4.0}"
002450,삼익악기,KOSPI,2026-09-11,LIMITED,,,,,,,,,2,EV/EBITDA:EV_EBITDA_INPUT:OK:NO_EXACT_CANDIDATE;수급·공시부담:SUPPLY_STATUS_LIMITED,,DIRECT,false,"{""매출 성장과 안정성"":1.0,""영업이익 성장과 흑자 여부"":7.0,""순이익 흐름"":3.0,""영업이익률"":3.0,""ROE"":3.5,""부채비율"":2.5,""영업현금흐름"":3.5,""PER"":8.0,""PBR"":5.0,""PSR 또는 대체 가치지표"":3.0,""최근 3년 매출 성장률"":0.5,""최근 3년 영업이익 성장률"":0.5,""최근 분기 실적 가속·둔화"":3.0,""흑자 지속성과 이익 안정성"":2.0,""순현금·기업가치 상태"":0.0,""1개월 가격흐름"":2.0,""3개월 가격흐름"":1.5,""기간 저가·고가 대비 현재위치"":5.0,""과열·급락 위험"":2.5,""20일 평균 거래대금과 거래량"":0.5,""하루평균 절대등락률"":2.5}"
002990,금호건설,KOSPI,2026-09-11,LIMITED,,,,,,,,,5,EV/EBITDA:EV_EBITDA_INPUT:OK:NO_EXACT_CANDIDATE;최근 분기 실적 가속·둔화:ANNUAL_OP_DENOM_NONPOSITIVE;기간 저가·고가 대비 현재위치:MISSING_POSITION;과열·급락 위험:MISSING_RISK_INPUT;수급·공시부담:SUPPLY_STATUS_LIMITED,,DIRECT,false,"{""매출 성장과 안정성"":2.5,""영업이익 성장과 흑자 여부"":6.0,""순이익 흐름"":3.0,""영업이익률"":1.0,""ROE"":4.0,""부채비율"":0.5,""영업현금흐름"":1.5,""PER"":6.5,""PBR"":2.0,""PSR 또는 대체 가치지표"":3.0,""최근 3년 매출 성장률"":0.5,""최근 3년 영업이익 성장률"":3.0,""흑자 지속성과 이익 안정성"":2.0,""순현금·기업가치 상태"":2.0,""1개월 가격흐름"":3.5,""3개월 가격흐름"":1.5,""20일 평균 거래대금과 거래량"":5.0,""하루평균 절대등락률"":3.0}"
003230,삼양식품,KOSPI,2026-09-11,LIMITED,,,,,,,,,2,EV/EBITDA:EV_EBITDA_INPUT:OK:NO_EXACT_CANDIDATE;수급·공시부담:SUPPLY_STATUS_LIMITED,,DIRECT,false,"{""매출 성장과 안정성"":5.0,""영업이익 성장과 흑자 여부"":6.0,""순이익 흐름"":3.0,""영업이익률"":3.5,""ROE"":3.5,""부채비율"":2.5,""영업현금흐름"":3.5,""PER"":5.5,""PBR"":1.0,""PSR 또는 대체 가치지표"":0.5,""최근 3년 매출 성장률"":4.0,""최근 3년 영업이익 성장률"":4.0,""최근 분기 실적 가속·둔화"":1.5,""흑자 지속성과 이익 안정성"":2.0,""순현금·기업가치 상태"":1.0,""1개월 가격흐름"":3.0,""3개월 가격흐름"":2.5,""기간 저가·고가 대비 현재위치"":4.0,""과열·급락 위험"":1.0,""20일 평균 거래대금과 거래량"":5.0,""하루평균 절대등락률"":4.0}"
003280,흥아해운,KOSPI,2026-09-11,LIMITED,,,,,,,,,2,EV/EBITDA:EV_EBITDA_INPUT:EMPTY_AS_ZERO:NO_EXACT_CANDIDATE;수급·공시부담:SUPPLY_STATUS_LIMITED,,DIRECT,false,"{""매출 성장과 안정성"":2.5,""영업이익 성장과 흑자 여부"":2.0,""순이익 흐름"":1.5,""영업이익률"":2.0,""ROE"":1.0,""부채비율"":2.5,""영업현금흐름"":4.0,""PER"":1.0,""PBR"":3.0,""PSR 또는 대체 가치지표"":1.5,""최근 3년 매출 성장률"":1.5,""최근 3년 영업이익 성장률"":0.5,""최근 분기 실적 가속·둔화"":3.0,""흑자 지속성과 이익 안정성"":2.0,""순현금·기업가치 상태"":1.5,""1개월 가격흐름"":4.0,""3개월 가격흐름"":2.5,""기간 저가·고가 대비 현재위치"":4.0,""과열·급락 위험"":2.5,""20일 평균 거래대금과 거래량"":4.5,""하루평균 절대등락률"":4.0}"
003490,대한항공,KOSPI,2026-09-11,LIMITED,,,,,,,,,2,PER:MISSING_PER;수급·공시부담:SUPPLY_STATUS_LIMITED,,DIRECT,false,"{""매출 성장과 안정성"":4.5,""영업이익 성장과 흑자 여부"":2.0,""순이익 흐름"":1.5,""영업이익률"":1.0,""ROE"":0.0,""부채비율"":0.5,""영업현금흐름"":3.5,""PBR"":3.0,""EV/EBITDA"":4.0,""PSR 또는 대체 가치지표"":3.0,""최근 3년 매출 성장률"":4.0,""최근 3년 영업이익 성장률"":0.5,""최근 분기 실적 가속·둔화"":0.0,""흑자 지속성과 이익 안정성"":2.0,""순현금·기업가치 상태"":0.5,""1개월 가격흐름"":4.0,""3개월 가격흐름"":3.0,""기간 저가·고가 대비 현재위치"":3.0,""과열·급락 위험"":3.0,""20일 평균 거래대금과 거래량"":5.0,""하루평균 절대등락률"":4.0}"
003495,대한항공우,KOSPI,2026-09-11,LIMITED,,,,,,,,,13,매출 성장과 안정성:MISSING_REVENUE_GROWTH_INPUT;영업이익 성장과 흑자 여부:MISSING_OP_PROFIT;순이익 흐름:MISSING_EARNINGS_TREND;영업이익률:MISSING_MARGIN;ROE:MISSING_ROE;부채비율:MISSING_DEBT_RATIO;PER:MISSING_PER;PBR:MISSING_PBR_OR_ROE;EV/EBITDA:EV_EBITDA_INPUT:OK:OK;PSR 또는 대체 가치지표:MISSING_PSR_INPUT;흑자 지속성과 이익 안정성:MISSING_EARNINGS_TREND;순현금·기업가치 상태:NETCASH_INPUT:OK;수급·공시부담:SUPPLY_STATUS_LIMITED,,PREFERRED_COMMON:003490,false,"{""영업현금흐름"":3.5,""최근 3년 매출 성장률"":4.0,""최근 3년 영업이익 성장률"":0.5,""최근 분기 실적 가속·둔화"":0.0,""1개월 가격흐름"":3.0,""3개월 가격흐름"":2.5,""기간 저가·고가 대비 현재위치"":5.0,""과열·급락 위험"":2.5,""20일 평균 거래대금과 거래량"":0.5,""하루평균 절대등락률"":2.5}"
003550,LG,KOSPI,2026-09-11,LIMITED,,,,,,,,,1,수급·공시부담:SUPPLY_STATUS_LIMITED,SECTOR_STRUCTURAL_NONCOMPARABILITY,DIRECT,true,"{""매출 성장과 안정성"":4.0,""영업이익 성장과 흑자 여부"":4.0,""순이익 흐름"":2.5,""영업이익률"":3.5,""ROE"":2.0,""부채비율"":1.5,""영업현금흐름"":2.0,""PER"":7.5,""PBR"":5.0,""EV/EBITDA"":2.0,""PSR 또는 대체 가치지표"":1.5,""최근 3년 매출 성장률"":0.5,""최근 3년 영업이익 성장률"":0.5,""최근 분기 실적 가속·둔화"":3.0,""흑자 지속성과 이익 안정성"":2.0,""순현금·기업가치 상태"":1.0,""1개월 가격흐름"":3.0,""3개월 가격흐름"":2.5,""기간 저가·고가 대비 현재위치"":4.0,""과열·급락 위험"":1.5,""20일 평균 거래대금과 거래량"":5.0,""하루평균 절대등락률"":4.0}"
003580,HLB글로벌,KOSPI,2026-09-11,LIMITED,,,,,,,,,4,PER:MISSING_PER;EV/EBITDA:EV_EBITDA_INPUT:EMPTY_AS_ZERO:NO_EXACT_CANDIDATE;최근 분기 실적 가속·둔화:ANNUAL_OP_DENOM_NONPOSITIVE;수급·공시부담:SUPPLY_STATUS_LIMITED,,DIRECT,false,"{""매출 성장과 안정성"":4.5,""영업이익 성장과 흑자 여부"":0.0,""순이익 흐름"":0.0,""영업이익률"":0.0,""ROE"":0.0,""부채비율"":2.5,""영업현금흐름"":0.0,""PBR"":3.0,""PSR 또는 대체 가치지표"":2.5,""최근 3년 매출 성장률"":3.5,""최근 3년 영업이익 성장률"":0.0,""흑자 지속성과 이익 안정성"":0.0,""순현금·기업가치 상태"":1.5,""1개월 가격흐름"":3.0,""3개월 가격흐름"":3.0,""기간 저가·고가 대비 현재위치"":3.0,""과열·급락 위험"":2.5,""20일 평균 거래대금과 거래량"":0.0,""하루평균 절대등락률"":4.0}"
004170,신세계,KOSPI,2026-09-11,LIMITED,,,,,,,,,2,EV/EBITDA:EV_EBITDA_INPUT:OK:NO_EXACT_CANDIDATE;수급·공시부담:SUPPLY_STATUS_LIMITED,,DIRECT,false,"{""매출 성장과 안정성"":4.5,""영업이익 성장과 흑자 여부"":6.0,""순이익 흐름"":3.0,""영업이익률"":3.0,""ROE"":2.0,""부채비율"":2.0,""영업현금흐름"":3.5,""PER"":7.5,""PBR"":5.0,""PSR 또는 대체 가치지표"":3.0,""최근 3년 매출 성장률"":1.5,""최근 3년 영업이익 성장률"":0.5,""최근 분기 실적 가속·둔화"":1.0,""흑자 지속성과 이익 안정성"":2.0,""순현금·기업가치 상태"":0.0,""1개월 가격흐름"":1.0,""3개월 가격흐름"":0.0,""기간 저가·고가 대비 현재위치"":3.5,""과열·급락 위험"":1.5,""20일 평균 거래대금과 거래량"":5.5,""하루평균 절대등락률"":4.0}"
004370,농심,KOSPI,2026-09-11,LIMITED,,,,,,,,,2,EV/EBITDA:EV_EBITDA_INPUT:OK:NO_EXACT_CANDIDATE;수급·공시부담:SUPPLY_STATUS_LIMITED,,DIRECT,false,"{""매출 성장과 안정성"":4.5,""영업이익 성장과 흑자 여부"":6.0,""순이익 흐름"":3.0,""영업이익률"":2.0,""ROE"":2.0,""부채비율"":3.0,""영업현금흐름"":2.5,""PER"":6.5,""PBR"":4.5,""PSR 또는 대체 가치지표"":3.0,""최근 3년 매출 성장률"":1.5,""최근 3년 영업이익 성장률"":1.0,""최근 분기 실적 가속·둔화"":3.0,""흑자 지속성과 이익 안정성"":2.0,""순현금·기업가치 상태"":1.5,""1개월 가격흐름"":3.0,""3개월 가격흐름"":3.0,""기간 저가·고가 대비 현재위치"":3.0,""과열·급락 위험"":1.5,""20일 평균 거래대금과 거래량"":3.5,""하루평균 절대등락률"":4.0}"
004545,깨끗한나라우,KOSPI,2026-09-11,LIMITED,,,,,,,,,19,매출 성장과 안정성:MISSING_REVENUE_GROWTH_INPUT;영업이익 성장과 흑자 여부:MISSING_OP_PROFIT;순이익 흐름:MISSING_EARNINGS_TREND;영업이익률:MISSING_MARGIN;ROE:MISSING_ROE;부채비율:MISSING_DEBT_RATIO;영업현금흐름:MISSING_OCF_MARGIN_INPUT;PER:MISSING_PER;PBR:MISSING_PBR_OR_ROE;EV/EBITDA:EV_EBITDA_INPUT:NO_EXACT_CANDIDATE:NO_EXACT_CANDIDATE;PSR 또는 대체 가치지표:MISSING_PSR_INPUT;최근 3년 매출 성장률:MISSING_3Y_REVENUE;최근 3년 영업이익 성장률:MISSING_3Y_OP;최근 분기 실적 가속·둔화:MISSING_ACCEL_INPUT;흑자 지속성과 이익 안정성:MISSING_EARNINGS_TREND;순현금·기업가치 상태:NETCASH_INPUT:NO_EXACT_CANDIDATE;기간 저가·고가 대비 현재위치:MISSING_POSITION;과열·급락 위험:MISSING_RISK_INPUT;수급·공시부담:SUPPLY_STATUS_LIMITED,,UNAVAILABLE,false,"{""1개월 가격흐름"":1.0,""3개월 가격흐름"":0.0,""20일 평균 거래대금과 거래량"":1.0,""하루평균 절대등락률"":4.0}"
004870,티웨이홀딩스,KOSPI,2026-09-11,LIMITED,,,,,,,,,6,PER:MISSING_PER;EV/EBITDA:EV_EBITDA_INPUT:OK:NO_EXACT_CANDIDATE;최근 분기 실적 가속·둔화:ANNUAL_OP_DENOM_NONPOSITIVE;기간 저가·고가 대비 현재위치:MISSING_POSITION;과열·급락 위험:MISSING_RISK_INPUT;수급·공시부담:SUPPLY_STATUS_LIMITED,,DIRECT,false,"{""매출 성장과 안정성"":0.0,""영업이익 성장과 흑자 여부"":0.0,""순이익 흐름"":0.0,""영업이익률"":0.0,""ROE"":0.0,""부채비율"":3.0,""영업현금흐름"":0.0,""PBR"":3.0,""PSR 또는 대체 가치지표"":0.0,""최근 3년 매출 성장률"":0.0,""최근 3년 영업이익 성장률"":0.0,""흑자 지속성과 이익 안정성"":0.0,""순현금·기업가치 상태"":1.0,""1개월 가격흐름"":1.0,""3개월 가격흐름"":1.5,""20일 평균 거래대금과 거래량"":0.5,""하루평균 절대등락률"":2.5}"
004910,조광페인트,KOSPI,2026-09-11,LIMITED,,,,,,,,,3,PER:MISSING_PER;EV/EBITDA:EV_EBITDA_INPUT:OK:NO_EXACT_CANDIDATE;수급·공시부담:SUPPLY_STATUS_LIMITED,,DIRECT,false,"{""매출 성장과 안정성"":0.0,""영업이익 성장과 흑자 여부"":0.0,""순이익 흐름"":0.0,""영업이익률"":0.0,""ROE"":0.0,""부채비율"":2.0,""영업현금흐름"":1.5,""PBR"":3.0,""PSR 또는 대체 가치지표"":3.0,""최근 3년 매출 성장률"":0.0,""최근 3년 영업이익 성장률"":0.0,""최근 분기 실적 가속·둔화"":0.0,""흑자 지속성과 이익 안정성"":0.0,""순현금·기업가치 상태"":0.0,""1개월 가격흐름"":1.0,""3개월 가격흐름"":2.5,""기간 저가·고가 대비 현재위치"":4.0,""과열·급락 위험"":2.5,""20일 평균 거래대금과 거래량"":0.0,""하루평균 절대등락률"":2.5}"
005385,현대차우,KOSPI,2026-09-11,LIMITED,,,,,,,,,17,매출 성장과 안정성:MISSING_REVENUE_GROWTH_INPUT;영업이익 성장과 흑자 여부:MISSING_OP_PROFIT;순이익 흐름:MISSING_EARNINGS_TREND;영업이익률:MISSING_MARGIN;ROE:MISSING_ROE;부채비율:MISSING_DEBT_RATIO;영업현금흐름:MISSING_OCF_MARGIN_INPUT;PER:MISSING_PER;PBR:MISSING_PBR_OR_ROE;EV/EBITDA:EV_EBITDA_INPUT:NO_EXACT_CANDIDATE:NO_EXACT_CANDIDATE;PSR 또는 대체 가치지표:MISSING_PSR_INPUT;최근 3년 매출 성장률:MISSING_3Y_REVENUE;최근 3년 영업이익 성장률:MISSING_3Y_OP;최근 분기 실적 가속·둔화:MISSING_ACCEL_INPUT;흑자 지속성과 이익 안정성:MISSING_EARNINGS_TREND;순현금·기업가치 상태:NETCASH_INPUT:NO_EXACT_CANDIDATE;수급·공시부담:SUPPLY_STATUS_LIMITED,,UNAVAILABLE,false,"{""1개월 가격흐름"":1.0,""3개월 가격흐름"":0.5,""기간 저가·고가 대비 현재위치"":3.5,""과열·급락 위험"":2.5,""20일 평균 거래대금과 거래량"":4.0,""하루평균 절대등락률"":4.0}"
005387,현대차2우B,KOSPI,2026-09-11,LIMITED,,,,,,,,,17,매출 성장과 안정성:MISSING_REVENUE_GROWTH_INPUT;영업이익 성장과 흑자 여부:MISSING_OP_PROFIT;순이익 흐름:MISSING_EARNINGS_TREND;영업이익률:MISSING_MARGIN;ROE:MISSING_ROE;부채비율:MISSING_DEBT_RATIO;영업현금흐름:MISSING_OCF_MARGIN_INPUT;PER:MISSING_PER;PBR:MISSING_PBR_OR_ROE;EV/EBITDA:EV_EBITDA_INPUT:NO_EXACT_CANDIDATE:NO_EXACT_CANDIDATE;PSR 또는 대체 가치지표:MISSING_PSR_INPUT;최근 3년 매출 성장률:MISSING_3Y_REVENUE;최근 3년 영업이익 성장률:MISSING_3Y_OP;최근 분기 실적 가속·둔화:MISSING_ACCEL_INPUT;흑자 지속성과 이익 안정성:MISSING_EARNINGS_TREND;순현금·기업가치 상태:NETCASH_INPUT:NO_EXACT_CANDIDATE;수급·공시부담:SUPPLY_STATUS_LIMITED,,UNAVAILABLE,false,"{""1개월 가격흐름"":1.0,""3개월 가격흐름"":0.5,""기간 저가·고가 대비 현재위치"":3.5,""과열·급락 위험"":2.5,""20일 평균 거래대금과 거래량"":4.0,""하루평균 절대등락률"":4.0}"
005389,현대차3우B,KOSPI,2026-09-11,LIMITED,,,,,,,,,17,매출 성장과 안정성:MISSING_REVENUE_GROWTH_INPUT;영업이익 성장과 흑자 여부:MISSING_OP_PROFIT;순이익 흐름:MISSING_EARNINGS_TREND;영업이익률:MISSING_MARGIN;ROE:MISSING_ROE;부채비율:MISSING_DEBT_RATIO;영업현금흐름:MISSING_OCF_MARGIN_INPUT;PER:MISSING_PER;PBR:MISSING_PBR_OR_ROE;EV/EBITDA:EV_EBITDA_INPUT:NO_EXACT_CANDIDATE:NO_EXACT_CANDIDATE;PSR 또는 대체 가치지표:MISSING_PSR_INPUT;최근 3년 매출 성장률:MISSING_3Y_REVENUE;최근 3년 영업이익 성장률:MISSING_3Y_OP;최근 분기 실적 가속·둔화:MISSING_ACCEL_INPUT;흑자 지속성과 이익 안정성:MISSING_EARNINGS_TREND;순현금·기업가치 상태:NETCASH_INPUT:NO_EXACT_CANDIDATE;수급·공시부담:SUPPLY_STATUS_LIMITED,,UNAVAILABLE,false,"{""1개월 가격흐름"":1.0,""3개월 가격흐름"":0.5,""기간 저가·고가 대비 현재위치"":3.5,""과열·급락 위험"":2.5,""20일 평균 거래대금과 거래량"":2.0,""하루평균 절대등락률"":2.5}"
005490,POSCO홀딩스,KOSPI,2026-09-11,LIMITED,,,,,,,,,1,수급·공시부담:SUPPLY_STATUS_LIMITED,,DIRECT,false,"{""매출 성장과 안정성"":2.5,""영업이익 성장과 흑자 여부"":5.0,""순이익 흐름"":3.0,""영업이익률"":2.0,""ROE"":1.0,""부채비율"":2.5,""영업현금흐름"":2.5,""PER"":7.5,""PBR"":3.0,""EV/EBITDA"":3.5,""PSR 또는 대체 가치지표"":3.0,""최근 3년 매출 성장률"":0.0,""최근 3년 영업이익 성장률"":0.5,""최근 분기 실적 가속·둔화"":3.0,""흑자 지속성과 이익 안정성"":2.0,""순현금·기업가치 상태"":0.0,""1개월 가격흐름"":3.0,""3개월 가격흐름"":1.5,""기간 저가·고가 대비 현재위치"":4.0,""과열·급락 위험"":3.0,""20일 평균 거래대금과 거래량"":5.0,""하루평균 절대등락률"":4.0}"
005500,삼진제약,KOSPI,2026-09-11,LIMITED,,,,,,,,,2,EV/EBITDA:EV_EBITDA_INPUT:OK:NO_EXACT_CANDIDATE;수급·공시부담:SUPPLY_STATUS_LIMITED,,DIRECT,false,"{""매출 성장과 안정성"":3.0,""영업이익 성장과 흑자 여부"":3.0,""순이익 흐름"":2.0,""영업이익률"":3.0,""ROE"":2.0,""부채비율"":2.5,""영업현금흐름"":2.5,""PER"":5.5,""PBR"":4.5,""PSR 또는 대체 가치지표"":2.5,""최근 3년 매출 성장률"":1.5,""최근 3년 영업이익 성장률"":3.0,""최근 분기 실적 가속·둔화"":2.5,""흑자 지속성과 이익 안정성"":2.0,""순현금·기업가치 상태"":0.0,""1개월 가격흐름"":2.0,""3개월 가격흐름"":1.5,""기간 저가·고가 대비 현재위치"":4.0,""과열·급락 위험"":3.0,""20일 평균 거래대금과 거래량"":0.5,""하루평균 절대등락률"":2.5}"
005820,원림,KOSPI,2026-09-11,LIMITED,,,,,,,,,1,수급·공시부담:SUPPLY_STATUS_LIMITED,,DIRECT,false,"{""매출 성장과 안정성"":2.5,""영업이익 성장과 흑자 여부"":5.0,""순이익 흐름"":3.0,""영업이익률"":2.0,""ROE"":1.0,""부채비율"":3.0,""영업현금흐름"":2.5,""PER"":8.0,""PBR"":3.0,""EV/EBITDA"":4.0,""PSR 또는 대체 가치지표"":3.0,""최근 3년 매출 성장률"":1.5,""최근 3년 영업이익 성장률"":1.0,""최근 분기 실적 가속·둔화"":2.5,""흑자 지속성과 이익 안정성"":2.0,""순현금·기업가치 상태"":2.0,""1개월 가격흐름"":2.0,""3개월 가격흐름"":2.5,""기간 저가·고가 대비 현재위치"":4.0,""과열·급락 위험"":1.0,""20일 평균 거래대금과 거래량"":1.0,""하루평균 절대등락률"":2.5}"
005830,DB손해보험,KOSPI,2026-09-11,LIMITED,,,,,,,,,4,매출 성장과 안정성:MISSING_REVENUE_GROWTH_INPUT;최근 3년 매출 성장률:MISSING_3Y_REVENUE;최근 분기 실적 가속·둔화:MISSING_ACCEL_INPUT;수급·공시부담:SUPPLY_STATUS_LIMITED,SECTOR_STRUCTURAL_NONCOMPARABILITY,UNAVAILABLE,true,"{""영업이익 성장과 흑자 여부"":5.0,""순이익 흐름"":2.5,""영업이익률"":4.0,""ROE"":4.0,""부채비율"":1.5,""영업현금흐름"":2.0,""PER"":8.0,""PBR"":4.5,""EV/EBITDA"":2.0,""PSR 또는 대체 가치지표"":1.5,""최근 3년 영업이익 성장률"":2.0,""흑자 지속성과 이익 안정성"":2.0,""순현금·기업가치 상태"":1.0,""1개월 가격흐름"":3.5,""3개월 가격흐름"":2.5,""기간 저가·고가 대비 현재위치"":3.0,""과열·급락 위험"":3.0,""20일 평균 거래대금과 거래량"":5.5,""하루평균 절대등락률"":4.0}"
005930,삼성전자,KOSPI,2026-09-11,LIMITED,,,,,,,,,2,EV/EBITDA:EV_EBITDA_INPUT:OK:NO_EXACT_CANDIDATE;수급·공시부담:SUPPLY_STATUS_LIMITED,,DIRECT,false,"{""매출 성장과 안정성"":5.0,""영업이익 성장과 흑자 여부"":7.0,""순이익 흐름"":3.0,""영업이익률"":4.0,""ROE"":3.0,""부채비율"":3.0,""영업현금흐름"":4.0,""PER"":7.5,""PBR"":2.0,""PSR 또는 대체 가치지표"":0.5,""최근 3년 매출 성장률"":3.5,""최근 3년 영업이익 성장률"":4.0,""최근 분기 실적 가속·둔화"":3.0,""흑자 지속성과 이익 안정성"":2.0,""순현금·기업가치 상태"":1.0,""1개월 가격흐름"":4.0,""3개월 가격흐름"":0.5,""기간 저가·고가 대비 현재위치"":4.0,""과열·급락 위험"":2.5,""20일 평균 거래대금과 거래량"":6.0,""하루평균 절대등락률"":4.0}"
006370,대구백화점,KOSPI,2026-09-11,LIMITED,,,,,,,,,8,매출 성장과 안정성:MISSING_REVENUE_GROWTH_INPUT;영업현금흐름:MISSING_OCF_MARGIN_INPUT;PER:MISSING_PER;EV/EBITDA:EV_EBITDA_INPUT:OK:NO_EXACT_CANDIDATE;PSR 또는 대체 가치지표:MISSING_PSR_INPUT;최근 3년 매출 성장률:MISSING_3Y_REVENUE;최근 분기 실적 가속·둔화:MISSING_ACCEL_INPUT;수급·공시부담:SUPPLY_STATUS_LIMITED,,UNAVAILABLE,false,"{""영업이익 성장과 흑자 여부"":0.0,""순이익 흐름"":0.0,""영업이익률"":0.0,""ROE"":0.0,""부채비율"":1.0,""PBR"":3.0,""최근 3년 영업이익 성장률"":0.0,""흑자 지속성과 이익 안정성"":0.0,""순현금·기업가치 상태"":0.0,""1개월 가격흐름"":0.0,""3개월 가격흐름"":0.0,""기간 저가·고가 대비 현재위치"":3.5,""과열·급락 위험"":0.0,""20일 평균 거래대금과 거래량"":0.0,""하루평균 절대등락률"":3.0}"
006380,카프로,KOSPI,2026-09-11,LIMITED,,,,,,,,,6,PER:MISSING_PER;EV/EBITDA:EV_EBITDA_INPUT:OK:NO_EXACT_CANDIDATE;최근 분기 실적 가속·둔화:ANNUAL_OP_DENOM_NONPOSITIVE;기간 저가·고가 대비 현재위치:MISSING_POSITION;과열·급락 위험:MISSING_RISK_INPUT;수급·공시부담:SUPPLY_STATUS_LIMITED,,DIRECT,false,"{""매출 성장과 안정성"":3.5,""영업이익 성장과 흑자 여부"":0.0,""순이익 흐름"":0.0,""영업이익률"":0.0,""ROE"":0.0,""부채비율"":1.0,""영업현금흐름"":0.0,""PBR"":3.0,""PSR 또는 대체 가치지표"":2.5,""최근 3년 매출 성장률"":2.5,""최근 3년 영업이익 성장률"":0.0,""흑자 지속성과 이익 안정성"":0.0,""순현금·기업가치 상태"":0.0,""1개월 가격흐름"":0.0,""3개월 가격흐름"":0.0,""20일 평균 거래대금과 거래량"":1.0,""하루평균 절대등락률"":1.5}"
006650,대한유화,KOSPI,2026-09-11,LIMITED,,,,,,,,,3,EV/EBITDA:EV_EBITDA_INPUT:OK:NO_EXACT_CANDIDATE;최근 분기 실적 가속·둔화:ANNUAL_OP_DENOM_NONPOSITIVE;수급·공시부담:SUPPLY_STATUS_LIMITED,,DIRECT,false,"{""매출 성장과 안정성"":4.5,""영업이익 성장과 흑자 여부"":5.5,""순이익 흐름"":2.0,""영업이익률"":2.0,""ROE"":2.0,""부채비율"":3.0,""영업현금흐름"":2.5,""PER"":8.0,""PBR"":5.0,""PSR 또는 대체 가치지표"":3.0,""최근 3년 매출 성장률"":3.5,""최근 3년 영업이익 성장률"":3.0,""흑자 지속성과 이익 안정성"":1.5,""순현금·기업가치 상태"":0.5,""1개월 가격흐름"":4.0,""3개월 가격흐름"":0.5,""기간 저가·고가 대비 현재위치"":4.0,""과열·급락 위험"":2.5,""20일 평균 거래대금과 거래량"":2.5,""하루평균 절대등락률"":3.0}"
008770,호텔신라,KOSPI,2026-09-11,LIMITED,,,,,,,,,2,최근 분기 실적 가속·둔화:ANNUAL_OP_DENOM_NONPOSITIVE;수급·공시부담:SUPPLY_STATUS_LIMITED,,DIRECT,false,"{""매출 성장과 안정성"":3.0,""영업이익 성장과 흑자 여부"":7.0,""순이익 흐름"":3.0,""영업이익률"":2.0,""ROE"":1.0,""부채비율"":1.0,""영업현금흐름"":1.5,""PER"":4.0,""PBR"":3.0,""EV/EBITDA"":0.0,""PSR 또는 대체 가치지표"":3.0,""최근 3년 매출 성장률"":2.5,""최근 3년 영업이익 성장률"":3.0,""흑자 지속성과 이익 안정성"":2.0,""순현금·기업가치 상태"":0.5,""1개월 가격흐름"":1.0,""3개월 가격흐름"":0.0,""기간 저가·고가 대비 현재위치"":3.5,""과열·급락 위험"":1.0,""20일 평균 거래대금과 거래량"":4.0,""하루평균 절대등락률"":4.0}"
008930,한미사이언스,KOSPI,2026-09-11,LIMITED,,,,,,,,,1,수급·공시부담:SUPPLY_STATUS_LIMITED,SECTOR_STRUCTURAL_NONCOMPARABILITY,DIRECT,true,"{""매출 성장과 안정성"":4.5,""영업이익 성장과 흑자 여부"":6.0,""순이익 흐름"":3.0,""영업이익률"":3.0,""ROE"":4.0,""부채비율"":1.5,""영업현금흐름"":2.0,""PER"":4.0,""PBR"":2.0,""EV/EBITDA"":2.0,""PSR 또는 대체 가치지표"":1.5,""최근 3년 매출 성장률"":1.5,""최근 3년 영업이익 성장률"":2.0,""최근 분기 실적 가속·둔화"":2.5,""흑자 지속성과 이익 안정성"":2.0,""순현금·기업가치 상태"":1.0,""1개월 가격흐름"":4.0,""3개월 가격흐름"":1.5,""기간 저가·고가 대비 현재위치"":3.0,""과열·급락 위험"":2.0,""20일 평균 거래대금과 거래량"":4.5,""하루평균 절대등락률"":1.5}"
009200,무림페이퍼,KOSPI,2026-09-11,LIMITED,,,,,,,,,3,PER:MISSING_PER;EV/EBITDA:EV_EBITDA_INPUT:OK:NO_EXACT_CANDIDATE;수급·공시부담:SUPPLY_STATUS_LIMITED,,DIRECT,false,"{""매출 성장과 안정성"":2.5,""영업이익 성장과 흑자 여부"":7.0,""순이익 흐름"":1.5,""영업이익률"":2.0,""ROE"":0.0,""부채비율"":0.5,""영업현금흐름"":1.5,""PBR"":3.0,""PSR 또는 대체 가치지표"":3.0,""최근 3년 매출 성장률"":0.5,""최근 3년 영업이익 성장률"":0.5,""최근 분기 실적 가속·둔화"":3.0,""흑자 지속성과 이익 안정성"":2.0,""순현금·기업가치 상태"":0.0,""1개월 가격흐름"":1.0,""3개월 가격흐름"":2.5,""기간 저가·고가 대비 현재위치"":4.0,""과열·급락 위험"":1.0,""20일 평균 거래대금과 거래량"":0.5,""하루평균 절대등락률"":2.5}"
009420,한올바이오파마,KOSPI,2026-09-11,LIMITED,,,,,,,,,3,PER:MISSING_PER;EV/EBITDA:EV_EBITDA_INPUT:OK:NO_EXACT_CANDIDATE;수급·공시부담:SUPPLY_STATUS_LIMITED,,DIRECT,false,"{""매출 성장과 안정성"":4.5,""영업이익 성장과 흑자 여부"":7.0,""순이익 흐름"":1.5,""영업이익률"":3.0,""ROE"":0.0,""부채비율"":3.0,""영업현금흐름"":0.0,""PBR"":0.5,""PSR 또는 대체 가치지표"":0.0,""최근 3년 매출 성장률"":2.5,""최근 3년 영업이익 성장률"":0.0,""최근 분기 실적 가속·둔화"":1.0,""흑자 지속성과 이익 안정성"":2.0,""순현금·기업가치 상태"":1.0,""1개월 가격흐름"":1.0,""3개월 가격흐름"":1.5,""기간 저가·고가 대비 현재위치"":4.0,""과열·급락 위험"":0.0,""20일 평균 거래대금과 거래량"":4.0,""하루평균 절대등락률"":3.0}"
009540,HD한국조선해양,KOSPI,2026-09-11,LIMITED,,,,,,,,,1,수급·공시부담:SUPPLY_STATUS_LIMITED,SECTOR_STRUCTURAL_NONCOMPARABILITY,DIRECT,true,"{""매출 성장과 안정성"":5.0,""영업이익 성장과 흑자 여부"":6.0,""순이익 흐름"":3.0,""영업이익률"":3.5,""ROE"":3.5,""부채비율"":1.5,""영업현금흐름"":2.0,""PER"":8.0,""PBR"":3.5,""EV/EBITDA"":2.0,""PSR 또는 대체 가치지표"":1.5,""최근 3년 매출 성장률"":3.5,""최근 3년 영업이익 성장률"":4.0,""최근 분기 실적 가속·둔화"":0.5,""흑자 지속성과 이익 안정성"":2.0,""순현금·기업가치 상태"":1.0,""1개월 가격흐름"":1.0,""3개월 가격흐름"":1.5,""기간 저가·고가 대비 현재위치"":4.0,""과열·급락 위험"":2.5,""20일 평균 거래대금과 거래량"":5.5,""하루평균 절대등락률"":4.0}"
010130,고려아연,KOSPI,2026-09-11,LIMITED,,,,,,,,,2,EV/EBITDA:EV_EBITDA_INPUT:OK:NO_EXACT_CANDIDATE;수급·공시부담:SUPPLY_STATUS_LIMITED,,DIRECT,false,"{""매출 성장과 안정성"":5.0,""영업이익 성장과 흑자 여부"":7.0,""순이익 흐름"":3.0,""영업이익률"":3.0,""ROE"":3.0,""부채비율"":2.5,""영업현금흐름"":0.0,""PER"":5.5,""PBR"":2.0,""PSR 또는 대체 가치지표"":1.5,""최근 3년 매출 성장률"":4.0,""최근 3년 영업이익 성장률"":4.0,""최근 분기 실적 가속·둔화"":3.0,""흑자 지속성과 이익 안정성"":2.0,""순현금·기업가치 상태"":1.0,""1개월 가격흐름"":2.0,""3개월 가격흐름"":2.5,""기간 저가·고가 대비 현재위치"":4.0,""과열·급락 위험"":1.0,""20일 평균 거래대금과 거래량"":4.5,""하루평균 절대등락률"":4.0}"
011200,HMM,KOSPI,2026-09-11,LIMITED,,,,,,,,,2,EV/EBITDA:EV_EBITDA_INPUT:OK:NO_EXACT_CANDIDATE;수급·공시부담:SUPPLY_STATUS_LIMITED,,DIRECT,false,"{""매출 성장과 안정성"":4.0,""영업이익 성장과 흑자 여부"":3.0,""순이익 흐름"":1.5,""영업이익률"":3.0,""ROE"":2.0,""부채비율"":3.0,""영업현금흐름"":4.0,""PER"":5.0,""PBR"":4.5,""PSR 또는 대체 가치지표"":1.5,""최근 3년 매출 성장률"":3.5,""최근 3년 영업이익 성장률"":4.0,""최근 분기 실적 가속·둔화"":3.0,""흑자 지속성과 이익 안정성"":2.0,""순현금·기업가치 상태"":1.5,""1개월 가격흐름"":2.0,""3개월 가격흐름"":3.0,""기간 저가·고가 대비 현재위치"":4.0,""과열·급락 위험"":1.5,""20일 평균 거래대금과 거래량"":4.5,""하루평균 절대등락률"":4.0}"
012160,영흥,KOSPI,2026-09-11,LIMITED,,,,,,,,,5,PER:MISSING_PER;EV/EBITDA:EV_EBITDA_INPUT:OK:NO_EXACT_CANDIDATE;기간 저가·고가 대비 현재위치:MISSING_POSITION;과열·급락 위험:MISSING_RISK_INPUT;수급·공시부담:SUPPLY_STATUS_LIMITED,,DIRECT,false,"{""매출 성장과 안정성"":0.0,""영업이익 성장과 흑자 여부"":5.5,""순이익 흐름"":2.0,""영업이익률"":1.0,""ROE"":0.0,""부채비율"":2.0,""영업현금흐름"":2.5,""PBR"":3.0,""PSR 또는 대체 가치지표"":3.0,""최근 3년 매출 성장률"":0.0,""최근 3년 영업이익 성장률"":0.0,""최근 분기 실적 가속·둔화"":2.5,""흑자 지속성과 이익 안정성"":1.5,""순현금·기업가치 상태"":0.0,""1개월 가격흐름"":1.0,""3개월 가격흐름"":1.5,""20일 평균 거래대금과 거래량"":0.5,""하루평균 절대등락률"":4.0}"
012280,영화금속,KOSPI,2026-09-11,LIMITED,,,,,,,,,3,기간 저가·고가 대비 현재위치:MISSING_POSITION;과열·급락 위험:MISSING_RISK_INPUT;수급·공시부담:SUPPLY_STATUS_LIMITED,,DIRECT,false,"{""매출 성장과 안정성"":3.0,""영업이익 성장과 흑자 여부"":3.0,""순이익 흐름"":2.5,""영업이익률"":2.0,""ROE"":4.0,""부채비율"":2.0,""영업현금흐름"":1.5,""PER"":8.0,""PBR"":5.0,""EV/EBITDA"":4.0,""PSR 또는 대체 가치지표"":3.0,""최근 3년 매출 성장률"":2.5,""최근 3년 영업이익 성장률"":4.0,""최근 분기 실적 가속·둔화"":0.0,""흑자 지속성과 이익 안정성"":2.0,""순현금·기업가치 상태"":1.5,""1개월 가격흐름"":2.5,""3개월 가격흐름"":1.5,""20일 평균 거래대금과 거래량"":0.5,""하루평균 절대등락률"":0.5}"
012450,한화에어로스페이스,KOSPI,2026-09-11,LIMITED,,,,,,,,,2,EV/EBITDA:EV_EBITDA_INPUT:OK:NO_EXACT_CANDIDATE;수급·공시부담:SUPPLY_STATUS_LIMITED,,DIRECT,false,"{""매출 성장과 안정성"":5.0,""영업이익 성장과 흑자 여부"":6.0,""순이익 흐름"":3.0,""영업이익률"":3.0,""ROE"":4.0,""부채비율"":2.0,""영업현금흐름"":3.5,""PER"":5.5,""PBR"":2.0,""PSR 또는 대체 가치지표"":1.5,""최근 3년 매출 성장률"":4.0,""최근 3년 영업이익 성장률"":4.0,""최근 분기 실적 가속·둔화"":0.5,""흑자 지속성과 이익 안정성"":2.0,""순현금·기업가치 상태"":1.0,""1개월 가격흐름"":2.0,""3개월 가격흐름"":2.5,""기간 저가·고가 대비 현재위치"":4.0,""과열·급락 위험"":2.0,""20일 평균 거래대금과 거래량"":6.0,""하루평균 절대등락률"":4.0}"
012690,모나리자,KOSPI,2026-09-11,LIMITED,,,,,,,,,2,EV/EBITDA:EV_EBITDA_INPUT:OK:NO_EXACT_CANDIDATE;수급·공시부담:SUPPLY_STATUS_LIMITED,,DIRECT,false,"{""매출 성장과 안정성"":2.5,""영업이익 성장과 흑자 여부"":7.0,""순이익 흐름"":3.0,""영업이익률"":1.0,""ROE"":1.0,""부채비율"":3.0,""영업현금흐름"":1.5,""PER"":4.0,""PBR"":3.0,""PSR 또는 대체 가치지표"":3.0,""최근 3년 매출 성장률"":0.5,""최근 3년 영업이익 성장률"":0.5,""최근 분기 실적 가속·둔화"":3.0,""흑자 지속성과 이익 안정성"":2.0,""순현금·기업가치 상태"":2.0,""1개월 가격흐름"":2.0,""3개월 가격흐름"":0.5,""기간 저가·고가 대비 현재위치"":3.5,""과열·급락 위험"":2.5,""20일 평균 거래대금과 거래량"":0.0,""하루평균 절대등락률"":2.5}"
013360,일성건설,KOSPI,2026-09-11,LIMITED,,,,,,,,,3,EV/EBITDA:EV_EBITDA_INPUT:OK:NO_EXACT_CANDIDATE;최근 분기 실적 가속·둔화:ANNUAL_OP_DENOM_NONPOSITIVE;수급·공시부담:SUPPLY_STATUS_LIMITED,,DIRECT,false,"{""매출 성장과 안정성"":0.0,""영업이익 성장과 흑자 여부"":3.0,""순이익 흐름"":2.0,""영업이익률"":1.0,""ROE"":1.0,""부채비율"":0.5,""영업현금흐름"":1.5,""PER"":2.0,""PBR"":3.0,""PSR 또는 대체 가치지표"":3.0,""최근 3년 매출 성장률"":0.0,""최근 3년 영업이익 성장률"":3.0,""흑자 지속성과 이익 안정성"":2.0,""순현금·기업가치 상태"":0.0,""1개월 가격흐름"":1.0,""3개월 가격흐름"":3.0,""기간 저가·고가 대비 현재위치"":5.0,""과열·급락 위험"":0.5,""20일 평균 거래대금과 거래량"":0.5,""하루평균 절대등락률"":2.5}"
013570,디와이,KOSPI,2026-09-11,LIMITED,,,,,,,,,1,수급·공시부담:SUPPLY_STATUS_LIMITED,SECTOR_STRUCTURAL_NONCOMPARABILITY,DIRECT,true,"{""매출 성장과 안정성"":4.0,""영업이익 성장과 흑자 여부"":4.0,""순이익 흐름"":3.0,""영업이익률"":2.0,""ROE"":2.0,""부채비율"":1.5,""영업현금흐름"":2.0,""PER"":8.0,""PBR"":5.0,""EV/EBITDA"":2.0,""PSR 또는 대체 가치지표"":1.5,""최근 3년 매출 성장률"":1.5,""최근 3년 영업이익 성장률"":2.0,""최근 분기 실적 가속·둔화"":3.0,""흑자 지속성과 이익 안정성"":2.0,""순현금·기업가치 상태"":1.0,""1개월 가격흐름"":3.0,""3개월 가격흐름"":3.0,""기간 저가·고가 대비 현재위치"":3.0,""과열·급락 위험"":1.5,""20일 평균 거래대금과 거래량"":0.0,""하루평균 절대등락률"":4.0}"
014160,대영포장,KOSPI,2026-09-11,LIMITED,,,,,,,,,5,PER:MISSING_PER;EV/EBITDA:EV_EBITDA_INPUT:OK:NO_EXACT_CANDIDATE;기간 저가·고가 대비 현재위치:MISSING_POSITION;과열·급락 위험:MISSING_RISK_INPUT;수급·공시부담:SUPPLY_STATUS_LIMITED,,DIRECT,false,"{""매출 성장과 안정성"":2.5,""영업이익 성장과 흑자 여부"":2.0,""순이익 흐름"":1.5,""영업이익률"":1.0,""ROE"":0.0,""부채비율"":3.0,""영업현금흐름"":1.5,""PBR"":3.0,""PSR 또는 대체 가치지표"":3.0,""최근 3년 매출 성장률"":1.5,""최근 3년 영업이익 성장률"":0.5,""최근 분기 실적 가속·둔화"":3.0,""흑자 지속성과 이익 안정성"":2.0,""순현금·기업가치 상태"":1.5,""1개월 가격흐름"":1.0,""3개월 가격흐름"":0.5,""20일 평균 거래대금과 거래량"":0.0,""하루평균 절대등락률"":4.0}"
017670,SK텔레콤,KOSPI,2026-09-11,LIMITED,,,,,,,,,2,EV/EBITDA:EV_EBITDA_INPUT:OK:NO_EXACT_CANDIDATE;수급·공시부담:SUPPLY_STATUS_LIMITED,,DIRECT,false,"{""매출 성장과 안정성"":2.5,""영업이익 성장과 흑자 여부"":5.0,""순이익 흐름"":3.0,""영업이익률"":3.0,""ROE"":3.0,""부채비율"":2.0,""영업현금흐름"":4.0,""PER"":6.5,""PBR"":3.5,""PSR 또는 대체 가치지표"":2.5,""최근 3년 매출 성장률"":0.5,""최근 3년 영업이익 성장률"":0.5,""최근 분기 실적 가속·둔화"":3.0,""흑자 지속성과 이익 안정성"":2.0,""순현금·기업가치 상태"":0.0,""1개월 가격흐름"":4.0,""3개월 가격흐름"":1.5,""기간 저가·고가 대비 현재위치"":4.0,""과열·급락 위험"":2.0,""20일 평균 거래대금과 거래량"":5.5,""하루평균 절대등락률"":4.0}"
018260,삼성에스디에스,KOSPI,2026-09-11,LIMITED,,,,,,,,,2,EV/EBITDA:EV_EBITDA_INPUT:EMPTY_AS_ZERO:NO_EXACT_CANDIDATE;수급·공시부담:SUPPLY_STATUS_LIMITED,,DIRECT,false,"{""매출 성장과 안정성"":3.0,""영업이익 성장과 흑자 여부"":2.0,""순이익 흐름"":2.0,""영업이익률"":2.0,""ROE"":2.0,""부채비율"":3.0,""영업현금흐름"":2.5,""PER"":2.0,""PBR"":3.5,""PSR 또는 대체 가치지표"":2.5,""최근 3년 매출 성장률"":1.5,""최근 3년 영업이익 성장률"":2.0,""최근 분기 실적 가속·둔화"":1.0,""흑자 지속성과 이익 안정성"":2.0,""순현금·기업가치 상태"":1.5,""1개월 가격흐름"":1.0,""3개월 가격흐름"":1.5,""기간 저가·고가 대비 현재위치"":4.0,""과열·급락 위험"":0.5,""20일 평균 거래대금과 거래량"":5.0,""하루평균 절대등락률"":4.0}"
020000,한섬,KOSPI,2026-09-11,LIMITED,,,,,,,,,2,EV/EBITDA:EV_EBITDA_INPUT:OK:NO_EXACT_CANDIDATE;수급·공시부담:SUPPLY_STATUS_LIMITED,,DIRECT,false,"{""매출 성장과 안정성"":4.0,""영업이익 성장과 흑자 여부"":7.0,""순이익 흐름"":3.0,""영업이익률"":2.0,""ROE"":1.0,""부채비율"":3.0,""영업현금흐름"":2.5,""PER"":8.0,""PBR"":3.0,""PSR 또는 대체 가치지표"":3.0,""최근 3년 매출 성장률"":0.5,""최근 3년 영업이익 성장률"":0.5,""최근 분기 실적 가속·둔화"":3.0,""흑자 지속성과 이익 안정성"":2.0,""순현금·기업가치 상태"":1.0,""1개월 가격흐름"":1.0,""3개월 가격흐름"":0.0,""기간 저가·고가 대비 현재위치"":3.5,""과열·급락 위험"":1.0,""20일 평균 거래대금과 거래량"":2.5,""하루평균 절대등락률"":2.5}"
020560,아시아나항공,KOSPI,2026-09-11,LIMITED,,,,,,,,,3,PER:MISSING_PER;EV/EBITDA:EV_EBITDA_INPUT:OK:NO_EXACT_CANDIDATE;수급·공시부담:SUPPLY_STATUS_LIMITED,,DIRECT,false,"{""매출 성장과 안정성"":1.0,""영업이익 성장과 흑자 여부"":0.5,""순이익 흐름"":0.5,""영업이익률"":0.0,""ROE"":0.0,""부채비율"":0.0,""영업현금흐름"":1.5,""PBR"":1.0,""PSR 또는 대체 가치지표"":3.0,""최근 3년 매출 성장률"":0.5,""최근 3년 영업이익 성장률"":0.0,""최근 분기 실적 가속·둔화"":0.0,""흑자 지속성과 이익 안정성"":0.5,""순현금·기업가치 상태"":2.0,""1개월 가격흐름"":4.0,""3개월 가격흐름"":3.0,""기간 저가·고가 대비 현재위치"":3.0,""과열·급락 위험"":3.0,""20일 평균 거래대금과 거래량"":1.5,""하루평균 절대등락률"":4.0}"
021240,코웨이,KOSPI,2026-09-11,LIMITED,,,,,,,,,2,EV/EBITDA:EV_EBITDA_INPUT:OK:NO_EXACT_CANDIDATE;수급·공시부담:SUPPLY_STATUS_LIMITED,,DIRECT,false,"{""매출 성장과 안정성"":4.5,""영업이익 성장과 흑자 여부"":5.0,""순이익 흐름"":3.0,""영업이익률"":3.5,""ROE"":4.0,""부채비율"":2.0,""영업현금흐름"":1.5,""PER"":7.5,""PBR"":3.5,""PSR 또는 대체 가치지표"":2.5,""최근 3년 매출 성장률"":3.5,""최근 3년 영업이익 성장률"":2.0,""최근 분기 실적 가속·둔화"":1.5,""흑자 지속성과 이익 안정성"":2.0,""순현금·기업가치 상태"":0.5,""1개월 가격흐름"":2.0,""3개월 가격흐름"":2.5,""기간 저가·고가 대비 현재위치"":3.0,""과열·급락 위험"":1.5,""20일 평균 거래대금과 거래량"":4.5,""하루평균 절대등락률"":4.0}"
022100,포스코DX,KOSPI,2026-09-11,LIMITED,,,,,,,,,2,EV/EBITDA:EV_EBITDA_INPUT:OK:NO_EXACT_CANDIDATE;수급·공시부담:SUPPLY_STATUS_LIMITED,,DIRECT,false,"{""매출 성장과 안정성"":0.0,""영업이익 성장과 흑자 여부"":2.0,""순이익 흐름"":1.5,""영업이익률"":1.0,""ROE"":2.0,""부채비율"":3.0,""영업현금흐름"":3.5,""PER"":1.0,""PBR"":1.0,""PSR 또는 대체 가치지표"":0.5,""최근 3년 매출 성장률"":0.0,""최근 3년 영업이익 성장률"":0.5,""최근 분기 실적 가속·둔화"":2.5,""흑자 지속성과 이익 안정성"":2.0,""순현금·기업가치 상태"":1.5,""1개월 가격흐름"":3.0,""3개월 가격흐름"":0.5,""기간 저가·고가 대비 현재위치"":4.0,""과열·급락 위험"":3.0,""20일 평균 거래대금과 거래량"":4.5,""하루평균 절대등락률"":4.0}"
023960,에쓰씨엔지니어링,KOSPI,2026-09-11,LIMITED,,,,,,,,,3,PER:MISSING_PER;EV/EBITDA:EV_EBITDA_INPUT:EMPTY_AS_ZERO:NO_EXACT_CANDIDATE;수급·공시부담:SUPPLY_STATUS_LIMITED,,DIRECT,false,"{""매출 성장과 안정성"":0.0,""영업이익 성장과 흑자 여부"":0.0,""순이익 흐름"":0.0,""영업이익률"":0.0,""ROE"":0.0,""부채비율"":2.0,""영업현금흐름"":1.5,""PBR"":3.0,""PSR 또는 대체 가치지표"":3.0,""최근 3년 매출 성장률"":3.5,""최근 3년 영업이익 성장률"":0.0,""최근 분기 실적 가속·둔화"":0.0,""흑자 지속성과 이익 안정성"":0.0,""순현금·기업가치 상태"":2.0,""1개월 가격흐름"":4.0,""3개월 가격흐름"":3.0,""기간 저가·고가 대비 현재위치"":4.0,""과열·급락 위험"":3.0,""20일 평균 거래대금과 거래량"":0.5,""하루평균 절대등락률"":2.5}"
024720,콜마홀딩스,KOSPI,2026-09-11,LIMITED,,,,,,,,,1,수급·공시부담:SUPPLY_STATUS_LIMITED,SECTOR_STRUCTURAL_NONCOMPARABILITY,DIRECT,true,"{""매출 성장과 안정성"":1.0,""영업이익 성장과 흑자 여부"":7.0,""순이익 흐름"":3.0,""영업이익률"":3.5,""ROE"":4.0,""부채비율"":1.5,""영업현금흐름"":2.0,""PER"":8.0,""PBR"":5.0,""EV/EBITDA"":2.0,""PSR 또는 대체 가치지표"":1.5,""최근 3년 매출 성장률"":0.5,""최근 3년 영업이익 성장률"":4.0,""최근 분기 실적 가속·둔화"":0.5,""흑자 지속성과 이익 안정성"":2.0,""순현금·기업가치 상태"":1.0,""1개월 가격흐름"":1.0,""3개월 가격흐름"":3.0,""기간 저가·고가 대비 현재위치"":4.0,""과열·급락 위험"":1.0,""20일 평균 거래대금과 거래량"":0.0,""하루평균 절대등락률"":4.0}"
028050,삼성E&A,KOSPI,2026-09-11,LIMITED,,,,,,,,,2,EV/EBITDA:EV_EBITDA_INPUT:OK:NO_EXACT_CANDIDATE;수급·공시부담:SUPPLY_STATUS_LIMITED,,DIRECT,false,"{""매출 성장과 안정성"":2.5,""영업이익 성장과 흑자 여부"":6.0,""순이익 흐름"":2.5,""영업이익률"":3.0,""ROE"":3.0,""부채비율"":2.0,""영업현금흐름"":1.5,""PER"":6.5,""PBR"":3.5,""PSR 또는 대체 가치지표"":2.5,""최근 3년 매출 성장률"":0.0,""최근 3년 영업이익 성장률"":0.5,""최근 분기 실적 가속·둔화"":3.0,""흑자 지속성과 이익 안정성"":2.0,""순현금·기업가치 상태"":1.5,""1개월 가격흐름"":3.0,""3개월 가격흐름"":3.0,""기간 저가·고가 대비 현재위치"":4.0,""과열·급락 위험"":2.5,""20일 평균 거래대금과 거래량"":5.0,""하루평균 절대등락률"":4.0}"
029530,신도리코,KOSPI,2026-09-11,LIMITED,,,,,,,,,2,EV/EBITDA:EV_EBITDA_INPUT:OK:NO_EXACT_CANDIDATE;수급·공시부담:SUPPLY_STATUS_LIMITED,,DIRECT,false,"{""매출 성장과 안정성"":0.0,""영업이익 성장과 흑자 여부"":0.5,""순이익 흐름"":0.5,""영업이익률"":0.0,""ROE"":1.0,""부채비율"":3.0,""영업현금흐름"":3.5,""PER"":0.0,""PBR"":3.0,""PSR 또는 대체 가치지표"":2.5,""최근 3년 매출 성장률"":0.0,""최근 3년 영업이익 성장률"":0.5,""최근 분기 실적 가속·둔화"":0.0,""흑자 지속성과 이익 안정성"":0.5,""순현금·기업가치 상태"":2.0,""1개월 가격흐름"":2.0,""3개월 가격흐름"":1.5,""기간 저가·고가 대비 현재위치"":5.0,""과열·급락 위험"":1.0,""20일 평균 거래대금과 거래량"":0.0,""하루평균 절대등락률"":2.5}"
029780,삼성카드,KOSPI,2026-09-11,LIMITED,,,,,,,,,4,매출 성장과 안정성:MISSING_REVENUE_GROWTH_INPUT;최근 3년 매출 성장률:MISSING_3Y_REVENUE;최근 분기 실적 가속·둔화:MISSING_ACCEL_INPUT;수급·공시부담:SUPPLY_STATUS_LIMITED,SECTOR_STRUCTURAL_NONCOMPARABILITY,UNAVAILABLE,true,"{""영업이익 성장과 흑자 여부"":4.0,""순이익 흐름"":2.0,""영업이익률"":4.0,""ROE"":2.0,""부채비율"":1.5,""영업현금흐름"":2.0,""PER"":7.5,""PBR"":5.0,""EV/EBITDA"":2.0,""PSR 또는 대체 가치지표"":1.5,""최근 3년 영업이익 성장률"":2.0,""흑자 지속성과 이익 안정성"":2.0,""순현금·기업가치 상태"":1.0,""1개월 가격흐름"":2.0,""3개월 가격흐름"":1.5,""기간 저가·고가 대비 현재위치"":3.5,""과열·급락 위험"":2.5,""20일 평균 거래대금과 거래량"":4.0,""하루평균 절대등락률"":2.5}"
034020,두산에너빌리티,KOSPI,2026-09-11,LIMITED,,,,,,,,,2,EV/EBITDA:EV_EBITDA_INPUT:OK:NO_EXACT_CANDIDATE;수급·공시부담:SUPPLY_STATUS_LIMITED,,DIRECT,false,"{""매출 성장과 안정성"":4.0,""영업이익 성장과 흑자 여부"":6.0,""순이익 흐름"":3.0,""영업이익률"":2.0,""ROE"":1.0,""부채비율"":2.0,""영업현금흐름"":1.5,""PER"":1.0,""PBR"":2.0,""PSR 또는 대체 가치지표"":1.5,""최근 3년 매출 성장률"":0.5,""최근 3년 영업이익 성장률"":0.5,""최근 분기 실적 가속·둔화"":1.0,""흑자 지속성과 이익 안정성"":2.0,""순현금·기업가치 상태"":1.0,""1개월 가격흐름"":3.5,""3개월 가격흐름"":2.5,""기간 저가·고가 대비 현재위치"":4.0,""과열·급락 위험"":2.5,""20일 평균 거래대금과 거래량"":6.0,""하루평균 절대등락률"":3.0}"
035420,NAVER,KOSPI,2026-09-11,LIMITED,,,,,,,,,2,EV/EBITDA:EV_EBITDA_INPUT:OK:NO_EXACT_CANDIDATE;수급·공시부담:SUPPLY_STATUS_LIMITED,,DIRECT,false,"{""매출 성장과 안정성"":5.0,""영업이익 성장과 흑자 여부"":4.0,""순이익 흐름"":2.5,""영업이익률"":3.5,""ROE"":2.0,""부채비율"":3.0,""영업현금흐름"":4.0,""PER"":5.5,""PBR"":4.5,""PSR 또는 대체 가치지표"":1.5,""최근 3년 매출 성장률"":3.5,""최근 3년 영업이익 성장률"":3.0,""최근 분기 실적 가속·둔화"":0.5,""흑자 지속성과 이익 안정성"":2.0,""순현금·기업가치 상태"":1.5,""1개월 가격흐름"":2.0,""3개월 가격흐름"":1.5,""기간 저가·고가 대비 현재위치"":5.0,""과열·급락 위험"":1.0,""20일 평균 거래대금과 거래량"":6.0,""하루평균 절대등락률"":4.0}"
035720,카카오,KOSPI,2026-09-11,LIMITED,,,,,,,,,2,EV/EBITDA:EV_EBITDA_INPUT:OK:NO_EXACT_CANDIDATE;수급·공시부담:SUPPLY_STATUS_LIMITED,,DIRECT,false,"{""매출 성장과 안정성"":4.5,""영업이익 성장과 흑자 여부"":6.0,""순이익 흐름"":1.5,""영업이익률"":3.0,""ROE"":1.0,""부채비율"":2.5,""영업현금흐름"":3.5,""PER"":2.0,""PBR"":3.0,""PSR 또는 대체 가치지표"":1.5,""최근 3년 매출 성장률"":1.5,""최근 3년 영업이익 성장률"":3.0,""최근 분기 실적 가속·둔화"":1.5,""흑자 지속성과 이익 안정성"":2.0,""순현금·기업가치 상태"":2.0,""1개월 가격흐름"":0.0,""3개월 가격흐름"":0.5,""기간 저가·고가 대비 현재위치"":5.0,""과열·급락 위험"":1.0,""20일 평균 거래대금과 거래량"":5.0,""하루평균 절대등락률"":4.0}"
036570,NC,KOSPI,2026-09-11,LIMITED,,,,,,,,,2,최근 분기 실적 가속·둔화:ANNUAL_OP_DENOM_NONPOSITIVE;수급·공시부담:SUPPLY_STATUS_LIMITED,,DIRECT,false,"{""매출 성장과 안정성"":3.0,""영업이익 성장과 흑자 여부"":7.0,""순이익 흐름"":3.0,""영업이익률"":3.5,""ROE"":4.0,""부채비율"":3.0,""영업현금흐름"":3.5,""PER"":7.5,""PBR"":3.5,""EV/EBITDA"":0.0,""PSR 또는 대체 가치지표"":1.5,""최근 3년 매출 성장률"":0.0,""최근 3년 영업이익 성장률"":3.0,""흑자 지속성과 이익 안정성"":2.0,""순현금·기업가치 상태"":1.5,""1개월 가격흐름"":0.0,""3개월 가격흐름"":0.5,""기간 저가·고가 대비 현재위치"":3.5,""과열·급락 위험"":1.0,""20일 평균 거래대금과 거래량"":4.0,""하루평균 절대등락률"":4.0}"
044380,주연테크,KOSPI,2026-09-11,LIMITED,,,,,,,,,4,EV/EBITDA:EV_EBITDA_INPUT:OK:NO_EXACT_CANDIDATE;기간 저가·고가 대비 현재위치:MISSING_POSITION;과열·급락 위험:MISSING_RISK_INPUT;수급·공시부담:SUPPLY_STATUS_LIMITED,,DIRECT,false,"{""매출 성장과 안정성"":4.5,""영업이익 성장과 흑자 여부"":5.5,""순이익 흐름"":2.0,""영업이익률"":1.0,""ROE"":1.0,""부채비율"":3.0,""영업현금흐름"":1.5,""PER"":8.0,""PBR"":3.0,""PSR 또는 대체 가치지표"":3.0,""최근 3년 매출 성장률"":3.5,""최근 3년 영업이익 성장률"":0.0,""최근 분기 실적 가속·둔화"":3.0,""흑자 지속성과 이익 안정성"":1.5,""순현금·기업가치 상태"":2.0,""1개월 가격흐름"":0.0,""3개월 가격흐름"":0.0,""20일 평균 거래대금과 거래량"":1.0,""하루평균 절대등락률"":1.5}"
047050,포스코인터내셔널,KOSPI,2026-09-11,LIMITED,,,,,,,,,2,EV/EBITDA:EV_EBITDA_INPUT:OK:NO_EXACT_CANDIDATE;수급·공시부담:SUPPLY_STATUS_LIMITED,,DIRECT,false,"{""매출 성장과 안정성"":4.0,""영업이익 성장과 흑자 여부"":5.0,""순이익 흐름"":3.0,""영업이익률"":2.0,""ROE"":3.0,""부채비율"":2.0,""영업현금흐름"":2.5,""PER"":7.5,""PBR"":4.5,""PSR 또는 대체 가치지표"":3.0,""최근 3년 매출 성장률"":0.5,""최근 3년 영업이익 성장률"":1.0,""최근 분기 실적 가속·둔화"":3.0,""흑자 지속성과 이익 안정성"":2.0,""순현금·기업가치 상태"":0.5,""1개월 가격흐름"":3.0,""3개월 가격흐름"":1.5,""기간 저가·고가 대비 현재위치"":4.0,""과열·급락 위험"":3.0,""20일 평균 거래대금과 거래량"":5.0,""하루평균 절대등락률"":4.0}"
047810,한국항공우주,KOSPI,2026-09-11,LIMITED,,,,,,,,,2,EV/EBITDA:EV_EBITDA_INPUT:OK:NO_EXACT_CANDIDATE;수급·공시부담:SUPPLY_STATUS_LIMITED,,DIRECT,false,"{""매출 성장과 안정성"":4.5,""영업이익 성장과 흑자 여부"":3.0,""순이익 흐름"":2.0,""영업이익률"":2.0,""ROE"":2.0,""부채비율"":0.5,""영업현금흐름"":0.0,""PER"":1.0,""PBR"":1.0,""PSR 또는 대체 가치지표"":0.5,""최근 3년 매출 성장률"":0.5,""최근 3년 영업이익 성장률"":2.0,""최근 분기 실적 가속·둔화"":0.5,""흑자 지속성과 이익 안정성"":2.0,""순현금·기업가치 상태"":0.5,""1개월 가격흐름"":2.0,""3개월 가격흐름"":1.5,""기간 저가·고가 대비 현재위치"":4.0,""과열·급락 위험"":2.0,""20일 평균 거래대금과 거래량"":5.0,""하루평균 절대등락률"":4.0}"
051905,LG생활건강우,KOSPI,2026-09-11,LIMITED,,,,,,,,,17,매출 성장과 안정성:MISSING_REVENUE_GROWTH_INPUT;영업이익 성장과 흑자 여부:MISSING_OP_PROFIT;순이익 흐름:MISSING_EARNINGS_TREND;영업이익률:MISSING_MARGIN;ROE:MISSING_ROE;부채비율:MISSING_DEBT_RATIO;영업현금흐름:MISSING_OCF_MARGIN_INPUT;PER:MISSING_PER;PBR:MISSING_PBR_OR_ROE;EV/EBITDA:EV_EBITDA_INPUT:NO_EXACT_CANDIDATE:NO_EXACT_CANDIDATE;PSR 또는 대체 가치지표:MISSING_PSR_INPUT;최근 3년 매출 성장률:MISSING_3Y_REVENUE;최근 3년 영업이익 성장률:MISSING_3Y_OP;최근 분기 실적 가속·둔화:MISSING_ACCEL_INPUT;흑자 지속성과 이익 안정성:MISSING_EARNINGS_TREND;순현금·기업가치 상태:NETCASH_INPUT:NO_EXACT_CANDIDATE;수급·공시부담:SUPPLY_STATUS_LIMITED,,UNAVAILABLE,false,"{""1개월 가격흐름"":1.0,""3개월 가격흐름"":2.5,""기간 저가·고가 대비 현재위치"":4.0,""과열·급락 위험"":1.0,""20일 평균 거래대금과 거래량"":0.5,""하루평균 절대등락률"":2.5}"
058730,다스코,KOSPI,2026-09-11,LIMITED,,,,,,,,,3,PER:MISSING_PER;최근 분기 실적 가속·둔화:ANNUAL_OP_DENOM_NONPOSITIVE;수급·공시부담:SUPPLY_STATUS_LIMITED,,DIRECT,false,"{""매출 성장과 안정성"":2.5,""영업이익 성장과 흑자 여부"":0.0,""순이익 흐름"":0.0,""영업이익률"":0.0,""ROE"":0.0,""부채비율"":2.0,""영업현금흐름"":3.5,""PBR"":3.0,""EV/EBITDA"":4.0,""PSR 또는 대체 가치지표"":3.0,""최근 3년 매출 성장률"":0.0,""최근 3년 영업이익 성장률"":3.0,""흑자 지속성과 이익 안정성"":0.0,""순현금·기업가치 상태"":2.0,""1개월 가격흐름"":1.0,""3개월 가격흐름"":3.0,""기간 저가·고가 대비 현재위치"":5.0,""과열·급락 위험"":0.5,""20일 평균 거래대금과 거래량"":3.0,""하루평균 절대등락률"":3.0}"
058860,KTis,KOSPI,2026-09-11,LIMITED,,,,,,,,,2,EV/EBITDA:EV_EBITDA_INPUT:EMPTY_AS_ZERO:NO_EXACT_CANDIDATE;수급·공시부담:SUPPLY_STATUS_LIMITED,,DIRECT,false,"{""매출 성장과 안정성"":4.0,""영업이익 성장과 흑자 여부"":3.0,""순이익 흐름"":2.5,""영업이익률"":2.0,""ROE"":2.0,""부채비율"":2.5,""영업현금흐름"":2.5,""PER"":8.0,""PBR"":5.0,""PSR 또는 대체 가치지표"":3.0,""최근 3년 매출 성장률"":0.5,""최근 3년 영업이익 성장률"":2.0,""최근 분기 실적 가속·둔화"":0.5,""흑자 지속성과 이익 안정성"":2.0,""순현금·기업가치 상태"":2.0,""1개월 가격흐름"":2.0,""3개월 가격흐름"":1.5,""기간 저가·고가 대비 현재위치"":4.0,""과열·급락 위험"":2.5,""20일 평균 거래대금과 거래량"":0.0,""하루평균 절대등락률"":2.5}"
063160,종근당바이오,KOSPI,2026-09-11,LIMITED,,,,,,,,,3,PER:MISSING_PER;EV/EBITDA:EV_EBITDA_INPUT:OK:NO_EXACT_CANDIDATE;수급·공시부담:SUPPLY_STATUS_LIMITED,,DIRECT,false,"{""매출 성장과 안정성"":2.5,""영업이익 성장과 흑자 여부"":0.5,""순이익 흐름"":0.5,""영업이익률"":0.0,""ROE"":0.0,""부채비율"":2.0,""영업현금흐름"":0.0,""PBR"":3.0,""PSR 또는 대체 가치지표"":3.0,""최근 3년 매출 성장률"":0.5,""최근 3년 영업이익 성장률"":3.0,""최근 분기 실적 가속·둔화"":0.0,""흑자 지속성과 이익 안정성"":0.5,""순현금·기업가치 상태"":0.0,""1개월 가격흐름"":1.0,""3개월 가격흐름"":0.5,""기간 저가·고가 대비 현재위치"":3.5,""과열·급락 위험"":1.0,""20일 평균 거래대금과 거래량"":0.0,""하루평균 절대등락률"":2.5}"
066570,LG전자,KOSPI,2026-09-11,LIMITED,,,,,,,,,2,EV/EBITDA:EV_EBITDA_INPUT:OK:NO_EXACT_CANDIDATE;수급·공시부담:SUPPLY_STATUS_LIMITED,,DIRECT,false,"{""매출 성장과 안정성"":4.5,""영업이익 성장과 흑자 여부"":6.0,""순이익 흐름"":3.0,""영업이익률"":2.0,""ROE"":3.0,""부채비율"":2.0,""영업현금흐름"":1.5,""PER"":7.5,""PBR"":4.5,""PSR 또는 대체 가치지표"":3.0,""최근 3년 매출 성장률"":1.5,""최근 3년 영업이익 성장률"":0.5,""최근 분기 실적 가속·둔화"":3.0,""흑자 지속성과 이익 안정성"":2.0,""순현금·기업가치 상태"":0.5,""1개월 가격흐름"":4.0,""3개월 가격흐름"":0.5,""기간 저가·고가 대비 현재위치"":4.0,""과열·급락 위험"":2.0,""20일 평균 거래대금과 거래량"":6.0,""하루평균 절대등락률"":4.0}"
066575,LG전자우,KOSPI,2026-09-11,LIMITED,,,,,,,,,13,매출 성장과 안정성:MISSING_REVENUE_GROWTH_INPUT;영업이익 성장과 흑자 여부:MISSING_OP_PROFIT;순이익 흐름:MISSING_EARNINGS_TREND;영업이익률:MISSING_MARGIN;ROE:MISSING_ROE;부채비율:MISSING_DEBT_RATIO;PER:MISSING_PER;PBR:MISSING_PBR_OR_ROE;EV/EBITDA:EV_EBITDA_INPUT:OK:NO_EXACT_CANDIDATE;PSR 또는 대체 가치지표:MISSING_PSR_INPUT;흑자 지속성과 이익 안정성:MISSING_EARNINGS_TREND;순현금·기업가치 상태:NETCASH_INPUT:OK;수급·공시부담:SUPPLY_STATUS_LIMITED,,PREFERRED_COMMON:066570,false,"{""영업현금흐름"":1.5,""최근 3년 매출 성장률"":1.5,""최근 3년 영업이익 성장률"":0.5,""최근 분기 실적 가속·둔화"":3.0,""1개월 가격흐름"":4.0,""3개월 가격흐름"":1.5,""기간 저가·고가 대비 현재위치"":4.0,""과열·급락 위험"":2.5,""20일 평균 거래대금과 거래량"":4.0,""하루평균 절대등락률"":4.0}"
069620,대웅제약,KOSPI,2026-09-11,LIMITED,,,,,,,,,2,EV/EBITDA:EV_EBITDA_INPUT:OK:NO_EXACT_CANDIDATE;수급·공시부담:SUPPLY_STATUS_LIMITED,,DIRECT,false,"{""매출 성장과 안정성"":4.5,""영업이익 성장과 흑자 여부"":4.0,""순이익 흐름"":2.0,""영업이익률"":3.0,""ROE"":2.0,""부채비율"":2.0,""영업현금흐름"":2.5,""PER"":6.5,""PBR"":4.5,""PSR 또는 대체 가치지표"":2.5,""최근 3년 매출 성장률"":2.5,""최근 3년 영업이익 성장률"":4.0,""최근 분기 실적 가속·둔화"":0.5,""흑자 지속성과 이익 안정성"":2.0,""순현금·기업가치 상태"":0.0,""1개월 가격흐름"":1.0,""3개월 가격흐름"":1.5,""기간 저가·고가 대비 현재위치"":3.5,""과열·급락 위험"":1.0,""20일 평균 거래대금과 거래량"":2.0,""하루평균 절대등락률"":4.0}"
071840,롯데하이마트,KOSPI,2026-09-11,LIMITED,,,,,,,,,3,PER:MISSING_PER;EV/EBITDA:EV_EBITDA_INPUT:OK:NO_EXACT_CANDIDATE;수급·공시부담:SUPPLY_STATUS_LIMITED,,DIRECT,false,"{""매출 성장과 안정성"":1.0,""영업이익 성장과 흑자 여부"":0.0,""순이익 흐름"":0.0,""영업이익률"":0.0,""ROE"":0.0,""부채비율"":2.0,""영업현금흐름"":2.5,""PBR"":3.0,""PSR 또는 대체 가치지표"":3.0,""최근 3년 매출 성장률"":0.0,""최근 3년 영업이익 성장률"":2.0,""최근 분기 실적 가속·둔화"":0.5,""흑자 지속성과 이익 안정성"":0.0,""순현금·기업가치 상태"":0.0,""1개월 가격흐름"":2.0,""3개월 가격흐름"":1.5,""기간 저가·고가 대비 현재위치"":4.0,""과열·급락 위험"":1.0,""20일 평균 거래대금과 거래량"":0.0,""하루평균 절대등락률"":2.5}"
072130,유엔젤,KOSPI,2026-09-11,LIMITED,,,,,,,,,1,수급·공시부담:SUPPLY_STATUS_LIMITED,,DIRECT,false,"{""매출 성장과 안정성"":3.0,""영업이익 성장과 흑자 여부"":4.0,""순이익 흐름"":3.0,""영업이익률"":2.0,""ROE"":3.0,""부채비율"":3.0,""영업현금흐름"":3.5,""PER"":7.5,""PBR"":4.5,""EV/EBITDA"":1.5,""PSR 또는 대체 가치지표"":2.5,""최근 3년 매출 성장률"":4.0,""최근 3년 영업이익 성장률"":3.0,""최근 분기 실적 가속·둔화"":0.5,""흑자 지속성과 이익 안정성"":2.0,""순현금·기업가치 상태"":1.5,""1개월 가격흐름"":3.0,""3개월 가격흐름"":1.5,""기간 저가·고가 대비 현재위치"":4.0,""과열·급락 위험"":3.0,""20일 평균 거래대금과 거래량"":0.0,""하루평균 절대등락률"":2.5}"
078520,에이블씨엔씨,KOSPI,2026-09-11,LIMITED,,,,,,,,,2,EV/EBITDA:EV_EBITDA_INPUT:OK:NO_EXACT_CANDIDATE;수급·공시부담:SUPPLY_STATUS_LIMITED,,DIRECT,false,"{""매출 성장과 안정성"":4.5,""영업이익 성장과 흑자 여부"":6.0,""순이익 흐름"":3.0,""영업이익률"":3.5,""ROE"":3.0,""부채비율"":2.0,""영업현금흐름"":3.5,""PER"":7.5,""PBR"":2.0,""PSR 또는 대체 가치지표"":2.5,""최근 3년 매출 성장률"":1.5,""최근 3년 영업이익 성장률"":4.0,""최근 분기 실적 가속·둔화"":1.0,""흑자 지속성과 이익 안정성"":2.0,""순현금·기업가치 상태"":1.5,""1개월 가격흐름"":0.0,""3개월 가격흐름"":1.5,""기간 저가·고가 대비 현재위치"":5.0,""과열·급락 위험"":0.0,""20일 평균 거래대금과 거래량"":2.0,""하루평균 절대등락률"":4.0}"
081000,일진다이아,KOSPI,2026-09-11,LIMITED,,,,,,,,,2,EV/EBITDA:EV_EBITDA_INPUT:OK:NO_EXACT_CANDIDATE;수급·공시부담:SUPPLY_STATUS_LIMITED,,DIRECT,false,"{""매출 성장과 안정성"":5.0,""영업이익 성장과 흑자 여부"":5.5,""순이익 흐름"":2.0,""영업이익률"":3.0,""ROE"":1.0,""부채비율"":3.0,""영업현금흐름"":0.0,""PER"":8.0,""PBR"":3.0,""PSR 또는 대체 가치지표"":2.5,""최근 3년 매출 성장률"":1.5,""최근 3년 영업이익 성장률"":0.0,""최근 분기 실적 가속·둔화"":3.0,""흑자 지속성과 이익 안정성"":1.5,""순현금·기업가치 상태"":1.5,""1개월 가격흐름"":4.0,""3개월 가격흐름"":1.5,""기간 저가·고가 대비 현재위치"":3.0,""과열·급락 위험"":3.0,""20일 평균 거래대금과 거래량"":0.0,""하루평균 절대등락률"":4.0}"
086280,현대글로비스,KOSPI,2026-09-11,LIMITED,,,,,,,,,2,EV/EBITDA:EV_EBITDA_INPUT:OK:NO_EXACT_CANDIDATE;수급·공시부담:SUPPLY_STATUS_LIMITED,,DIRECT,false,"{""매출 성장과 안정성"":4.5,""영업이익 성장과 흑자 여부"":4.0,""순이익 흐름"":2.0,""영업이익률"":2.0,""ROE"":3.0,""부채비율"":2.5,""영업현금흐름"":2.5,""PER"":6.5,""PBR"":3.5,""PSR 또는 대체 가치지표"":3.0,""최근 3년 매출 성장률"":2.5,""최근 3년 영업이익 성장률"":3.0,""최근 분기 실적 가속·둔화"":0.5,""흑자 지속성과 이익 안정성"":2.0,""순현금·기업가치 상태"":1.5,""1개월 가격흐름"":3.0,""3개월 가격흐름"":2.5,""기간 저가·고가 대비 현재위치"":3.0,""과열·급락 위험"":3.0,""20일 평균 거래대금과 거래량"":5.0,""하루평균 절대등락률"":4.0}"
088980,맥쿼리인프라,KOSPI,2026-09-11,LIMITED,,,,,,,,,12,매출 성장과 안정성:MISSING_REVENUE_GROWTH_INPUT;영업이익 성장과 흑자 여부:MISSING_OP_PROFIT;순이익 흐름:MISSING_EARNINGS_TREND;영업이익률:MISSING_MARGIN;ROE:MISSING_ROE;PER:MISSING_PER;PBR:MISSING_PBR_OR_ROE;최근 3년 매출 성장률:MISSING_3Y_REVENUE;최근 3년 영업이익 성장률:MISSING_3Y_OP;최근 분기 실적 가속·둔화:MISSING_ACCEL_INPUT;흑자 지속성과 이익 안정성:MISSING_EARNINGS_TREND;수급·공시부담:SUPPLY_STATUS_LIMITED,SECTOR_STRUCTURAL_NONCOMPARABILITY,UNAVAILABLE,true,"{""부채비율"":1.5,""영업현금흐름"":2.0,""EV/EBITDA"":2.0,""PSR 또는 대체 가치지표"":1.5,""순현금·기업가치 상태"":1.0,""1개월 가격흐름"":2.0,""3개월 가격흐름"":0.5,""기간 저가·고가 대비 현재위치"":5.0,""과열·급락 위험"":2.5,""20일 평균 거래대금과 거래량"":4.0,""하루평균 절대등락률"":2.5}"
091810,트리니티항공,KOSPI,2026-09-11,LIMITED,,,,,,,,,6,PER:MISSING_PER;EV/EBITDA:EV_EBITDA_INPUT:EMPTY_AS_ZERO:NO_EXACT_CANDIDATE;최근 분기 실적 가속·둔화:ANNUAL_OP_DENOM_NONPOSITIVE;기간 저가·고가 대비 현재위치:MISSING_POSITION;과열·급락 위험:MISSING_RISK_INPUT;수급·공시부담:SUPPLY_STATUS_LIMITED,,DIRECT,false,"{""매출 성장과 안정성"":5.0,""영업이익 성장과 흑자 여부"":0.0,""순이익 흐름"":0.0,""영업이익률"":0.0,""ROE"":0.0,""부채비율"":0.0,""영업현금흐름"":2.5,""PBR"":2.0,""PSR 또는 대체 가치지표"":3.0,""최근 3년 매출 성장률"":3.5,""최근 3년 영업이익 성장률"":0.0,""흑자 지속성과 이익 안정성"":0.0,""순현금·기업가치 상태"":2.0,""1개월 가격흐름"":2.5,""3개월 가격흐름"":1.5,""20일 평균 거래대금과 거래량"":0.5,""하루평균 절대등락률"":0.5}"
097950,CJ제일제당,KOSPI,2026-09-11,LIMITED,,,,,,,,,2,EV/EBITDA:EV_EBITDA_INPUT:OK:NO_EXACT_CANDIDATE;수급·공시부담:SUPPLY_STATUS_LIMITED,,DIRECT,false,"{""매출 성장과 안정성"":4.5,""영업이익 성장과 흑자 여부"":3.0,""순이익 흐름"":1.5,""영업이익률"":2.0,""ROE"":1.0,""부채비율"":2.0,""영업현금흐름"":2.5,""PER"":5.0,""PBR"":3.0,""PSR 또는 대체 가치지표"":3.0,""최근 3년 매출 성장률"":1.5,""최근 3년 영업이익 성장률"":1.0,""최근 분기 실적 가속·둔화"":0.5,""흑자 지속성과 이익 안정성"":2.0,""순현금·기업가치 상태"":0.0,""1개월 가격흐름"":2.0,""3개월 가격흐름"":1.5,""기간 저가·고가 대비 현재위치"":5.0,""과열·급락 위험"":1.0,""20일 평균 거래대금과 거래량"":3.5,""하루평균 절대등락률"":2.5}"
097955,CJ제일제당 우,KOSPI,2026-09-11,LIMITED,,,,,,,,,13,매출 성장과 안정성:MISSING_REVENUE_GROWTH_INPUT;영업이익 성장과 흑자 여부:MISSING_OP_PROFIT;순이익 흐름:MISSING_EARNINGS_TREND;영업이익률:MISSING_MARGIN;ROE:MISSING_ROE;부채비율:MISSING_DEBT_RATIO;PER:MISSING_PER;PBR:MISSING_PBR_OR_ROE;EV/EBITDA:EV_EBITDA_INPUT:OK:NO_EXACT_CANDIDATE;PSR 또는 대체 가치지표:MISSING_PSR_INPUT;흑자 지속성과 이익 안정성:MISSING_EARNINGS_TREND;순현금·기업가치 상태:NETCASH_INPUT:OK;수급·공시부담:SUPPLY_STATUS_LIMITED,,PREFERRED_COMMON:097950,false,"{""영업현금흐름"":2.5,""최근 3년 매출 성장률"":1.5,""최근 3년 영업이익 성장률"":1.0,""최근 분기 실적 가속·둔화"":0.5,""1개월 가격흐름"":2.0,""3개월 가격흐름"":1.5,""기간 저가·고가 대비 현재위치"":4.0,""과열·급락 위험"":1.0,""20일 평균 거래대금과 거래량"":0.0,""하루평균 절대등락률"":2.5}"
100250,진양홀딩스,KOSPI,2026-09-11,LIMITED,,,,,,,,,2,EV/EBITDA:EV_EBITDA_INPUT:OK:NO_EXACT_CANDIDATE;수급·공시부담:SUPPLY_STATUS_LIMITED,,DIRECT,false,"{""매출 성장과 안정성"":2.5,""영업이익 성장과 흑자 여부"":3.0,""순이익 흐름"":3.0,""영업이익률"":1.0,""ROE"":3.5,""부채비율"":2.5,""영업현금흐름"":2.5,""PER"":8.0,""PBR"":5.0,""PSR 또는 대체 가치지표"":3.0,""최근 3년 매출 성장률"":1.5,""최근 3년 영업이익 성장률"":4.0,""최근 분기 실적 가속·둔화"":0.5,""흑자 지속성과 이익 안정성"":2.0,""순현금·기업가치 상태"":0.5,""1개월 가격흐름"":3.0,""3개월 가격흐름"":2.5,""기간 저가·고가 대비 현재위치"":4.0,""과열·급락 위험"":2.5,""20일 평균 거래대금과 거래량"":0.0,""하루평균 절대등락률"":2.5}"
105560,KB금융,KOSPI,2026-09-11,LIMITED,,,,,,,,,4,매출 성장과 안정성:MISSING_REVENUE_GROWTH_INPUT;최근 3년 매출 성장률:MISSING_3Y_REVENUE;최근 분기 실적 가속·둔화:MISSING_ACCEL_INPUT;수급·공시부담:SUPPLY_STATUS_LIMITED,SECTOR_STRUCTURAL_NONCOMPARABILITY,UNAVAILABLE,true,"{""영업이익 성장과 흑자 여부"":5.0,""순이익 흐름"":2.5,""영업이익률"":4.0,""ROE"":3.0,""부채비율"":1.5,""영업현금흐름"":2.0,""PER"":7.5,""PBR"":4.5,""EV/EBITDA"":2.0,""PSR 또는 대체 가치지표"":1.5,""최근 3년 영업이익 성장률"":3.0,""흑자 지속성과 이익 안정성"":2.0,""순현금·기업가치 상태"":1.0,""1개월 가격흐름"":4.0,""3개월 가격흐름"":3.0,""기간 저가·고가 대비 현재위치"":3.0,""과열·급락 위험"":3.0,""20일 평균 거래대금과 거래량"":6.0,""하루평균 절대등락률"":4.0}"
128940,한미약품,KOSPI,2026-09-11,LIMITED,,,,,,,,,1,수급·공시부담:SUPPLY_STATUS_LIMITED,,DIRECT,false,"{""매출 성장과 안정성"":4.5,""영업이익 성장과 흑자 여부"":6.0,""순이익 흐름"":3.0,""영업이익률"":3.5,""ROE"":4.0,""부채비율"":3.0,""영업현금흐름"":3.5,""PER"":4.0,""PBR"":2.0,""EV/EBITDA"":1.5,""PSR 또는 대체 가치지표"":0.5,""최근 3년 매출 성장률"":1.5,""최근 3년 영업이익 성장률"":2.0,""최근 분기 실적 가속·둔화"":3.0,""흑자 지속성과 이익 안정성"":2.0,""순현금·기업가치 상태"":1.0,""1개월 가격흐름"":4.0,""3개월 가격흐름"":3.0,""기간 저가·고가 대비 현재위치"":4.0,""과열·급락 위험"":1.0,""20일 평균 거래대금과 거래량"":4.5,""하루평균 절대등락률"":3.0}"
138930,BNK금융지주,KOSPI,2026-09-11,LIMITED,,,,,,,,,4,매출 성장과 안정성:MISSING_REVENUE_GROWTH_INPUT;최근 3년 매출 성장률:MISSING_3Y_REVENUE;최근 분기 실적 가속·둔화:MISSING_ACCEL_INPUT;수급·공시부담:SUPPLY_STATUS_LIMITED,SECTOR_STRUCTURAL_NONCOMPARABILITY,UNAVAILABLE,true,"{""영업이익 성장과 흑자 여부"":5.0,""순이익 흐름"":2.0,""영업이익률"":3.5,""ROE"":2.0,""부채비율"":1.5,""영업현금흐름"":2.0,""PER"":8.0,""PBR"":5.0,""EV/EBITDA"":2.0,""PSR 또는 대체 가치지표"":1.5,""최근 3년 영업이익 성장률"":2.0,""흑자 지속성과 이익 안정성"":2.0,""순현금·기업가치 상태"":1.0,""1개월 가격흐름"":4.0,""3개월 가격흐름"":1.5,""기간 저가·고가 대비 현재위치"":4.0,""과열·급락 위험"":3.0,""20일 평균 거래대금과 거래량"":4.5,""하루평균 절대등락률"":4.0}"
139480,이마트,KOSPI,2026-09-11,LIMITED,,,,,,,,,3,PER:MISSING_PER;EV/EBITDA:EV_EBITDA_INPUT:OK:NO_EXACT_CANDIDATE;수급·공시부담:SUPPLY_STATUS_LIMITED,,DIRECT,false,"{""매출 성장과 안정성"":1.0,""영업이익 성장과 흑자 여부"":3.0,""순이익 흐름"":1.5,""영업이익률"":1.0,""ROE"":0.0,""부채비율"":2.0,""영업현금흐름"":1.5,""PBR"":3.0,""PSR 또는 대체 가치지표"":3.0,""최근 3년 매출 성장률"":0.5,""최근 3년 영업이익 성장률"":3.0,""최근 분기 실적 가속·둔화"":0.0,""흑자 지속성과 이익 안정성"":2.0,""순현금·기업가치 상태"":0.0,""1개월 가격흐름"":1.0,""3개월 가격흐름"":0.5,""기간 저가·고가 대비 현재위치"":3.5,""과열·급락 위험"":2.5,""20일 평균 거래대금과 거래량"":3.5,""하루평균 절대등락률"":2.5}"
214320,이노션,KOSPI,2026-09-11,LIMITED,,,,,,,,,2,EV/EBITDA:EV_EBITDA_INPUT:OK:NO_EXACT_CANDIDATE;수급·공시부담:SUPPLY_STATUS_LIMITED,,DIRECT,false,"{""매출 성장과 안정성"":3.0,""영업이익 성장과 흑자 여부"":5.0,""순이익 흐름"":3.0,""영업이익률"":3.0,""ROE"":3.0,""부채비율"":2.0,""영업현금흐름"":3.5,""PER"":8.0,""PBR"":5.0,""PSR 또는 대체 가치지표"":3.0,""최근 3년 매출 성장률"":1.5,""최근 3년 영업이익 성장률"":2.0,""최근 분기 실적 가속·둔화"":0.5,""흑자 지속성과 이익 안정성"":2.0,""순현금·기업가치 상태"":2.0,""1개월 가격흐름"":1.0,""3개월 가격흐름"":0.5,""기간 저가·고가 대비 현재위치"":5.0,""과열·급락 위험"":1.0,""20일 평균 거래대금과 거래량"":2.0,""하루평균 절대등락률"":2.5}"
234080,JW생명과학,KOSPI,2026-09-11,LIMITED,,,,,,,,,2,EV/EBITDA:EV_EBITDA_INPUT:OK:NO_EXACT_CANDIDATE;수급·공시부담:SUPPLY_STATUS_LIMITED,,DIRECT,false,"{""매출 성장과 안정성"":3.0,""영업이익 성장과 흑자 여부"":4.0,""순이익 흐름"":2.0,""영업이익률"":3.0,""ROE"":3.0,""부채비율"":3.0,""영업현금흐름"":3.5,""PER"":8.0,""PBR"":4.5,""PSR 또는 대체 가치지표"":3.0,""최근 3년 매출 성장률"":3.5,""최근 3년 영업이익 성장률"":2.0,""최근 분기 실적 가속·둔화"":0.5,""흑자 지속성과 이익 안정성"":2.0,""순현금·기업가치 상태"":1.0,""1개월 가격흐름"":1.0,""3개월 가격흐름"":1.5,""기간 저가·고가 대비 현재위치"":5.0,""과열·급락 위험"":1.0,""20일 평균 거래대금과 거래량"":0.0,""하루평균 절대등락률"":2.5}"
241590,화승엔터프라이즈,KOSPI,2026-09-11,LIMITED,,,,,,,,,3,PER:MISSING_PER;EV/EBITDA:EV_EBITDA_INPUT:OK:NO_EXACT_CANDIDATE;수급·공시부담:SUPPLY_STATUS_LIMITED,,DIRECT,false,"{""매출 성장과 안정성"":1.0,""영업이익 성장과 흑자 여부"":2.0,""순이익 흐름"":2.0,""영업이익률"":1.0,""ROE"":0.0,""부채비율"":1.0,""영업현금흐름"":2.5,""PBR"":3.0,""PSR 또는 대체 가치지표"":3.0,""최근 3년 매출 성장률"":3.5,""최근 3년 영업이익 성장률"":4.0,""최근 분기 실적 가속·둔화"":3.0,""흑자 지속성과 이익 안정성"":2.0,""순현금·기업가치 상태"":2.0,""1개월 가격흐름"":1.0,""3개월 가격흐름"":0.5,""기간 저가·고가 대비 현재위치"":3.5,""과열·급락 위험"":1.0,""20일 평균 거래대금과 거래량"":1.0,""하루평균 절대등락률"":2.5}"
267250,HD현대,KOSPI,2026-09-11,LIMITED,,,,,,,,,1,수급·공시부담:SUPPLY_STATUS_LIMITED,SECTOR_STRUCTURAL_NONCOMPARABILITY,DIRECT,true,"{""매출 성장과 안정성"":5.0,""영업이익 성장과 흑자 여부"":7.0,""순이익 흐름"":3.0,""영업이익률"":3.5,""ROE"":3.5,""부채비율"":1.5,""영업현금흐름"":2.0,""PER"":8.0,""PBR"":5.0,""EV/EBITDA"":2.0,""PSR 또는 대체 가치지표"":1.5,""최근 3년 매출 성장률"":2.5,""최근 3년 영업이익 성장률"":4.0,""최근 분기 실적 가속·둔화"":3.0,""흑자 지속성과 이익 안정성"":2.0,""순현금·기업가치 상태"":1.0,""1개월 가격흐름"":4.0,""3개월 가격흐름"":2.5,""기간 저가·고가 대비 현재위치"":3.0,""과열·급락 위험"":2.5,""20일 평균 거래대금과 거래량"":5.0,""하루평균 절대등락률"":4.0}"
267270,HD건설기계,KOSPI,2026-09-11,LIMITED,,,,,,,,,2,EV/EBITDA:EV_EBITDA_INPUT:EMPTY_AS_ZERO:NO_EXACT_CANDIDATE;수급·공시부담:SUPPLY_STATUS_LIMITED,,DIRECT,false,"{""매출 성장과 안정성"":4.5,""영업이익 성장과 흑자 여부"":7.0,""순이익 흐름"":3.0,""영업이익률"":3.0,""ROE"":3.0,""부채비율"":2.5,""영업현금흐름"":1.5,""PER"":7.5,""PBR"":3.5,""PSR 또는 대체 가치지표"":1.5,""최근 3년 매출 성장률"":0.5,""최근 3년 영업이익 성장률"":0.5,""최근 분기 실적 가속·둔화"":3.0,""흑자 지속성과 이익 안정성"":2.0,""순현금·기업가치 상태"":1.0,""1개월 가격흐름"":3.0,""3개월 가격흐름"":1.5,""기간 저가·고가 대비 현재위치"":4.0,""과열·급락 위험"":2.5,""20일 평균 거래대금과 거래량"":5.0,""하루평균 절대등락률"":3.0}"
271940,일진하이솔루스,KOSPI,2026-09-11,LIMITED,,,,,,,,,3,EV/EBITDA:EV_EBITDA_INPUT:EMPTY_AS_ZERO:NO_EXACT_CANDIDATE;최근 분기 실적 가속·둔화:ANNUAL_OP_DENOM_NONPOSITIVE;수급·공시부담:SUPPLY_STATUS_LIMITED,,DIRECT,false,"{""매출 성장과 안정성"":5.0,""영업이익 성장과 흑자 여부"":0.0,""순이익 흐름"":0.0,""영업이익률"":0.0,""ROE"":1.0,""부채비율"":3.0,""영업현금흐름"":0.0,""PER"":0.0,""PBR"":3.0,""PSR 또는 대체 가치지표"":0.5,""최근 3년 매출 성장률"":1.5,""최근 3년 영업이익 성장률"":0.0,""흑자 지속성과 이익 안정성"":0.0,""순현금·기업가치 상태"":1.0,""1개월 가격흐름"":3.0,""3개월 가격흐름"":0.5,""기간 저가·고가 대비 현재위치"":4.0,""과열·급락 위험"":2.5,""20일 평균 거래대금과 거래량"":1.0,""하루평균 절대등락률"":4.0}"
271980,제일약품,KOSPI,2026-09-11,LIMITED,,,,,,,,,4,PER:MISSING_PER;EV/EBITDA:EV_EBITDA_INPUT:OK:NO_EXACT_CANDIDATE;최근 분기 실적 가속·둔화:ANNUAL_OP_DENOM_NONPOSITIVE;수급·공시부담:SUPPLY_STATUS_LIMITED,,DIRECT,false,"{""매출 성장과 안정성"":0.0,""영업이익 성장과 흑자 여부"":0.5,""순이익 흐름"":0.5,""영업이익률"":0.0,""ROE"":0.0,""부채비율"":2.0,""영업현금흐름"":0.0,""PBR"":3.0,""PSR 또는 대체 가치지표"":3.0,""최근 3년 매출 성장률"":0.0,""최근 3년 영업이익 성장률"":3.0,""흑자 지속성과 이익 안정성"":0.5,""순현금·기업가치 상태"":0.5,""1개월 가격흐름"":2.0,""3개월 가격흐름"":1.5,""기간 저가·고가 대비 현재위치"":5.0,""과열·급락 위험"":1.0,""20일 평균 거래대금과 거래량"":1.0,""하루평균 절대등락률"":4.0}"
278470,에이피알,KOSPI,2026-09-11,LIMITED,,,,,,,,,1,수급·공시부담:SUPPLY_STATUS_LIMITED,,DIRECT,false,"{""매출 성장과 안정성"":5.0,""영업이익 성장과 흑자 여부"":7.0,""순이익 흐름"":3.0,""영업이익률"":4.0,""ROE"":3.0,""부채비율"":2.5,""영업현금흐름"":4.0,""PER"":2.0,""PBR"":0.5,""EV/EBITDA"":0.0,""PSR 또는 대체 가치지표"":0.0,""최근 3년 매출 성장률"":4.0,""최근 3년 영업이익 성장률"":4.0,""최근 분기 실적 가속·둔화"":0.5,""흑자 지속성과 이익 안정성"":2.0,""순현금·기업가치 상태"":1.0,""1개월 가격흐름"":2.0,""3개월 가격흐름"":1.5,""기간 저가·고가 대비 현재위치"":4.0,""과열·급락 위험"":1.0,""20일 평균 거래대금과 거래량"":6.0,""하루평균 절대등락률"":4.0}"
286940,롯데이노베이트,KOSPI,2026-09-11,LIMITED,,,,,,,,,2,EV/EBITDA:EV_EBITDA_INPUT:OK:NO_EXACT_CANDIDATE;수급·공시부담:SUPPLY_STATUS_LIMITED,,DIRECT,false,"{""매출 성장과 안정성"":1.0,""영업이익 성장과 흑자 여부"":6.0,""순이익 흐름"":3.0,""영업이익률"":2.0,""ROE"":2.0,""부채비율"":2.5,""영업현금흐름"":2.5,""PER"":6.5,""PBR"":5.0,""PSR 또는 대체 가치지표"":3.0,""최근 3년 매출 성장률"":0.5,""최근 3년 영업이익 성장률"":0.5,""최근 분기 실적 가속·둔화"":1.0,""흑자 지속성과 이익 안정성"":2.0,""순현금·기업가치 상태"":0.5,""1개월 가격흐름"":1.0,""3개월 가격흐름"":1.5,""기간 저가·고가 대비 현재위치"":4.0,""과열·급락 위험"":2.5,""20일 평균 거래대금과 거래량"":0.5,""하루평균 절대등락률"":2.5}"
298000,효성화학,KOSPI,2026-09-11,LIMITED,,,,,,,,,4,EV/EBITDA:EV_EBITDA_INPUT:OK:NO_EXACT_CANDIDATE;기간 저가·고가 대비 현재위치:MISSING_POSITION;과열·급락 위험:MISSING_RISK_INPUT;수급·공시부담:SUPPLY_STATUS_LIMITED,,DIRECT,false,"{""매출 성장과 안정성"":5.0,""영업이익 성장과 흑자 여부"":5.5,""순이익 흐름"":2.0,""영업이익률"":3.0,""ROE"":3.5,""부채비율"":2.0,""영업현금흐름"":0.0,""PER"":5.0,""PBR"":5.0,""PSR 또는 대체 가치지표"":3.0,""최근 3년 매출 성장률"":1.5,""최근 3년 영업이익 성장률"":0.0,""최근 분기 실적 가속·둔화"":3.0,""흑자 지속성과 이익 안정성"":1.5,""순현금·기업가치 상태"":0.0,""1개월 가격흐름"":0.0,""3개월 가격흐름"":2.5,""20일 평균 거래대금과 거래량"":2.0,""하루평균 절대등락률"":4.0}"
298690,에어부산,KOSPI,2026-09-11,LIMITED,,,,,,,,,3,PER:MISSING_PER;EV/EBITDA:EV_EBITDA_INPUT:OK:NO_EXACT_CANDIDATE;수급·공시부담:SUPPLY_STATUS_LIMITED,,DIRECT,false,"{""매출 성장과 안정성"":4.0,""영업이익 성장과 흑자 여부"":0.5,""순이익 흐름"":0.5,""영업이익률"":0.0,""ROE"":0.0,""부채비율"":0.0,""영업현금흐름"":3.5,""PBR"":2.0,""PSR 또는 대체 가치지표"":3.0,""최근 3년 매출 성장률"":0.5,""최근 3년 영업이익 성장률"":0.0,""최근 분기 실적 가속·둔화"":0.0,""흑자 지속성과 이익 안정성"":0.5,""순현금·기업가치 상태"":2.0,""1개월 가격흐름"":2.0,""3개월 가격흐름"":1.5,""기간 저가·고가 대비 현재위치"":3.5,""과열·급락 위험"":2.5,""20일 평균 거래대금과 거래량"":0.0,""하루평균 절대등락률"":4.0}"
336260,두산퓨얼셀,KOSPI,2026-09-11,LIMITED,,,,,,,,,4,PER:MISSING_PER;EV/EBITDA:EV_EBITDA_INPUT:OK:NO_EXACT_CANDIDATE;최근 분기 실적 가속·둔화:ANNUAL_OP_DENOM_NONPOSITIVE;수급·공시부담:SUPPLY_STATUS_LIMITED,,DIRECT,false,"{""매출 성장과 안정성"":1.5,""영업이익 성장과 흑자 여부"":0.0,""순이익 흐름"":0.0,""영업이익률"":0.0,""ROE"":0.0,""부채비율"":0.5,""영업현금흐름"":0.0,""PBR"":1.0,""PSR 또는 대체 가치지표"":0.0,""최근 3년 매출 성장률"":4.0,""최근 3년 영업이익 성장률"":0.0,""흑자 지속성과 이익 안정성"":0.0,""순현금·기업가치 상태"":0.5,""1개월 가격흐름"":2.5,""3개월 가격흐름"":0.0,""기간 저가·고가 대비 현재위치"":4.0,""과열·급락 위험"":1.5,""20일 평균 거래대금과 거래량"":5.0,""하루평균 절대등락률"":1.5}"
357250,미래에셋맵스리츠,KOSPI,2026-09-11,LIMITED,,,,,,,,,2,최근 분기 실적 가속·둔화:MISSING_ACCEL_INPUT;수급·공시부담:SUPPLY_STATUS_LIMITED,,UNAVAILABLE,false,"{""매출 성장과 안정성"":2.5,""영업이익 성장과 흑자 여부"":5.0,""순이익 흐름"":3.0,""영업이익률"":4.0,""ROE"":1.0,""부채비율"":1.0,""영업현금흐름"":4.0,""PER"":2.0,""PBR"":3.0,""EV/EBITDA"":3.5,""PSR 또는 대체 가치지표"":0.0,""최근 3년 매출 성장률"":1.5,""최근 3년 영업이익 성장률"":2.0,""흑자 지속성과 이익 안정성"":2.0,""순현금·기업가치 상태"":1.0,""1개월 가격흐름"":2.0,""3개월 가격흐름"":1.5,""기간 저가·고가 대비 현재위치"":4.0,""과열·급락 위험"":1.0,""20일 평균 거래대금과 거래량"":1.0,""하루평균 절대등락률"":2.5}"
361610,SK아이이테크놀로지,KOSPI,2026-09-11,LIMITED,,,,,,,,,4,PER:MISSING_PER;EV/EBITDA:EV_EBITDA_INPUT:OK:NO_EXACT_CANDIDATE;최근 분기 실적 가속·둔화:ANNUAL_OP_DENOM_NONPOSITIVE;수급·공시부담:SUPPLY_STATUS_LIMITED,,DIRECT,false,"{""매출 성장과 안정성"":0.0,""영업이익 성장과 흑자 여부"":0.0,""순이익 흐름"":0.0,""영업이익률"":0.0,""ROE"":0.0,""부채비율"":2.0,""영업현금흐름"":0.0,""PBR"":3.0,""PSR 또는 대체 가치지표"":0.0,""최근 3년 매출 성장률"":0.0,""최근 3년 영업이익 성장률"":0.0,""흑자 지속성과 이익 안정성"":0.0,""순현금·기업가치 상태"":0.0,""1개월 가격흐름"":4.0,""3개월 가격흐름"":0.5,""기간 저가·고가 대비 현재위치"":4.0,""과열·급락 위험"":2.5,""20일 평균 거래대금과 거래량"":4.0,""하루평균 절대등락률"":3.0}"
373220,LG에너지솔루션,KOSPI,2026-09-11,LIMITED,,,,,,,,,3,PER:MISSING_PER;EV/EBITDA:EV_EBITDA_INPUT:OK:NO_EXACT_CANDIDATE;수급·공시부담:SUPPLY_STATUS_LIMITED,,DIRECT,false,"{""매출 성장과 안정성"":1.5,""영업이익 성장과 흑자 여부"":0.5,""순이익 흐름"":0.5,""영업이익률"":0.0,""ROE"":0.0,""부채비율"":2.0,""영업현금흐름"":3.5,""PBR"":2.0,""PSR 또는 대체 가치지표"":0.5,""최근 3년 매출 성장률"":0.0,""최근 3년 영업이익 성장률"":0.5,""최근 분기 실적 가속·둔화"":0.5,""흑자 지속성과 이익 안정성"":0.5,""순현금·기업가치 상태"":0.5,""1개월 가격흐름"":3.0,""3개월 가격흐름"":1.5,""기간 저가·고가 대비 현재위치"":4.0,""과열·급락 위험"":2.5,""20일 평균 거래대금과 거래량"":6.0,""하루평균 절대등락률"":4.0}"
402340,SK스퀘어,KOSPI,2026-09-11,LIMITED,,,,,,,,,1,수급·공시부담:SUPPLY_STATUS_LIMITED,SECTOR_STRUCTURAL_NONCOMPARABILITY,DIRECT,true,"{""매출 성장과 안정성"":0.0,""영업이익 성장과 흑자 여부"":7.0,""순이익 흐름"":3.0,""영업이익률"":4.0,""ROE"":3.0,""부채비율"":1.5,""영업현금흐름"":2.0,""PER"":8.0,""PBR"":2.0,""EV/EBITDA"":2.0,""PSR 또는 대체 가치지표"":1.5,""최근 3년 매출 성장률"":0.0,""최근 3년 영업이익 성장률"":3.0,""최근 분기 실적 가속·둔화"":1.0,""흑자 지속성과 이익 안정성"":2.0,""순현금·기업가치 상태"":1.0,""1개월 가격흐름"":3.5,""3개월 가격흐름"":0.5,""기간 저가·고가 대비 현재위치"":5.0,""과열·급락 위험"":2.0,""20일 평균 거래대금과 거래량"":6.0,""하루평균 절대등락률"":3.0}"
403550,쏘카,KOSPI,2026-09-11,LIMITED,,,,,,,,,4,PER:MISSING_PER;EV/EBITDA:EV_EBITDA_INPUT:OK:NO_EXACT_CANDIDATE;최근 분기 실적 가속·둔화:ANNUAL_OP_DENOM_NONPOSITIVE;수급·공시부담:SUPPLY_STATUS_LIMITED,,DIRECT,false,"{""매출 성장과 안정성"":1.5,""영업이익 성장과 흑자 여부"":7.0,""순이익 흐름"":3.0,""영업이익률"":2.0,""ROE"":0.0,""부채비율"":1.0,""영업현금흐름"":3.5,""PBR"":3.0,""PSR 또는 대체 가치지표"":2.5,""최근 3년 매출 성장률"":2.5,""최근 3년 영업이익 성장률"":3.0,""흑자 지속성과 이익 안정성"":2.0,""순현금·기업가치 상태"":1.0,""1개월 가격흐름"":1.0,""3개월 가격흐름"":1.5,""기간 저가·고가 대비 현재위치"":4.0,""과열·급락 위험"":2.5,""20일 평균 거래대금과 거래량"":0.5,""하루평균 절대등락률"":2.5}"
456040,OCI,KOSPI,2026-09-11,LIMITED,,,,,,,,,2,EV/EBITDA:EV_EBITDA_INPUT:OK:NO_EXACT_CANDIDATE;수급·공시부담:SUPPLY_STATUS_LIMITED,,DIRECT,false,"{""매출 성장과 안정성"":2.5,""영업이익 성장과 흑자 여부"":7.0,""순이익 흐름"":3.0,""영업이익률"":2.0,""ROE"":2.0,""부채비율"":2.5,""영업현금흐름"":1.5,""PER"":7.5,""PBR"":5.0,""PSR 또는 대체 가치지표"":3.0,""최근 3년 매출 성장률"":4.0,""최근 3년 영업이익 성장률"":0.5,""최근 분기 실적 가속·둔화"":3.0,""흑자 지속성과 이익 안정성"":2.0,""순현금·기업가치 상태"":0.0,""1개월 가격흐름"":3.0,""3개월 가격흐름"":0.5,""기간 저가·고가 대비 현재위치"":4.0,""과열·급락 위험"":3.0,""20일 평균 거래대금과 거래량"":1.5,""하루평균 절대등락률"":2.5}"
475560,더본코리아,KOSPI,2026-09-11,LIMITED,,,,,,,,,3,PER:MISSING_PER;EV/EBITDA:EV_EBITDA_INPUT:OK:NO_EXACT_CANDIDATE;수급·공시부담:SUPPLY_STATUS_LIMITED,,DIRECT,false,"{""매출 성장과 안정성"":0.0,""영업이익 성장과 흑자 여부"":0.0,""순이익 흐름"":0.0,""영업이익률"":0.0,""ROE"":0.0,""부채비율"":3.0,""영업현금흐름"":0.0,""PBR"":3.0,""PSR 또는 대체 가치지표"":3.0,""최근 3년 매출 성장률"":0.0,""최근 3년 영업이익 성장률"":0.0,""최근 분기 실적 가속·둔화"":0.0,""흑자 지속성과 이익 안정성"":0.0,""순현금·기업가치 상태"":1.5,""1개월 가격흐름"":4.0,""3개월 가격흐름"":1.5,""기간 저가·고가 대비 현재위치"":5.0,""과열·급락 위험"":1.0,""20일 평균 거래대금과 거래량"":1.0,""하루평균 절대등락률"":3.0}"
483650,달바글로벌,KOSPI,2026-09-11,LIMITED,,,,,,,,,2,EV/EBITDA:EV_EBITDA_INPUT:EMPTY_AS_ZERO:NO_EXACT_CANDIDATE;수급·공시부담:SUPPLY_STATUS_LIMITED,,DIRECT,false,"{""매출 성장과 안정성"":5.0,""영업이익 성장과 흑자 여부"":6.0,""순이익 흐름"":3.0,""영업이익률"":4.0,""ROE"":3.0,""부채비율"":3.0,""영업현금흐름"":3.5,""PER"":5.5,""PBR"":0.5,""PSR 또는 대체 가치지표"":0.0,""최근 3년 매출 성장률"":4.0,""최근 3년 영업이익 성장률"":4.0,""최근 분기 실적 가속·둔화"":0.5,""흑자 지속성과 이익 안정성"":2.0,""순현금·기업가치 상태"":1.0,""1개월 가격흐름"":0.0,""3개월 가격흐름"":0.5,""기간 저가·고가 대비 현재위치"":3.5,""과열·급락 위험"":0.0,""20일 평균 거래대금과 거래량"":4.5,""하루평균 절대등락률"":3.0}"
