ticker,name,market,financial_sector,raw_source_mode,missing_component_count,blocker_reason,blocker_category,source_group,single_blocker_ticker,audit_note
001560,제일연마,KOSPI,false,DIRECT,1,EV/EBITDA:EV_EBITDA_INPUT:EMPTY_AS_ZERO:NO_EXACT_CANDIDATE,SOURCE_DATA_GAP,EXACT_DA_SOURCE,TRUE,"승인 exact D&A 원천 부족; debt_status=EMPTY_AS_ZERO, da_status=NO_EXACT_CANDIDATE"
002420,우양피앤엘,KOSPI,false,DIRECT,1,최근 분기 실적 가속·둔화:ANNUAL_OP_DENOM_NONPOSITIVE,POLICY_SEMANTIC_BLOCKER,V880_SCORING_CONTRACT,TRUE,전년도 연간 영업이익 분모가 비양수이며 승인 계약상 turnaround 예외에도 해당하지 않음
002450,삼익악기,KOSPI,false,DIRECT,1,EV/EBITDA:EV_EBITDA_INPUT:OK:NO_EXACT_CANDIDATE,SOURCE_DATA_GAP,EXACT_DA_SOURCE,TRUE,"승인 exact D&A 원천 부족; debt_status=OK, da_status=NO_EXACT_CANDIDATE"
003280,흥아해운,KOSPI,false,DIRECT,1,수급·공시부담:SUPPLY_LIMITED_NO_POSITIVE_EVIDENCE,SOURCE_EVIDENCE_GAP,PRODUCTION_ANALYSIS_SUPPLY,TRUE,공시·수급 없음 판정을 확정할 만큼 source completeness가 부족함
003490,대한항공,KOSPI,false,DIRECT,1,PER:MISSING_PER,SOURCE_DATA_GAP,FINANCIAL_VALUATION_CACHE,TRUE,밸류에이션 또는 관련 이익·ROE 입력 보강 필요
006650,대한유화,KOSPI,false,DIRECT,1,최근 분기 실적 가속·둔화:ANNUAL_OP_DENOM_NONPOSITIVE,POLICY_SEMANTIC_BLOCKER,V880_SCORING_CONTRACT,TRUE,전년도 연간 영업이익 분모가 비양수이며 승인 계약상 turnaround 예외에도 해당하지 않음
008770,호텔신라,KOSPI,false,DIRECT,1,최근 분기 실적 가속·둔화:ANNUAL_OP_DENOM_NONPOSITIVE,POLICY_SEMANTIC_BLOCKER,V880_SCORING_CONTRACT,TRUE,전년도 연간 영업이익 분모가 비양수이며 승인 계약상 turnaround 예외에도 해당하지 않음
009420,한올바이오파마,KOSPI,false,DIRECT,1,PER:MISSING_PER,SOURCE_DATA_GAP,FINANCIAL_VALUATION_CACHE,TRUE,밸류에이션 또는 관련 이익·ROE 입력 보강 필요
012450,한화에어로스페이스,KOSPI,false,DIRECT,1,EV/EBITDA:EV_EBITDA_INPUT:OK:NO_EXACT_CANDIDATE,SOURCE_DATA_GAP,EXACT_DA_SOURCE,TRUE,"승인 exact D&A 원천 부족; debt_status=OK, da_status=NO_EXACT_CANDIDATE"
017670,SK텔레콤,KOSPI,false,DIRECT,1,EV/EBITDA:EV_EBITDA_INPUT:OK:NO_EXACT_CANDIDATE,SOURCE_DATA_GAP,EXACT_DA_SOURCE,TRUE,"승인 exact D&A 원천 부족; debt_status=OK, da_status=NO_EXACT_CANDIDATE"
020560,아시아나항공,KOSPI,false,DIRECT,1,EV/EBITDA:EV_EBITDA_INPUT:OK:NO_EXACT_CANDIDATE,SOURCE_DATA_GAP,EXACT_DA_SOURCE,TRUE,"승인 exact D&A 원천 부족; debt_status=OK, da_status=NO_EXACT_CANDIDATE"
022100,포스코DX,KOSPI,false,DIRECT,1,EV/EBITDA:EV_EBITDA_INPUT:OK:NO_EXACT_CANDIDATE,SOURCE_DATA_GAP,EXACT_DA_SOURCE,TRUE,"승인 exact D&A 원천 부족; debt_status=OK, da_status=NO_EXACT_CANDIDATE"
023960,에쓰씨엔지니어링,KOSPI,false,DIRECT,1,EV/EBITDA:EV_EBITDA_INPUT:EMPTY_AS_ZERO:NO_EXACT_CANDIDATE,SOURCE_DATA_GAP,EXACT_DA_SOURCE,TRUE,"승인 exact D&A 원천 부족; debt_status=EMPTY_AS_ZERO, da_status=NO_EXACT_CANDIDATE"
036570,NC,KOSPI,false,DIRECT,1,최근 분기 실적 가속·둔화:ANNUAL_OP_DENOM_NONPOSITIVE,POLICY_SEMANTIC_BLOCKER,V880_SCORING_CONTRACT,TRUE,전년도 연간 영업이익 분모가 비양수이며 승인 계약상 turnaround 예외에도 해당하지 않음
058730,다스코,KOSPI,false,DIRECT,1,최근 분기 실적 가속·둔화:ANNUAL_OP_DENOM_NONPOSITIVE,POLICY_SEMANTIC_BLOCKER,V880_SCORING_CONTRACT,TRUE,전년도 연간 영업이익 분모가 비양수이며 승인 계약상 turnaround 예외에도 해당하지 않음
063160,종근당바이오,KOSPI,false,DIRECT,1,수급·공시부담:SUPPLY_LIMITED_NO_POSITIVE_EVIDENCE,SOURCE_EVIDENCE_GAP,PRODUCTION_ANALYSIS_SUPPLY,TRUE,공시·수급 없음 판정을 확정할 만큼 source completeness가 부족함
066570,LG전자,KOSPI,false,DIRECT,1,수급·공시부담:SUPPLY_LIMITED_NO_POSITIVE_EVIDENCE,SOURCE_EVIDENCE_GAP,PRODUCTION_ANALYSIS_SUPPLY,TRUE,공시·수급 없음 판정을 확정할 만큼 source completeness가 부족함
071840,롯데하이마트,KOSPI,false,DIRECT,1,수급·공시부담:SUPPLY_LIMITED_NO_POSITIVE_EVIDENCE,SOURCE_EVIDENCE_GAP,PRODUCTION_ANALYSIS_SUPPLY,TRUE,공시·수급 없음 판정을 확정할 만큼 source completeness가 부족함
078520,에이블씨엔씨,KOSPI,false,DIRECT,1,EV/EBITDA:EV_EBITDA_INPUT:OK:NO_EXACT_CANDIDATE,SOURCE_DATA_GAP,EXACT_DA_SOURCE,TRUE,"승인 exact D&A 원천 부족; debt_status=OK, da_status=NO_EXACT_CANDIDATE"
081000,일진다이아,KOSPI,false,DIRECT,1,수급·공시부담:SUPPLY_LIMITED_NO_POSITIVE_EVIDENCE,SOURCE_EVIDENCE_GAP,PRODUCTION_ANALYSIS_SUPPLY,TRUE,공시·수급 없음 판정을 확정할 만큼 source completeness가 부족함
086280,현대글로비스,KOSPI,false,DIRECT,1,수급·공시부담:SUPPLY_LIMITED_NO_POSITIVE_EVIDENCE,SOURCE_EVIDENCE_GAP,PRODUCTION_ANALYSIS_SUPPLY,TRUE,공시·수급 없음 판정을 확정할 만큼 source completeness가 부족함
100250,진양홀딩스,KOSPI,false,DIRECT,1,수급·공시부담:SUPPLY_LIMITED_NO_POSITIVE_EVIDENCE,SOURCE_EVIDENCE_GAP,PRODUCTION_ANALYSIS_SUPPLY,TRUE,공시·수급 없음 판정을 확정할 만큼 source completeness가 부족함
139480,이마트,KOSPI,false,DIRECT,1,PER:MISSING_PER,SOURCE_DATA_GAP,FINANCIAL_VALUATION_CACHE,TRUE,밸류에이션 또는 관련 이익·ROE 입력 보강 필요
286940,롯데이노베이트,KOSPI,false,DIRECT,1,수급·공시부담:SUPPLY_LIMITED_NO_POSITIVE_EVIDENCE,SOURCE_EVIDENCE_GAP,PRODUCTION_ANALYSIS_SUPPLY,TRUE,공시·수급 없음 판정을 확정할 만큼 source completeness가 부족함
336260,두산퓨얼셀,KOSPI,false,DIRECT,1,최근 분기 실적 가속·둔화:ANNUAL_OP_DENOM_NONPOSITIVE,POLICY_SEMANTIC_BLOCKER,V880_SCORING_CONTRACT,TRUE,전년도 연간 영업이익 분모가 비양수이며 승인 계약상 turnaround 예외에도 해당하지 않음
357250,미래에셋맵스리츠,KOSPI,false,UNAVAILABLE,1,최근 분기 실적 가속·둔화:MISSING_ACCEL_INPUT,SOURCE_DATA_GAP,INVESTMENT_SCORE_SOURCE_CACHE,TRUE,연간/분기 재무 raw source 보강 필요
361610,SK아이이테크놀로지,KOSPI,false,DIRECT,1,최근 분기 실적 가속·둔화:ANNUAL_OP_DENOM_NONPOSITIVE,POLICY_SEMANTIC_BLOCKER,V880_SCORING_CONTRACT,TRUE,전년도 연간 영업이익 분모가 비양수이며 승인 계약상 turnaround 예외에도 해당하지 않음
483650,달바글로벌,KOSPI,false,DIRECT,1,EV/EBITDA:EV_EBITDA_INPUT:EMPTY_AS_ZERO:NO_EXACT_CANDIDATE,SOURCE_DATA_GAP,EXACT_DA_SOURCE,TRUE,"승인 exact D&A 원천 부족; debt_status=EMPTY_AS_ZERO, da_status=NO_EXACT_CANDIDATE"
000650,천일고속,KOSPI,false,DIRECT,2,수급·공시부담:SUPPLY_LIMITED_NO_POSITIVE_EVIDENCE,SOURCE_EVIDENCE_GAP,PRODUCTION_ANALYSIS_SUPPLY,FALSE,공시·수급 없음 판정을 확정할 만큼 source completeness가 부족함
000650,천일고속,KOSPI,false,DIRECT,2,최근 분기 실적 가속·둔화:ANNUAL_OP_DENOM_NONPOSITIVE,POLICY_SEMANTIC_BLOCKER,V880_SCORING_CONTRACT,FALSE,전년도 연간 영업이익 분모가 비양수이며 승인 계약상 turnaround 예외에도 해당하지 않음
001020,페이퍼코리아,KOSPI,false,DIRECT,2,과열·급락 위험:MISSING_RISK_INPUT,SOURCE_DATA_GAP,PRODUCTION_PRICE_METRICS,FALSE,가격·스윙·ATR·거래활동 metric 보강 필요
001020,페이퍼코리아,KOSPI,false,DIRECT,2,수급·공시부담:SUPPLY_LIMITED_NO_POSITIVE_EVIDENCE,SOURCE_EVIDENCE_GAP,PRODUCTION_ANALYSIS_SUPPLY,FALSE,공시·수급 없음 판정을 확정할 만큼 source completeness가 부족함
001440,대한전선,KOSPI,false,DIRECT,2,PER:MISSING_PER,SOURCE_DATA_GAP,FINANCIAL_VALUATION_CACHE,FALSE,밸류에이션 또는 관련 이익·ROE 입력 보강 필요
001440,대한전선,KOSPI,false,DIRECT,2,수급·공시부담:SUPPLY_LIMITED_NO_POSITIVE_EVIDENCE,SOURCE_EVIDENCE_GAP,PRODUCTION_ANALYSIS_SUPPLY,FALSE,공시·수급 없음 판정을 확정할 만큼 source completeness가 부족함
003580,HLB글로벌,KOSPI,false,DIRECT,2,EV/EBITDA:EV_EBITDA_INPUT:EMPTY_AS_ZERO:NO_EXACT_CANDIDATE,SOURCE_DATA_GAP,EXACT_DA_SOURCE,FALSE,"승인 exact D&A 원천 부족; debt_status=EMPTY_AS_ZERO, da_status=NO_EXACT_CANDIDATE"
003580,HLB글로벌,KOSPI,false,DIRECT,2,최근 분기 실적 가속·둔화:ANNUAL_OP_DENOM_NONPOSITIVE,POLICY_SEMANTIC_BLOCKER,V880_SCORING_CONTRACT,FALSE,전년도 연간 영업이익 분모가 비양수이며 승인 계약상 turnaround 예외에도 해당하지 않음
009200,무림페이퍼,KOSPI,false,DIRECT,2,PER:MISSING_PER,SOURCE_DATA_GAP,FINANCIAL_VALUATION_CACHE,FALSE,밸류에이션 또는 관련 이익·ROE 입력 보강 필요
009200,무림페이퍼,KOSPI,false,DIRECT,2,수급·공시부담:SUPPLY_LIMITED_NO_POSITIVE_EVIDENCE,SOURCE_EVIDENCE_GAP,PRODUCTION_ANALYSIS_SUPPLY,FALSE,공시·수급 없음 판정을 확정할 만큼 source completeness가 부족함
011200,HMM,KOSPI,false,DIRECT,2,EV/EBITDA:EV_EBITDA_INPUT:OK:NO_EXACT_CANDIDATE,SOURCE_DATA_GAP,EXACT_DA_SOURCE,FALSE,"승인 exact D&A 원천 부족; debt_status=OK, da_status=NO_EXACT_CANDIDATE"
011200,HMM,KOSPI,false,DIRECT,2,수급·공시부담:SUPPLY_LIMITED_NO_POSITIVE_EVIDENCE,SOURCE_EVIDENCE_GAP,PRODUCTION_ANALYSIS_SUPPLY,FALSE,공시·수급 없음 판정을 확정할 만큼 source completeness가 부족함
012280,영화금속,KOSPI,false,DIRECT,2,과열·급락 위험:MISSING_RISK_INPUT,SOURCE_DATA_GAP,PRODUCTION_PRICE_METRICS,FALSE,가격·스윙·ATR·거래활동 metric 보강 필요
012280,영화금속,KOSPI,false,DIRECT,2,기간 저가·고가 대비 현재위치:MISSING_POSITION,SOURCE_DATA_GAP,PRODUCTION_PRICE_METRICS,FALSE,가격·스윙·ATR·거래활동 metric 보강 필요
012690,모나리자,KOSPI,false,DIRECT,2,EV/EBITDA:EV_EBITDA_INPUT:OK:NO_EXACT_CANDIDATE,SOURCE_DATA_GAP,EXACT_DA_SOURCE,FALSE,"승인 exact D&A 원천 부족; debt_status=OK, da_status=NO_EXACT_CANDIDATE"
012690,모나리자,KOSPI,false,DIRECT,2,수급·공시부담:SUPPLY_LIMITED_NO_POSITIVE_EVIDENCE,SOURCE_EVIDENCE_GAP,PRODUCTION_ANALYSIS_SUPPLY,FALSE,공시·수급 없음 판정을 확정할 만큼 source completeness가 부족함
013360,일성건설,KOSPI,false,DIRECT,2,수급·공시부담:SUPPLY_LIMITED_NO_POSITIVE_EVIDENCE,SOURCE_EVIDENCE_GAP,PRODUCTION_ANALYSIS_SUPPLY,FALSE,공시·수급 없음 판정을 확정할 만큼 source completeness가 부족함
013360,일성건설,KOSPI,false,DIRECT,2,최근 분기 실적 가속·둔화:ANNUAL_OP_DENOM_NONPOSITIVE,POLICY_SEMANTIC_BLOCKER,V880_SCORING_CONTRACT,FALSE,전년도 연간 영업이익 분모가 비양수이며 승인 계약상 turnaround 예외에도 해당하지 않음
241590,화승엔터프라이즈,KOSPI,false,DIRECT,2,PER:MISSING_PER,SOURCE_DATA_GAP,FINANCIAL_VALUATION_CACHE,FALSE,밸류에이션 또는 관련 이익·ROE 입력 보강 필요
241590,화승엔터프라이즈,KOSPI,false,DIRECT,2,수급·공시부담:SUPPLY_LIMITED_NO_POSITIVE_EVIDENCE,SOURCE_EVIDENCE_GAP,PRODUCTION_ANALYSIS_SUPPLY,FALSE,공시·수급 없음 판정을 확정할 만큼 source completeness가 부족함
271940,일진하이솔루스,KOSPI,false,DIRECT,2,수급·공시부담:SUPPLY_LIMITED_NO_POSITIVE_EVIDENCE,SOURCE_EVIDENCE_GAP,PRODUCTION_ANALYSIS_SUPPLY,FALSE,공시·수급 없음 판정을 확정할 만큼 source completeness가 부족함
271940,일진하이솔루스,KOSPI,false,DIRECT,2,최근 분기 실적 가속·둔화:ANNUAL_OP_DENOM_NONPOSITIVE,POLICY_SEMANTIC_BLOCKER,V880_SCORING_CONTRACT,FALSE,전년도 연간 영업이익 분모가 비양수이며 승인 계약상 turnaround 예외에도 해당하지 않음
271980,제일약품,KOSPI,false,DIRECT,2,수급·공시부담:SUPPLY_LIMITED_NO_POSITIVE_EVIDENCE,SOURCE_EVIDENCE_GAP,PRODUCTION_ANALYSIS_SUPPLY,FALSE,공시·수급 없음 판정을 확정할 만큼 source completeness가 부족함
271980,제일약품,KOSPI,false,DIRECT,2,최근 분기 실적 가속·둔화:ANNUAL_OP_DENOM_NONPOSITIVE,POLICY_SEMANTIC_BLOCKER,V880_SCORING_CONTRACT,FALSE,전년도 연간 영업이익 분모가 비양수이며 승인 계약상 turnaround 예외에도 해당하지 않음
403550,쏘카,KOSPI,false,DIRECT,2,PER:MISSING_PER,SOURCE_DATA_GAP,FINANCIAL_VALUATION_CACHE,FALSE,밸류에이션 또는 관련 이익·ROE 입력 보강 필요
403550,쏘카,KOSPI,false,DIRECT,2,최근 분기 실적 가속·둔화:ANNUAL_OP_DENOM_NONPOSITIVE,POLICY_SEMANTIC_BLOCKER,V880_SCORING_CONTRACT,FALSE,전년도 연간 영업이익 분모가 비양수이며 승인 계약상 turnaround 예외에도 해당하지 않음
000810,삼성화재,KOSPI,true,UNAVAILABLE,3,매출 성장과 안정성:MISSING_REVENUE_GROWTH_INPUT,SOURCE_DATA_GAP,INVESTMENT_SCORE_SOURCE_CACHE,FALSE,연간/분기 재무 raw source 보강 필요
000810,삼성화재,KOSPI,true,UNAVAILABLE,3,최근 3년 매출 성장률:MISSING_3Y_REVENUE,SOURCE_DATA_GAP,INVESTMENT_SCORE_SOURCE_CACHE,FALSE,연간/분기 재무 raw source 보강 필요
000810,삼성화재,KOSPI,true,UNAVAILABLE,3,최근 분기 실적 가속·둔화:MISSING_ACCEL_INPUT,SOURCE_DATA_GAP,INVESTMENT_SCORE_SOURCE_CACHE,FALSE,연간/분기 재무 raw source 보강 필요
005830,DB손해보험,KOSPI,true,UNAVAILABLE,3,매출 성장과 안정성:MISSING_REVENUE_GROWTH_INPUT,SOURCE_DATA_GAP,INVESTMENT_SCORE_SOURCE_CACHE,FALSE,연간/분기 재무 raw source 보강 필요
005830,DB손해보험,KOSPI,true,UNAVAILABLE,3,최근 3년 매출 성장률:MISSING_3Y_REVENUE,SOURCE_DATA_GAP,INVESTMENT_SCORE_SOURCE_CACHE,FALSE,연간/분기 재무 raw source 보강 필요
005830,DB손해보험,KOSPI,true,UNAVAILABLE,3,최근 분기 실적 가속·둔화:MISSING_ACCEL_INPUT,SOURCE_DATA_GAP,INVESTMENT_SCORE_SOURCE_CACHE,FALSE,연간/분기 재무 raw source 보강 필요
012160,영흥,KOSPI,false,DIRECT,3,PER:MISSING_PER,SOURCE_DATA_GAP,FINANCIAL_VALUATION_CACHE,FALSE,밸류에이션 또는 관련 이익·ROE 입력 보강 필요
012160,영흥,KOSPI,false,DIRECT,3,과열·급락 위험:MISSING_RISK_INPUT,SOURCE_DATA_GAP,PRODUCTION_PRICE_METRICS,FALSE,가격·스윙·ATR·거래활동 metric 보강 필요
012160,영흥,KOSPI,false,DIRECT,3,기간 저가·고가 대비 현재위치:MISSING_POSITION,SOURCE_DATA_GAP,PRODUCTION_PRICE_METRICS,FALSE,가격·스윙·ATR·거래활동 metric 보강 필요
044380,주연테크,KOSPI,false,DIRECT,3,EV/EBITDA:EV_EBITDA_INPUT:OK:NO_EXACT_CANDIDATE,SOURCE_DATA_GAP,EXACT_DA_SOURCE,FALSE,"승인 exact D&A 원천 부족; debt_status=OK, da_status=NO_EXACT_CANDIDATE"
044380,주연테크,KOSPI,false,DIRECT,3,과열·급락 위험:MISSING_RISK_INPUT,SOURCE_DATA_GAP,PRODUCTION_PRICE_METRICS,FALSE,가격·스윙·ATR·거래활동 metric 보강 필요
044380,주연테크,KOSPI,false,DIRECT,3,기간 저가·고가 대비 현재위치:MISSING_POSITION,SOURCE_DATA_GAP,PRODUCTION_PRICE_METRICS,FALSE,가격·스윙·ATR·거래활동 metric 보강 필요
091810,트리니티항공,KOSPI,false,DIRECT,3,과열·급락 위험:MISSING_RISK_INPUT,SOURCE_DATA_GAP,PRODUCTION_PRICE_METRICS,FALSE,가격·스윙·ATR·거래활동 metric 보강 필요
091810,트리니티항공,KOSPI,false,DIRECT,3,기간 저가·고가 대비 현재위치:MISSING_POSITION,SOURCE_DATA_GAP,PRODUCTION_PRICE_METRICS,FALSE,가격·스윙·ATR·거래활동 metric 보강 필요
091810,트리니티항공,KOSPI,false,DIRECT,3,최근 분기 실적 가속·둔화:ANNUAL_OP_DENOM_NONPOSITIVE,POLICY_SEMANTIC_BLOCKER,V880_SCORING_CONTRACT,FALSE,전년도 연간 영업이익 분모가 비양수이며 승인 계약상 turnaround 예외에도 해당하지 않음
105560,KB금융,KOSPI,true,UNAVAILABLE,3,매출 성장과 안정성:MISSING_REVENUE_GROWTH_INPUT,SOURCE_DATA_GAP,INVESTMENT_SCORE_SOURCE_CACHE,FALSE,연간/분기 재무 raw source 보강 필요
105560,KB금융,KOSPI,true,UNAVAILABLE,3,최근 3년 매출 성장률:MISSING_3Y_REVENUE,SOURCE_DATA_GAP,INVESTMENT_SCORE_SOURCE_CACHE,FALSE,연간/분기 재무 raw source 보강 필요
105560,KB금융,KOSPI,true,UNAVAILABLE,3,최근 분기 실적 가속·둔화:MISSING_ACCEL_INPUT,SOURCE_DATA_GAP,INVESTMENT_SCORE_SOURCE_CACHE,FALSE,연간/분기 재무 raw source 보강 필요
138930,BNK금융지주,KOSPI,true,UNAVAILABLE,3,매출 성장과 안정성:MISSING_REVENUE_GROWTH_INPUT,SOURCE_DATA_GAP,INVESTMENT_SCORE_SOURCE_CACHE,FALSE,연간/분기 재무 raw source 보강 필요
138930,BNK금융지주,KOSPI,true,UNAVAILABLE,3,최근 3년 매출 성장률:MISSING_3Y_REVENUE,SOURCE_DATA_GAP,INVESTMENT_SCORE_SOURCE_CACHE,FALSE,연간/분기 재무 raw source 보강 필요
138930,BNK금융지주,KOSPI,true,UNAVAILABLE,3,최근 분기 실적 가속·둔화:MISSING_ACCEL_INPUT,SOURCE_DATA_GAP,INVESTMENT_SCORE_SOURCE_CACHE,FALSE,연간/분기 재무 raw source 보강 필요
298000,효성화학,KOSPI,false,DIRECT,3,EV/EBITDA:EV_EBITDA_INPUT:OK:NO_EXACT_CANDIDATE,SOURCE_DATA_GAP,EXACT_DA_SOURCE,FALSE,"승인 exact D&A 원천 부족; debt_status=OK, da_status=NO_EXACT_CANDIDATE"
298000,효성화학,KOSPI,false,DIRECT,3,과열·급락 위험:MISSING_RISK_INPUT,SOURCE_DATA_GAP,PRODUCTION_PRICE_METRICS,FALSE,가격·스윙·ATR·거래활동 metric 보강 필요
298000,효성화학,KOSPI,false,DIRECT,3,기간 저가·고가 대비 현재위치:MISSING_POSITION,SOURCE_DATA_GAP,PRODUCTION_PRICE_METRICS,FALSE,가격·스윙·ATR·거래활동 metric 보강 필요
001420,태원물산,KOSPI,false,DIRECT,4,과열·급락 위험:MISSING_RISK_INPUT,SOURCE_DATA_GAP,PRODUCTION_PRICE_METRICS,FALSE,가격·스윙·ATR·거래활동 metric 보강 필요
001420,태원물산,KOSPI,false,DIRECT,4,기간 저가·고가 대비 현재위치:MISSING_POSITION,SOURCE_DATA_GAP,PRODUCTION_PRICE_METRICS,FALSE,가격·스윙·ATR·거래활동 metric 보강 필요
001420,태원물산,KOSPI,false,DIRECT,4,수급·공시부담:SUPPLY_LIMITED_NO_POSITIVE_EVIDENCE,SOURCE_EVIDENCE_GAP,PRODUCTION_ANALYSIS_SUPPLY,FALSE,공시·수급 없음 판정을 확정할 만큼 source completeness가 부족함
001420,태원물산,KOSPI,false,DIRECT,4,최근 분기 실적 가속·둔화:ANNUAL_OP_DENOM_NONPOSITIVE,POLICY_SEMANTIC_BLOCKER,V880_SCORING_CONTRACT,FALSE,전년도 연간 영업이익 분모가 비양수이며 승인 계약상 turnaround 예외에도 해당하지 않음
001770,SHD,KOSPI,false,DIRECT,4,EV/EBITDA:EV_EBITDA_INPUT:OK:NO_EXACT_CANDIDATE,SOURCE_DATA_GAP,EXACT_DA_SOURCE,FALSE,"승인 exact D&A 원천 부족; debt_status=OK, da_status=NO_EXACT_CANDIDATE"
001770,SHD,KOSPI,false,DIRECT,4,과열·급락 위험:MISSING_RISK_INPUT,SOURCE_DATA_GAP,PRODUCTION_PRICE_METRICS,FALSE,가격·스윙·ATR·거래활동 metric 보강 필요
001770,SHD,KOSPI,false,DIRECT,4,기간 저가·고가 대비 현재위치:MISSING_POSITION,SOURCE_DATA_GAP,PRODUCTION_PRICE_METRICS,FALSE,가격·스윙·ATR·거래활동 metric 보강 필요
001770,SHD,KOSPI,false,DIRECT,4,최근 분기 실적 가속·둔화:ANNUAL_OP_DENOM_NONPOSITIVE,POLICY_SEMANTIC_BLOCKER,V880_SCORING_CONTRACT,FALSE,전년도 연간 영업이익 분모가 비양수이며 승인 계약상 turnaround 예외에도 해당하지 않음
002990,금호건설,KOSPI,false,DIRECT,4,과열·급락 위험:MISSING_RISK_INPUT,SOURCE_DATA_GAP,PRODUCTION_PRICE_METRICS,FALSE,가격·스윙·ATR·거래활동 metric 보강 필요
002990,금호건설,KOSPI,false,DIRECT,4,기간 저가·고가 대비 현재위치:MISSING_POSITION,SOURCE_DATA_GAP,PRODUCTION_PRICE_METRICS,FALSE,가격·스윙·ATR·거래활동 metric 보강 필요
002990,금호건설,KOSPI,false,DIRECT,4,수급·공시부담:SUPPLY_LIMITED_NO_POSITIVE_EVIDENCE,SOURCE_EVIDENCE_GAP,PRODUCTION_ANALYSIS_SUPPLY,FALSE,공시·수급 없음 판정을 확정할 만큼 source completeness가 부족함
002990,금호건설,KOSPI,false,DIRECT,4,최근 분기 실적 가속·둔화:ANNUAL_OP_DENOM_NONPOSITIVE,POLICY_SEMANTIC_BLOCKER,V880_SCORING_CONTRACT,FALSE,전년도 연간 영업이익 분모가 비양수이며 승인 계약상 turnaround 예외에도 해당하지 않음
004870,티웨이홀딩스,KOSPI,false,DIRECT,4,EV/EBITDA:EV_EBITDA_INPUT:OK:NO_EXACT_CANDIDATE,SOURCE_DATA_GAP,EXACT_DA_SOURCE,FALSE,"승인 exact D&A 원천 부족; debt_status=OK, da_status=NO_EXACT_CANDIDATE"
004870,티웨이홀딩스,KOSPI,false,DIRECT,4,과열·급락 위험:MISSING_RISK_INPUT,SOURCE_DATA_GAP,PRODUCTION_PRICE_METRICS,FALSE,가격·스윙·ATR·거래활동 metric 보강 필요
004870,티웨이홀딩스,KOSPI,false,DIRECT,4,기간 저가·고가 대비 현재위치:MISSING_POSITION,SOURCE_DATA_GAP,PRODUCTION_PRICE_METRICS,FALSE,가격·스윙·ATR·거래활동 metric 보강 필요
004870,티웨이홀딩스,KOSPI,false,DIRECT,4,최근 분기 실적 가속·둔화:ANNUAL_OP_DENOM_NONPOSITIVE,POLICY_SEMANTIC_BLOCKER,V880_SCORING_CONTRACT,FALSE,전년도 연간 영업이익 분모가 비양수이며 승인 계약상 turnaround 예외에도 해당하지 않음
006380,카프로,KOSPI,false,DIRECT,4,EV/EBITDA:EV_EBITDA_INPUT:OK:NO_EXACT_CANDIDATE,SOURCE_DATA_GAP,EXACT_DA_SOURCE,FALSE,"승인 exact D&A 원천 부족; debt_status=OK, da_status=NO_EXACT_CANDIDATE"
006380,카프로,KOSPI,false,DIRECT,4,과열·급락 위험:MISSING_RISK_INPUT,SOURCE_DATA_GAP,PRODUCTION_PRICE_METRICS,FALSE,가격·스윙·ATR·거래활동 metric 보강 필요
006380,카프로,KOSPI,false,DIRECT,4,기간 저가·고가 대비 현재위치:MISSING_POSITION,SOURCE_DATA_GAP,PRODUCTION_PRICE_METRICS,FALSE,가격·스윙·ATR·거래활동 metric 보강 필요
006380,카프로,KOSPI,false,DIRECT,4,최근 분기 실적 가속·둔화:ANNUAL_OP_DENOM_NONPOSITIVE,POLICY_SEMANTIC_BLOCKER,V880_SCORING_CONTRACT,FALSE,전년도 연간 영업이익 분모가 비양수이며 승인 계약상 turnaround 예외에도 해당하지 않음
014160,대영포장,KOSPI,false,DIRECT,4,EV/EBITDA:EV_EBITDA_INPUT:OK:NO_EXACT_CANDIDATE,SOURCE_DATA_GAP,EXACT_DA_SOURCE,FALSE,"승인 exact D&A 원천 부족; debt_status=OK, da_status=NO_EXACT_CANDIDATE"
014160,대영포장,KOSPI,false,DIRECT,4,PER:MISSING_PER,SOURCE_DATA_GAP,FINANCIAL_VALUATION_CACHE,FALSE,밸류에이션 또는 관련 이익·ROE 입력 보강 필요
014160,대영포장,KOSPI,false,DIRECT,4,과열·급락 위험:MISSING_RISK_INPUT,SOURCE_DATA_GAP,PRODUCTION_PRICE_METRICS,FALSE,가격·스윙·ATR·거래활동 metric 보강 필요
014160,대영포장,KOSPI,false,DIRECT,4,기간 저가·고가 대비 현재위치:MISSING_POSITION,SOURCE_DATA_GAP,PRODUCTION_PRICE_METRICS,FALSE,가격·스윙·ATR·거래활동 metric 보강 필요
029780,삼성카드,KOSPI,true,UNAVAILABLE,4,매출 성장과 안정성:MISSING_REVENUE_GROWTH_INPUT,SOURCE_DATA_GAP,INVESTMENT_SCORE_SOURCE_CACHE,FALSE,연간/분기 재무 raw source 보강 필요
029780,삼성카드,KOSPI,true,UNAVAILABLE,4,수급·공시부담:SUPPLY_LIMITED_NO_POSITIVE_EVIDENCE,SOURCE_EVIDENCE_GAP,PRODUCTION_ANALYSIS_SUPPLY,FALSE,공시·수급 없음 판정을 확정할 만큼 source completeness가 부족함
029780,삼성카드,KOSPI,true,UNAVAILABLE,4,최근 3년 매출 성장률:MISSING_3Y_REVENUE,SOURCE_DATA_GAP,INVESTMENT_SCORE_SOURCE_CACHE,FALSE,연간/분기 재무 raw source 보강 필요
029780,삼성카드,KOSPI,true,UNAVAILABLE,4,최근 분기 실적 가속·둔화:MISSING_ACCEL_INPUT,SOURCE_DATA_GAP,INVESTMENT_SCORE_SOURCE_CACHE,FALSE,연간/분기 재무 raw source 보강 필요
002210,동성제약,KOSPI,false,DIRECT,5,EV/EBITDA:EV_EBITDA_INPUT:EMPTY_AS_ZERO:NO_EXACT_CANDIDATE,SOURCE_DATA_GAP,EXACT_DA_SOURCE,FALSE,"승인 exact D&A 원천 부족; debt_status=EMPTY_AS_ZERO, da_status=NO_EXACT_CANDIDATE"
002210,동성제약,KOSPI,false,DIRECT,5,과열·급락 위험:MISSING_RISK_INPUT,SOURCE_DATA_GAP,PRODUCTION_PRICE_METRICS,FALSE,가격·스윙·ATR·거래활동 metric 보강 필요
002210,동성제약,KOSPI,false,DIRECT,5,기간 저가·고가 대비 현재위치:MISSING_POSITION,SOURCE_DATA_GAP,PRODUCTION_PRICE_METRICS,FALSE,가격·스윙·ATR·거래활동 metric 보강 필요
002210,동성제약,KOSPI,false,DIRECT,5,수급·공시부담:SUPPLY_LIMITED_NO_POSITIVE_EVIDENCE,SOURCE_EVIDENCE_GAP,PRODUCTION_ANALYSIS_SUPPLY,FALSE,공시·수급 없음 판정을 확정할 만큼 source completeness가 부족함
002210,동성제약,KOSPI,false,DIRECT,5,최근 분기 실적 가속·둔화:ANNUAL_OP_DENOM_NONPOSITIVE,POLICY_SEMANTIC_BLOCKER,V880_SCORING_CONTRACT,FALSE,전년도 연간 영업이익 분모가 비양수이며 승인 계약상 turnaround 예외에도 해당하지 않음
006370,대구백화점,KOSPI,false,UNAVAILABLE,6,EV/EBITDA:EV_EBITDA_INPUT:OK:NO_EXACT_CANDIDATE,SOURCE_DATA_GAP,EXACT_DA_SOURCE,FALSE,"승인 exact D&A 원천 부족; debt_status=OK, da_status=NO_EXACT_CANDIDATE"
006370,대구백화점,KOSPI,false,UNAVAILABLE,6,PSR 또는 대체 가치지표:MISSING_PSR_INPUT,SOURCE_DATA_GAP,FINANCIAL_AND_RAW_SOURCE,FALSE,시가총액 또는 연간 매출 입력 보강 필요
006370,대구백화점,KOSPI,false,UNAVAILABLE,6,매출 성장과 안정성:MISSING_REVENUE_GROWTH_INPUT,SOURCE_DATA_GAP,INVESTMENT_SCORE_SOURCE_CACHE,FALSE,연간/분기 재무 raw source 보강 필요
006370,대구백화점,KOSPI,false,UNAVAILABLE,6,영업현금흐름:MISSING_OCF_MARGIN_INPUT,SOURCE_DATA_GAP,OCF_AND_REVENUE_SOURCE,FALSE,영업현금흐름 또는 연간 매출 입력 보강 필요
006370,대구백화점,KOSPI,false,UNAVAILABLE,6,최근 3년 매출 성장률:MISSING_3Y_REVENUE,SOURCE_DATA_GAP,INVESTMENT_SCORE_SOURCE_CACHE,FALSE,연간/분기 재무 raw source 보강 필요
006370,대구백화점,KOSPI,false,UNAVAILABLE,6,최근 분기 실적 가속·둔화:MISSING_ACCEL_INPUT,SOURCE_DATA_GAP,INVESTMENT_SCORE_SOURCE_CACHE,FALSE,연간/분기 재무 raw source 보강 필요
001045,CJ우,KOSPI,true,UNAVAILABLE,12,PBR:MISSING_PBR_OR_ROE,SOURCE_DATA_GAP,FINANCIAL_VALUATION_CACHE,FALSE,밸류에이션 또는 관련 이익·ROE 입력 보강 필요
001045,CJ우,KOSPI,true,UNAVAILABLE,12,PER:MISSING_PER,SOURCE_DATA_GAP,FINANCIAL_VALUATION_CACHE,FALSE,밸류에이션 또는 관련 이익·ROE 입력 보강 필요
001045,CJ우,KOSPI,true,UNAVAILABLE,12,ROE:MISSING_ROE,SOURCE_DATA_GAP,FINANCIAL_VALUATION_CACHE,FALSE,재무·수익성 cache 입력 보강 필요
001045,CJ우,KOSPI,true,UNAVAILABLE,12,매출 성장과 안정성:MISSING_REVENUE_GROWTH_INPUT,SOURCE_DATA_GAP,INVESTMENT_SCORE_SOURCE_CACHE,FALSE,연간/분기 재무 raw source 보강 필요
001045,CJ우,KOSPI,true,UNAVAILABLE,12,수급·공시부담:SUPPLY_LIMITED_NO_POSITIVE_EVIDENCE,SOURCE_EVIDENCE_GAP,PRODUCTION_ANALYSIS_SUPPLY,FALSE,공시·수급 없음 판정을 확정할 만큼 source completeness가 부족함
001045,CJ우,KOSPI,true,UNAVAILABLE,12,순이익 흐름:MISSING_EARNINGS_TREND,SOURCE_DATA_GAP,FINANCIAL_VALUATION_CACHE,FALSE,재무·수익성 cache 입력 보강 필요
001045,CJ우,KOSPI,true,UNAVAILABLE,12,영업이익 성장과 흑자 여부:MISSING_OP_PROFIT,SOURCE_DATA_GAP,FINANCIAL_VALUATION_CACHE,FALSE,재무·수익성 cache 입력 보강 필요
001045,CJ우,KOSPI,true,UNAVAILABLE,12,영업이익률:MISSING_MARGIN,SOURCE_DATA_GAP,FINANCIAL_VALUATION_CACHE,FALSE,재무·수익성 cache 입력 보강 필요
001045,CJ우,KOSPI,true,UNAVAILABLE,12,최근 3년 매출 성장률:MISSING_3Y_REVENUE,SOURCE_DATA_GAP,INVESTMENT_SCORE_SOURCE_CACHE,FALSE,연간/분기 재무 raw source 보강 필요
001045,CJ우,KOSPI,true,UNAVAILABLE,12,최근 3년 영업이익 성장률:MISSING_3Y_OP,SOURCE_DATA_GAP,INVESTMENT_SCORE_SOURCE_CACHE,FALSE,연간/분기 재무 raw source 보강 필요
001045,CJ우,KOSPI,true,UNAVAILABLE,12,최근 분기 실적 가속·둔화:MISSING_ACCEL_INPUT,SOURCE_DATA_GAP,INVESTMENT_SCORE_SOURCE_CACHE,FALSE,연간/분기 재무 raw source 보강 필요
001045,CJ우,KOSPI,true,UNAVAILABLE,12,흑자 지속성과 이익 안정성:MISSING_EARNINGS_TREND,SOURCE_DATA_GAP,FINANCIAL_VALUATION_CACHE,FALSE,재무·수익성 cache 입력 보강 필요
088980,맥쿼리인프라,KOSPI,true,UNAVAILABLE,12,PBR:MISSING_PBR_OR_ROE,SOURCE_DATA_GAP,FINANCIAL_VALUATION_CACHE,FALSE,밸류에이션 또는 관련 이익·ROE 입력 보강 필요
088980,맥쿼리인프라,KOSPI,true,UNAVAILABLE,12,PER:MISSING_PER,SOURCE_DATA_GAP,FINANCIAL_VALUATION_CACHE,FALSE,밸류에이션 또는 관련 이익·ROE 입력 보강 필요
088980,맥쿼리인프라,KOSPI,true,UNAVAILABLE,12,ROE:MISSING_ROE,SOURCE_DATA_GAP,FINANCIAL_VALUATION_CACHE,FALSE,재무·수익성 cache 입력 보강 필요
088980,맥쿼리인프라,KOSPI,true,UNAVAILABLE,12,매출 성장과 안정성:MISSING_REVENUE_GROWTH_INPUT,SOURCE_DATA_GAP,INVESTMENT_SCORE_SOURCE_CACHE,FALSE,연간/분기 재무 raw source 보강 필요
088980,맥쿼리인프라,KOSPI,true,UNAVAILABLE,12,수급·공시부담:SUPPLY_LIMITED_NO_POSITIVE_EVIDENCE,SOURCE_EVIDENCE_GAP,PRODUCTION_ANALYSIS_SUPPLY,FALSE,공시·수급 없음 판정을 확정할 만큼 source completeness가 부족함
088980,맥쿼리인프라,KOSPI,true,UNAVAILABLE,12,순이익 흐름:MISSING_EARNINGS_TREND,SOURCE_DATA_GAP,FINANCIAL_VALUATION_CACHE,FALSE,재무·수익성 cache 입력 보강 필요
088980,맥쿼리인프라,KOSPI,true,UNAVAILABLE,12,영업이익 성장과 흑자 여부:MISSING_OP_PROFIT,SOURCE_DATA_GAP,FINANCIAL_VALUATION_CACHE,FALSE,재무·수익성 cache 입력 보강 필요
088980,맥쿼리인프라,KOSPI,true,UNAVAILABLE,12,영업이익률:MISSING_MARGIN,SOURCE_DATA_GAP,FINANCIAL_VALUATION_CACHE,FALSE,재무·수익성 cache 입력 보강 필요
088980,맥쿼리인프라,KOSPI,true,UNAVAILABLE,12,최근 3년 매출 성장률:MISSING_3Y_REVENUE,SOURCE_DATA_GAP,INVESTMENT_SCORE_SOURCE_CACHE,FALSE,연간/분기 재무 raw source 보강 필요
088980,맥쿼리인프라,KOSPI,true,UNAVAILABLE,12,최근 3년 영업이익 성장률:MISSING_3Y_OP,SOURCE_DATA_GAP,INVESTMENT_SCORE_SOURCE_CACHE,FALSE,연간/분기 재무 raw source 보강 필요
088980,맥쿼리인프라,KOSPI,true,UNAVAILABLE,12,최근 분기 실적 가속·둔화:MISSING_ACCEL_INPUT,SOURCE_DATA_GAP,INVESTMENT_SCORE_SOURCE_CACHE,FALSE,연간/분기 재무 raw source 보강 필요
088980,맥쿼리인프라,KOSPI,true,UNAVAILABLE,12,흑자 지속성과 이익 안정성:MISSING_EARNINGS_TREND,SOURCE_DATA_GAP,FINANCIAL_VALUATION_CACHE,FALSE,재무·수익성 cache 입력 보강 필요
003495,대한항공우,KOSPI,false,PREFERRED_COMMON:003490,13,EV/EBITDA:EV_EBITDA_INPUT:OK:OK,SOURCE_DATA_GAP,EV_EBITDA_OTHER_INPUT,FALSE,D&A/debt exact 상태는 통과했으므로 시가총액·현금·영업이익 입력 중 누락 점검 필요
003495,대한항공우,KOSPI,false,PREFERRED_COMMON:003490,13,PBR:MISSING_PBR_OR_ROE,SOURCE_DATA_GAP,FINANCIAL_VALUATION_CACHE,FALSE,밸류에이션 또는 관련 이익·ROE 입력 보강 필요
003495,대한항공우,KOSPI,false,PREFERRED_COMMON:003490,13,PER:MISSING_PER,SOURCE_DATA_GAP,FINANCIAL_VALUATION_CACHE,FALSE,밸류에이션 또는 관련 이익·ROE 입력 보강 필요
003495,대한항공우,KOSPI,false,PREFERRED_COMMON:003490,13,PSR 또는 대체 가치지표:MISSING_PSR_INPUT,SOURCE_DATA_GAP,FINANCIAL_AND_RAW_SOURCE,FALSE,시가총액 또는 연간 매출 입력 보강 필요
003495,대한항공우,KOSPI,false,PREFERRED_COMMON:003490,13,ROE:MISSING_ROE,SOURCE_DATA_GAP,FINANCIAL_VALUATION_CACHE,FALSE,재무·수익성 cache 입력 보강 필요
003495,대한항공우,KOSPI,false,PREFERRED_COMMON:003490,13,매출 성장과 안정성:MISSING_REVENUE_GROWTH_INPUT,SOURCE_DATA_GAP,INVESTMENT_SCORE_SOURCE_CACHE,FALSE,연간/분기 재무 raw source 보강 필요
003495,대한항공우,KOSPI,false,PREFERRED_COMMON:003490,13,부채비율:MISSING_DEBT_RATIO,SOURCE_DATA_GAP,FINANCIAL_VALUATION_CACHE,FALSE,재무·수익성 cache 입력 보강 필요
003495,대한항공우,KOSPI,false,PREFERRED_COMMON:003490,13,수급·공시부담:SUPPLY_LIMITED_NO_POSITIVE_EVIDENCE,SOURCE_EVIDENCE_GAP,PRODUCTION_ANALYSIS_SUPPLY,FALSE,공시·수급 없음 판정을 확정할 만큼 source completeness가 부족함
003495,대한항공우,KOSPI,false,PREFERRED_COMMON:003490,13,순이익 흐름:MISSING_EARNINGS_TREND,SOURCE_DATA_GAP,FINANCIAL_VALUATION_CACHE,FALSE,재무·수익성 cache 입력 보강 필요
003495,대한항공우,KOSPI,false,PREFERRED_COMMON:003490,13,순현금·기업가치 상태:NETCASH_INPUT:OK,SOURCE_DATA_GAP,NETCASH_INPUT,FALSE,시가총액·현금·승인 core debt 원천 보강 필요
003495,대한항공우,KOSPI,false,PREFERRED_COMMON:003490,13,영업이익 성장과 흑자 여부:MISSING_OP_PROFIT,SOURCE_DATA_GAP,FINANCIAL_VALUATION_CACHE,FALSE,재무·수익성 cache 입력 보강 필요
003495,대한항공우,KOSPI,false,PREFERRED_COMMON:003490,13,영업이익률:MISSING_MARGIN,SOURCE_DATA_GAP,FINANCIAL_VALUATION_CACHE,FALSE,재무·수익성 cache 입력 보강 필요
003495,대한항공우,KOSPI,false,PREFERRED_COMMON:003490,13,흑자 지속성과 이익 안정성:MISSING_EARNINGS_TREND,SOURCE_DATA_GAP,FINANCIAL_VALUATION_CACHE,FALSE,재무·수익성 cache 입력 보강 필요
066575,LG전자우,KOSPI,false,PREFERRED_COMMON:066570,13,EV/EBITDA:EV_EBITDA_INPUT:OK:OK,SOURCE_DATA_GAP,EV_EBITDA_OTHER_INPUT,FALSE,D&A/debt exact 상태는 통과했으므로 시가총액·현금·영업이익 입력 중 누락 점검 필요
066575,LG전자우,KOSPI,false,PREFERRED_COMMON:066570,13,PBR:MISSING_PBR_OR_ROE,SOURCE_DATA_GAP,FINANCIAL_VALUATION_CACHE,FALSE,밸류에이션 또는 관련 이익·ROE 입력 보강 필요
066575,LG전자우,KOSPI,false,PREFERRED_COMMON:066570,13,PER:MISSING_PER,SOURCE_DATA_GAP,FINANCIAL_VALUATION_CACHE,FALSE,밸류에이션 또는 관련 이익·ROE 입력 보강 필요
066575,LG전자우,KOSPI,false,PREFERRED_COMMON:066570,13,PSR 또는 대체 가치지표:MISSING_PSR_INPUT,SOURCE_DATA_GAP,FINANCIAL_AND_RAW_SOURCE,FALSE,시가총액 또는 연간 매출 입력 보강 필요
066575,LG전자우,KOSPI,false,PREFERRED_COMMON:066570,13,ROE:MISSING_ROE,SOURCE_DATA_GAP,FINANCIAL_VALUATION_CACHE,FALSE,재무·수익성 cache 입력 보강 필요
066575,LG전자우,KOSPI,false,PREFERRED_COMMON:066570,13,매출 성장과 안정성:MISSING_REVENUE_GROWTH_INPUT,SOURCE_DATA_GAP,INVESTMENT_SCORE_SOURCE_CACHE,FALSE,연간/분기 재무 raw source 보강 필요
066575,LG전자우,KOSPI,false,PREFERRED_COMMON:066570,13,부채비율:MISSING_DEBT_RATIO,SOURCE_DATA_GAP,FINANCIAL_VALUATION_CACHE,FALSE,재무·수익성 cache 입력 보강 필요
066575,LG전자우,KOSPI,false,PREFERRED_COMMON:066570,13,수급·공시부담:SUPPLY_LIMITED_NO_POSITIVE_EVIDENCE,SOURCE_EVIDENCE_GAP,PRODUCTION_ANALYSIS_SUPPLY,FALSE,공시·수급 없음 판정을 확정할 만큼 source completeness가 부족함
066575,LG전자우,KOSPI,false,PREFERRED_COMMON:066570,13,순이익 흐름:MISSING_EARNINGS_TREND,SOURCE_DATA_GAP,FINANCIAL_VALUATION_CACHE,FALSE,재무·수익성 cache 입력 보강 필요
066575,LG전자우,KOSPI,false,PREFERRED_COMMON:066570,13,순현금·기업가치 상태:NETCASH_INPUT:OK,SOURCE_DATA_GAP,NETCASH_INPUT,FALSE,시가총액·현금·승인 core debt 원천 보강 필요
066575,LG전자우,KOSPI,false,PREFERRED_COMMON:066570,13,영업이익 성장과 흑자 여부:MISSING_OP_PROFIT,SOURCE_DATA_GAP,FINANCIAL_VALUATION_CACHE,FALSE,재무·수익성 cache 입력 보강 필요
066575,LG전자우,KOSPI,false,PREFERRED_COMMON:066570,13,영업이익률:MISSING_MARGIN,SOURCE_DATA_GAP,FINANCIAL_VALUATION_CACHE,FALSE,재무·수익성 cache 입력 보강 필요
066575,LG전자우,KOSPI,false,PREFERRED_COMMON:066570,13,흑자 지속성과 이익 안정성:MISSING_EARNINGS_TREND,SOURCE_DATA_GAP,FINANCIAL_VALUATION_CACHE,FALSE,재무·수익성 cache 입력 보강 필요
097955,CJ제일제당 우,KOSPI,false,PREFERRED_COMMON:097950,13,EV/EBITDA:EV_EBITDA_INPUT:OK:OK,SOURCE_DATA_GAP,EV_EBITDA_OTHER_INPUT,FALSE,D&A/debt exact 상태는 통과했으므로 시가총액·현금·영업이익 입력 중 누락 점검 필요
097955,CJ제일제당 우,KOSPI,false,PREFERRED_COMMON:097950,13,PBR:MISSING_PBR_OR_ROE,SOURCE_DATA_GAP,FINANCIAL_VALUATION_CACHE,FALSE,밸류에이션 또는 관련 이익·ROE 입력 보강 필요
097955,CJ제일제당 우,KOSPI,false,PREFERRED_COMMON:097950,13,PER:MISSING_PER,SOURCE_DATA_GAP,FINANCIAL_VALUATION_CACHE,FALSE,밸류에이션 또는 관련 이익·ROE 입력 보강 필요
097955,CJ제일제당 우,KOSPI,false,PREFERRED_COMMON:097950,13,PSR 또는 대체 가치지표:MISSING_PSR_INPUT,SOURCE_DATA_GAP,FINANCIAL_AND_RAW_SOURCE,FALSE,시가총액 또는 연간 매출 입력 보강 필요
097955,CJ제일제당 우,KOSPI,false,PREFERRED_COMMON:097950,13,ROE:MISSING_ROE,SOURCE_DATA_GAP,FINANCIAL_VALUATION_CACHE,FALSE,재무·수익성 cache 입력 보강 필요
097955,CJ제일제당 우,KOSPI,false,PREFERRED_COMMON:097950,13,매출 성장과 안정성:MISSING_REVENUE_GROWTH_INPUT,SOURCE_DATA_GAP,INVESTMENT_SCORE_SOURCE_CACHE,FALSE,연간/분기 재무 raw source 보강 필요
097955,CJ제일제당 우,KOSPI,false,PREFERRED_COMMON:097950,13,부채비율:MISSING_DEBT_RATIO,SOURCE_DATA_GAP,FINANCIAL_VALUATION_CACHE,FALSE,재무·수익성 cache 입력 보강 필요
097955,CJ제일제당 우,KOSPI,false,PREFERRED_COMMON:097950,13,수급·공시부담:SUPPLY_LIMITED_NO_POSITIVE_EVIDENCE,SOURCE_EVIDENCE_GAP,PRODUCTION_ANALYSIS_SUPPLY,FALSE,공시·수급 없음 판정을 확정할 만큼 source completeness가 부족함
097955,CJ제일제당 우,KOSPI,false,PREFERRED_COMMON:097950,13,순이익 흐름:MISSING_EARNINGS_TREND,SOURCE_DATA_GAP,FINANCIAL_VALUATION_CACHE,FALSE,재무·수익성 cache 입력 보강 필요
097955,CJ제일제당 우,KOSPI,false,PREFERRED_COMMON:097950,13,순현금·기업가치 상태:NETCASH_INPUT:OK,SOURCE_DATA_GAP,NETCASH_INPUT,FALSE,시가총액·현금·승인 core debt 원천 보강 필요
097955,CJ제일제당 우,KOSPI,false,PREFERRED_COMMON:097950,13,영업이익 성장과 흑자 여부:MISSING_OP_PROFIT,SOURCE_DATA_GAP,FINANCIAL_VALUATION_CACHE,FALSE,재무·수익성 cache 입력 보강 필요
097955,CJ제일제당 우,KOSPI,false,PREFERRED_COMMON:097950,13,영업이익률:MISSING_MARGIN,SOURCE_DATA_GAP,FINANCIAL_VALUATION_CACHE,FALSE,재무·수익성 cache 입력 보강 필요
097955,CJ제일제당 우,KOSPI,false,PREFERRED_COMMON:097950,13,흑자 지속성과 이익 안정성:MISSING_EARNINGS_TREND,SOURCE_DATA_GAP,FINANCIAL_VALUATION_CACHE,FALSE,재무·수익성 cache 입력 보강 필요
001530,DI동일,KOSPI,false,UNAVAILABLE,16,EV/EBITDA:EV_EBITDA_INPUT:NO_EXACT_CANDIDATE:NO_EXACT_CANDIDATE,SOURCE_DATA_GAP,EXACT_DA_SOURCE,FALSE,"승인 exact D&A 원천 부족; debt_status=NO_EXACT_CANDIDATE, da_status=NO_EXACT_CANDIDATE"
001530,DI동일,KOSPI,false,UNAVAILABLE,16,PBR:MISSING_PBR_OR_ROE,SOURCE_DATA_GAP,FINANCIAL_VALUATION_CACHE,FALSE,밸류에이션 또는 관련 이익·ROE 입력 보강 필요
001530,DI동일,KOSPI,false,UNAVAILABLE,16,PER:MISSING_PER,SOURCE_DATA_GAP,FINANCIAL_VALUATION_CACHE,FALSE,밸류에이션 또는 관련 이익·ROE 입력 보강 필요
001530,DI동일,KOSPI,false,UNAVAILABLE,16,PSR 또는 대체 가치지표:MISSING_PSR_INPUT,SOURCE_DATA_GAP,FINANCIAL_AND_RAW_SOURCE,FALSE,시가총액 또는 연간 매출 입력 보강 필요
001530,DI동일,KOSPI,false,UNAVAILABLE,16,ROE:MISSING_ROE,SOURCE_DATA_GAP,FINANCIAL_VALUATION_CACHE,FALSE,재무·수익성 cache 입력 보강 필요
001530,DI동일,KOSPI,false,UNAVAILABLE,16,매출 성장과 안정성:MISSING_REVENUE_GROWTH_INPUT,SOURCE_DATA_GAP,INVESTMENT_SCORE_SOURCE_CACHE,FALSE,연간/분기 재무 raw source 보강 필요
001530,DI동일,KOSPI,false,UNAVAILABLE,16,부채비율:MISSING_DEBT_RATIO,SOURCE_DATA_GAP,FINANCIAL_VALUATION_CACHE,FALSE,재무·수익성 cache 입력 보강 필요
001530,DI동일,KOSPI,false,UNAVAILABLE,16,순이익 흐름:MISSING_EARNINGS_TREND,SOURCE_DATA_GAP,FINANCIAL_VALUATION_CACHE,FALSE,재무·수익성 cache 입력 보강 필요
001530,DI동일,KOSPI,false,UNAVAILABLE,16,순현금·기업가치 상태:NETCASH_INPUT:NO_EXACT_CANDIDATE,SOURCE_DATA_GAP,NETCASH_INPUT,FALSE,시가총액·현금·승인 core debt 원천 보강 필요
001530,DI동일,KOSPI,false,UNAVAILABLE,16,영업이익 성장과 흑자 여부:MISSING_OP_PROFIT,SOURCE_DATA_GAP,FINANCIAL_VALUATION_CACHE,FALSE,재무·수익성 cache 입력 보강 필요
001530,DI동일,KOSPI,false,UNAVAILABLE,16,영업이익률:MISSING_MARGIN,SOURCE_DATA_GAP,FINANCIAL_VALUATION_CACHE,FALSE,재무·수익성 cache 입력 보강 필요
001530,DI동일,KOSPI,false,UNAVAILABLE,16,영업현금흐름:MISSING_OCF_MARGIN_INPUT,SOURCE_DATA_GAP,OCF_AND_REVENUE_SOURCE,FALSE,영업현금흐름 또는 연간 매출 입력 보강 필요
001530,DI동일,KOSPI,false,UNAVAILABLE,16,최근 3년 매출 성장률:MISSING_3Y_REVENUE,SOURCE_DATA_GAP,INVESTMENT_SCORE_SOURCE_CACHE,FALSE,연간/분기 재무 raw source 보강 필요
001530,DI동일,KOSPI,false,UNAVAILABLE,16,최근 3년 영업이익 성장률:MISSING_3Y_OP,SOURCE_DATA_GAP,INVESTMENT_SCORE_SOURCE_CACHE,FALSE,연간/분기 재무 raw source 보강 필요
001530,DI동일,KOSPI,false,UNAVAILABLE,16,최근 분기 실적 가속·둔화:MISSING_ACCEL_INPUT,SOURCE_DATA_GAP,INVESTMENT_SCORE_SOURCE_CACHE,FALSE,연간/분기 재무 raw source 보강 필요
001530,DI동일,KOSPI,false,UNAVAILABLE,16,흑자 지속성과 이익 안정성:MISSING_EARNINGS_TREND,SOURCE_DATA_GAP,FINANCIAL_VALUATION_CACHE,FALSE,재무·수익성 cache 입력 보강 필요
002380,KCC,KOSPI,false,UNAVAILABLE,16,EV/EBITDA:EV_EBITDA_INPUT:NO_EXACT_CANDIDATE:NO_EXACT_CANDIDATE,SOURCE_DATA_GAP,EXACT_DA_SOURCE,FALSE,"승인 exact D&A 원천 부족; debt_status=NO_EXACT_CANDIDATE, da_status=NO_EXACT_CANDIDATE"
002380,KCC,KOSPI,false,UNAVAILABLE,16,PBR:MISSING_PBR_OR_ROE,SOURCE_DATA_GAP,FINANCIAL_VALUATION_CACHE,FALSE,밸류에이션 또는 관련 이익·ROE 입력 보강 필요
002380,KCC,KOSPI,false,UNAVAILABLE,16,PER:MISSING_PER,SOURCE_DATA_GAP,FINANCIAL_VALUATION_CACHE,FALSE,밸류에이션 또는 관련 이익·ROE 입력 보강 필요
002380,KCC,KOSPI,false,UNAVAILABLE,16,PSR 또는 대체 가치지표:MISSING_PSR_INPUT,SOURCE_DATA_GAP,FINANCIAL_AND_RAW_SOURCE,FALSE,시가총액 또는 연간 매출 입력 보강 필요
002380,KCC,KOSPI,false,UNAVAILABLE,16,ROE:MISSING_ROE,SOURCE_DATA_GAP,FINANCIAL_VALUATION_CACHE,FALSE,재무·수익성 cache 입력 보강 필요
002380,KCC,KOSPI,false,UNAVAILABLE,16,매출 성장과 안정성:MISSING_REVENUE_GROWTH_INPUT,SOURCE_DATA_GAP,INVESTMENT_SCORE_SOURCE_CACHE,FALSE,연간/분기 재무 raw source 보강 필요
002380,KCC,KOSPI,false,UNAVAILABLE,16,부채비율:MISSING_DEBT_RATIO,SOURCE_DATA_GAP,FINANCIAL_VALUATION_CACHE,FALSE,재무·수익성 cache 입력 보강 필요
002380,KCC,KOSPI,false,UNAVAILABLE,16,순이익 흐름:MISSING_EARNINGS_TREND,SOURCE_DATA_GAP,FINANCIAL_VALUATION_CACHE,FALSE,재무·수익성 cache 입력 보강 필요
002380,KCC,KOSPI,false,UNAVAILABLE,16,순현금·기업가치 상태:NETCASH_INPUT:NO_EXACT_CANDIDATE,SOURCE_DATA_GAP,NETCASH_INPUT,FALSE,시가총액·현금·승인 core debt 원천 보강 필요
002380,KCC,KOSPI,false,UNAVAILABLE,16,영업이익 성장과 흑자 여부:MISSING_OP_PROFIT,SOURCE_DATA_GAP,FINANCIAL_VALUATION_CACHE,FALSE,재무·수익성 cache 입력 보강 필요
002380,KCC,KOSPI,false,UNAVAILABLE,16,영업이익률:MISSING_MARGIN,SOURCE_DATA_GAP,FINANCIAL_VALUATION_CACHE,FALSE,재무·수익성 cache 입력 보강 필요
002380,KCC,KOSPI,false,UNAVAILABLE,16,영업현금흐름:MISSING_OCF_MARGIN_INPUT,SOURCE_DATA_GAP,OCF_AND_REVENUE_SOURCE,FALSE,영업현금흐름 또는 연간 매출 입력 보강 필요
002380,KCC,KOSPI,false,UNAVAILABLE,16,최근 3년 매출 성장률:MISSING_3Y_REVENUE,SOURCE_DATA_GAP,INVESTMENT_SCORE_SOURCE_CACHE,FALSE,연간/분기 재무 raw source 보강 필요
002380,KCC,KOSPI,false,UNAVAILABLE,16,최근 3년 영업이익 성장률:MISSING_3Y_OP,SOURCE_DATA_GAP,INVESTMENT_SCORE_SOURCE_CACHE,FALSE,연간/분기 재무 raw source 보강 필요
002380,KCC,KOSPI,false,UNAVAILABLE,16,최근 분기 실적 가속·둔화:MISSING_ACCEL_INPUT,SOURCE_DATA_GAP,INVESTMENT_SCORE_SOURCE_CACHE,FALSE,연간/분기 재무 raw source 보강 필요
002380,KCC,KOSPI,false,UNAVAILABLE,16,흑자 지속성과 이익 안정성:MISSING_EARNINGS_TREND,SOURCE_DATA_GAP,FINANCIAL_VALUATION_CACHE,FALSE,재무·수익성 cache 입력 보강 필요
005385,현대차우,KOSPI,false,UNAVAILABLE,17,EV/EBITDA:EV_EBITDA_INPUT:NO_EXACT_CANDIDATE:NO_EXACT_CANDIDATE,SOURCE_DATA_GAP,EXACT_DA_SOURCE,FALSE,"승인 exact D&A 원천 부족; debt_status=NO_EXACT_CANDIDATE, da_status=NO_EXACT_CANDIDATE"
005385,현대차우,KOSPI,false,UNAVAILABLE,17,PBR:MISSING_PBR_OR_ROE,SOURCE_DATA_GAP,FINANCIAL_VALUATION_CACHE,FALSE,밸류에이션 또는 관련 이익·ROE 입력 보강 필요
005385,현대차우,KOSPI,false,UNAVAILABLE,17,PER:MISSING_PER,SOURCE_DATA_GAP,FINANCIAL_VALUATION_CACHE,FALSE,밸류에이션 또는 관련 이익·ROE 입력 보강 필요
005385,현대차우,KOSPI,false,UNAVAILABLE,17,PSR 또는 대체 가치지표:MISSING_PSR_INPUT,SOURCE_DATA_GAP,FINANCIAL_AND_RAW_SOURCE,FALSE,시가총액 또는 연간 매출 입력 보강 필요
005385,현대차우,KOSPI,false,UNAVAILABLE,17,ROE:MISSING_ROE,SOURCE_DATA_GAP,FINANCIAL_VALUATION_CACHE,FALSE,재무·수익성 cache 입력 보강 필요
005385,현대차우,KOSPI,false,UNAVAILABLE,17,매출 성장과 안정성:MISSING_REVENUE_GROWTH_INPUT,SOURCE_DATA_GAP,INVESTMENT_SCORE_SOURCE_CACHE,FALSE,연간/분기 재무 raw source 보강 필요
005385,현대차우,KOSPI,false,UNAVAILABLE,17,부채비율:MISSING_DEBT_RATIO,SOURCE_DATA_GAP,FINANCIAL_VALUATION_CACHE,FALSE,재무·수익성 cache 입력 보강 필요
005385,현대차우,KOSPI,false,UNAVAILABLE,17,수급·공시부담:SUPPLY_LIMITED_NO_POSITIVE_EVIDENCE,SOURCE_EVIDENCE_GAP,PRODUCTION_ANALYSIS_SUPPLY,FALSE,공시·수급 없음 판정을 확정할 만큼 source completeness가 부족함
005385,현대차우,KOSPI,false,UNAVAILABLE,17,순이익 흐름:MISSING_EARNINGS_TREND,SOURCE_DATA_GAP,FINANCIAL_VALUATION_CACHE,FALSE,재무·수익성 cache 입력 보강 필요
005385,현대차우,KOSPI,false,UNAVAILABLE,17,순현금·기업가치 상태:NETCASH_INPUT:NO_EXACT_CANDIDATE,SOURCE_DATA_GAP,NETCASH_INPUT,FALSE,시가총액·현금·승인 core debt 원천 보강 필요
005385,현대차우,KOSPI,false,UNAVAILABLE,17,영업이익 성장과 흑자 여부:MISSING_OP_PROFIT,SOURCE_DATA_GAP,FINANCIAL_VALUATION_CACHE,FALSE,재무·수익성 cache 입력 보강 필요
005385,현대차우,KOSPI,false,UNAVAILABLE,17,영업이익률:MISSING_MARGIN,SOURCE_DATA_GAP,FINANCIAL_VALUATION_CACHE,FALSE,재무·수익성 cache 입력 보강 필요
005385,현대차우,KOSPI,false,UNAVAILABLE,17,영업현금흐름:MISSING_OCF_MARGIN_INPUT,SOURCE_DATA_GAP,OCF_AND_REVENUE_SOURCE,FALSE,영업현금흐름 또는 연간 매출 입력 보강 필요
005385,현대차우,KOSPI,false,UNAVAILABLE,17,최근 3년 매출 성장률:MISSING_3Y_REVENUE,SOURCE_DATA_GAP,INVESTMENT_SCORE_SOURCE_CACHE,FALSE,연간/분기 재무 raw source 보강 필요
005385,현대차우,KOSPI,false,UNAVAILABLE,17,최근 3년 영업이익 성장률:MISSING_3Y_OP,SOURCE_DATA_GAP,INVESTMENT_SCORE_SOURCE_CACHE,FALSE,연간/분기 재무 raw source 보강 필요
005385,현대차우,KOSPI,false,UNAVAILABLE,17,최근 분기 실적 가속·둔화:MISSING_ACCEL_INPUT,SOURCE_DATA_GAP,INVESTMENT_SCORE_SOURCE_CACHE,FALSE,연간/분기 재무 raw source 보강 필요
005385,현대차우,KOSPI,false,UNAVAILABLE,17,흑자 지속성과 이익 안정성:MISSING_EARNINGS_TREND,SOURCE_DATA_GAP,FINANCIAL_VALUATION_CACHE,FALSE,재무·수익성 cache 입력 보강 필요
005387,현대차2우B,KOSPI,false,UNAVAILABLE,17,EV/EBITDA:EV_EBITDA_INPUT:NO_EXACT_CANDIDATE:NO_EXACT_CANDIDATE,SOURCE_DATA_GAP,EXACT_DA_SOURCE,FALSE,"승인 exact D&A 원천 부족; debt_status=NO_EXACT_CANDIDATE, da_status=NO_EXACT_CANDIDATE"
005387,현대차2우B,KOSPI,false,UNAVAILABLE,17,PBR:MISSING_PBR_OR_ROE,SOURCE_DATA_GAP,FINANCIAL_VALUATION_CACHE,FALSE,밸류에이션 또는 관련 이익·ROE 입력 보강 필요
005387,현대차2우B,KOSPI,false,UNAVAILABLE,17,PER:MISSING_PER,SOURCE_DATA_GAP,FINANCIAL_VALUATION_CACHE,FALSE,밸류에이션 또는 관련 이익·ROE 입력 보강 필요
005387,현대차2우B,KOSPI,false,UNAVAILABLE,17,PSR 또는 대체 가치지표:MISSING_PSR_INPUT,SOURCE_DATA_GAP,FINANCIAL_AND_RAW_SOURCE,FALSE,시가총액 또는 연간 매출 입력 보강 필요
005387,현대차2우B,KOSPI,false,UNAVAILABLE,17,ROE:MISSING_ROE,SOURCE_DATA_GAP,FINANCIAL_VALUATION_CACHE,FALSE,재무·수익성 cache 입력 보강 필요
005387,현대차2우B,KOSPI,false,UNAVAILABLE,17,매출 성장과 안정성:MISSING_REVENUE_GROWTH_INPUT,SOURCE_DATA_GAP,INVESTMENT_SCORE_SOURCE_CACHE,FALSE,연간/분기 재무 raw source 보강 필요
005387,현대차2우B,KOSPI,false,UNAVAILABLE,17,부채비율:MISSING_DEBT_RATIO,SOURCE_DATA_GAP,FINANCIAL_VALUATION_CACHE,FALSE,재무·수익성 cache 입력 보강 필요
005387,현대차2우B,KOSPI,false,UNAVAILABLE,17,수급·공시부담:SUPPLY_LIMITED_NO_POSITIVE_EVIDENCE,SOURCE_EVIDENCE_GAP,PRODUCTION_ANALYSIS_SUPPLY,FALSE,공시·수급 없음 판정을 확정할 만큼 source completeness가 부족함
005387,현대차2우B,KOSPI,false,UNAVAILABLE,17,순이익 흐름:MISSING_EARNINGS_TREND,SOURCE_DATA_GAP,FINANCIAL_VALUATION_CACHE,FALSE,재무·수익성 cache 입력 보강 필요
005387,현대차2우B,KOSPI,false,UNAVAILABLE,17,순현금·기업가치 상태:NETCASH_INPUT:NO_EXACT_CANDIDATE,SOURCE_DATA_GAP,NETCASH_INPUT,FALSE,시가총액·현금·승인 core debt 원천 보강 필요
005387,현대차2우B,KOSPI,false,UNAVAILABLE,17,영업이익 성장과 흑자 여부:MISSING_OP_PROFIT,SOURCE_DATA_GAP,FINANCIAL_VALUATION_CACHE,FALSE,재무·수익성 cache 입력 보강 필요
005387,현대차2우B,KOSPI,false,UNAVAILABLE,17,영업이익률:MISSING_MARGIN,SOURCE_DATA_GAP,FINANCIAL_VALUATION_CACHE,FALSE,재무·수익성 cache 입력 보강 필요
005387,현대차2우B,KOSPI,false,UNAVAILABLE,17,영업현금흐름:MISSING_OCF_MARGIN_INPUT,SOURCE_DATA_GAP,OCF_AND_REVENUE_SOURCE,FALSE,영업현금흐름 또는 연간 매출 입력 보강 필요
005387,현대차2우B,KOSPI,false,UNAVAILABLE,17,최근 3년 매출 성장률:MISSING_3Y_REVENUE,SOURCE_DATA_GAP,INVESTMENT_SCORE_SOURCE_CACHE,FALSE,연간/분기 재무 raw source 보강 필요
005387,현대차2우B,KOSPI,false,UNAVAILABLE,17,최근 3년 영업이익 성장률:MISSING_3Y_OP,SOURCE_DATA_GAP,INVESTMENT_SCORE_SOURCE_CACHE,FALSE,연간/분기 재무 raw source 보강 필요
005387,현대차2우B,KOSPI,false,UNAVAILABLE,17,최근 분기 실적 가속·둔화:MISSING_ACCEL_INPUT,SOURCE_DATA_GAP,INVESTMENT_SCORE_SOURCE_CACHE,FALSE,연간/분기 재무 raw source 보강 필요
005387,현대차2우B,KOSPI,false,UNAVAILABLE,17,흑자 지속성과 이익 안정성:MISSING_EARNINGS_TREND,SOURCE_DATA_GAP,FINANCIAL_VALUATION_CACHE,FALSE,재무·수익성 cache 입력 보강 필요
005389,현대차3우B,KOSPI,false,UNAVAILABLE,17,EV/EBITDA:EV_EBITDA_INPUT:NO_EXACT_CANDIDATE:NO_EXACT_CANDIDATE,SOURCE_DATA_GAP,EXACT_DA_SOURCE,FALSE,"승인 exact D&A 원천 부족; debt_status=NO_EXACT_CANDIDATE, da_status=NO_EXACT_CANDIDATE"
005389,현대차3우B,KOSPI,false,UNAVAILABLE,17,PBR:MISSING_PBR_OR_ROE,SOURCE_DATA_GAP,FINANCIAL_VALUATION_CACHE,FALSE,밸류에이션 또는 관련 이익·ROE 입력 보강 필요
005389,현대차3우B,KOSPI,false,UNAVAILABLE,17,PER:MISSING_PER,SOURCE_DATA_GAP,FINANCIAL_VALUATION_CACHE,FALSE,밸류에이션 또는 관련 이익·ROE 입력 보강 필요
005389,현대차3우B,KOSPI,false,UNAVAILABLE,17,PSR 또는 대체 가치지표:MISSING_PSR_INPUT,SOURCE_DATA_GAP,FINANCIAL_AND_RAW_SOURCE,FALSE,시가총액 또는 연간 매출 입력 보강 필요
005389,현대차3우B,KOSPI,false,UNAVAILABLE,17,ROE:MISSING_ROE,SOURCE_DATA_GAP,FINANCIAL_VALUATION_CACHE,FALSE,재무·수익성 cache 입력 보강 필요
005389,현대차3우B,KOSPI,false,UNAVAILABLE,17,매출 성장과 안정성:MISSING_REVENUE_GROWTH_INPUT,SOURCE_DATA_GAP,INVESTMENT_SCORE_SOURCE_CACHE,FALSE,연간/분기 재무 raw source 보강 필요
005389,현대차3우B,KOSPI,false,UNAVAILABLE,17,부채비율:MISSING_DEBT_RATIO,SOURCE_DATA_GAP,FINANCIAL_VALUATION_CACHE,FALSE,재무·수익성 cache 입력 보강 필요
005389,현대차3우B,KOSPI,false,UNAVAILABLE,17,수급·공시부담:SUPPLY_LIMITED_NO_POSITIVE_EVIDENCE,SOURCE_EVIDENCE_GAP,PRODUCTION_ANALYSIS_SUPPLY,FALSE,공시·수급 없음 판정을 확정할 만큼 source completeness가 부족함
005389,현대차3우B,KOSPI,false,UNAVAILABLE,17,순이익 흐름:MISSING_EARNINGS_TREND,SOURCE_DATA_GAP,FINANCIAL_VALUATION_CACHE,FALSE,재무·수익성 cache 입력 보강 필요
005389,현대차3우B,KOSPI,false,UNAVAILABLE,17,순현금·기업가치 상태:NETCASH_INPUT:NO_EXACT_CANDIDATE,SOURCE_DATA_GAP,NETCASH_INPUT,FALSE,시가총액·현금·승인 core debt 원천 보강 필요
005389,현대차3우B,KOSPI,false,UNAVAILABLE,17,영업이익 성장과 흑자 여부:MISSING_OP_PROFIT,SOURCE_DATA_GAP,FINANCIAL_VALUATION_CACHE,FALSE,재무·수익성 cache 입력 보강 필요
005389,현대차3우B,KOSPI,false,UNAVAILABLE,17,영업이익률:MISSING_MARGIN,SOURCE_DATA_GAP,FINANCIAL_VALUATION_CACHE,FALSE,재무·수익성 cache 입력 보강 필요
005389,현대차3우B,KOSPI,false,UNAVAILABLE,17,영업현금흐름:MISSING_OCF_MARGIN_INPUT,SOURCE_DATA_GAP,OCF_AND_REVENUE_SOURCE,FALSE,영업현금흐름 또는 연간 매출 입력 보강 필요
005389,현대차3우B,KOSPI,false,UNAVAILABLE,17,최근 3년 매출 성장률:MISSING_3Y_REVENUE,SOURCE_DATA_GAP,INVESTMENT_SCORE_SOURCE_CACHE,FALSE,연간/분기 재무 raw source 보강 필요
005389,현대차3우B,KOSPI,false,UNAVAILABLE,17,최근 3년 영업이익 성장률:MISSING_3Y_OP,SOURCE_DATA_GAP,INVESTMENT_SCORE_SOURCE_CACHE,FALSE,연간/분기 재무 raw source 보강 필요
005389,현대차3우B,KOSPI,false,UNAVAILABLE,17,최근 분기 실적 가속·둔화:MISSING_ACCEL_INPUT,SOURCE_DATA_GAP,INVESTMENT_SCORE_SOURCE_CACHE,FALSE,연간/분기 재무 raw source 보강 필요
005389,현대차3우B,KOSPI,false,UNAVAILABLE,17,흑자 지속성과 이익 안정성:MISSING_EARNINGS_TREND,SOURCE_DATA_GAP,FINANCIAL_VALUATION_CACHE,FALSE,재무·수익성 cache 입력 보강 필요
051905,LG생활건강우,KOSPI,false,UNAVAILABLE,17,EV/EBITDA:EV_EBITDA_INPUT:NO_EXACT_CANDIDATE:NO_EXACT_CANDIDATE,SOURCE_DATA_GAP,EXACT_DA_SOURCE,FALSE,"승인 exact D&A 원천 부족; debt_status=NO_EXACT_CANDIDATE, da_status=NO_EXACT_CANDIDATE"
051905,LG생활건강우,KOSPI,false,UNAVAILABLE,17,PBR:MISSING_PBR_OR_ROE,SOURCE_DATA_GAP,FINANCIAL_VALUATION_CACHE,FALSE,밸류에이션 또는 관련 이익·ROE 입력 보강 필요
051905,LG생활건강우,KOSPI,false,UNAVAILABLE,17,PER:MISSING_PER,SOURCE_DATA_GAP,FINANCIAL_VALUATION_CACHE,FALSE,밸류에이션 또는 관련 이익·ROE 입력 보강 필요
051905,LG생활건강우,KOSPI,false,UNAVAILABLE,17,PSR 또는 대체 가치지표:MISSING_PSR_INPUT,SOURCE_DATA_GAP,FINANCIAL_AND_RAW_SOURCE,FALSE,시가총액 또는 연간 매출 입력 보강 필요
051905,LG생활건강우,KOSPI,false,UNAVAILABLE,17,ROE:MISSING_ROE,SOURCE_DATA_GAP,FINANCIAL_VALUATION_CACHE,FALSE,재무·수익성 cache 입력 보강 필요
051905,LG생활건강우,KOSPI,false,UNAVAILABLE,17,매출 성장과 안정성:MISSING_REVENUE_GROWTH_INPUT,SOURCE_DATA_GAP,INVESTMENT_SCORE_SOURCE_CACHE,FALSE,연간/분기 재무 raw source 보강 필요
051905,LG생활건강우,KOSPI,false,UNAVAILABLE,17,부채비율:MISSING_DEBT_RATIO,SOURCE_DATA_GAP,FINANCIAL_VALUATION_CACHE,FALSE,재무·수익성 cache 입력 보강 필요
051905,LG생활건강우,KOSPI,false,UNAVAILABLE,17,수급·공시부담:SUPPLY_LIMITED_NO_POSITIVE_EVIDENCE,SOURCE_EVIDENCE_GAP,PRODUCTION_ANALYSIS_SUPPLY,FALSE,공시·수급 없음 판정을 확정할 만큼 source completeness가 부족함
051905,LG생활건강우,KOSPI,false,UNAVAILABLE,17,순이익 흐름:MISSING_EARNINGS_TREND,SOURCE_DATA_GAP,FINANCIAL_VALUATION_CACHE,FALSE,재무·수익성 cache 입력 보강 필요
051905,LG생활건강우,KOSPI,false,UNAVAILABLE,17,순현금·기업가치 상태:NETCASH_INPUT:NO_EXACT_CANDIDATE,SOURCE_DATA_GAP,NETCASH_INPUT,FALSE,시가총액·현금·승인 core debt 원천 보강 필요
051905,LG생활건강우,KOSPI,false,UNAVAILABLE,17,영업이익 성장과 흑자 여부:MISSING_OP_PROFIT,SOURCE_DATA_GAP,FINANCIAL_VALUATION_CACHE,FALSE,재무·수익성 cache 입력 보강 필요
051905,LG생활건강우,KOSPI,false,UNAVAILABLE,17,영업이익률:MISSING_MARGIN,SOURCE_DATA_GAP,FINANCIAL_VALUATION_CACHE,FALSE,재무·수익성 cache 입력 보강 필요
051905,LG생활건강우,KOSPI,false,UNAVAILABLE,17,영업현금흐름:MISSING_OCF_MARGIN_INPUT,SOURCE_DATA_GAP,OCF_AND_REVENUE_SOURCE,FALSE,영업현금흐름 또는 연간 매출 입력 보강 필요
051905,LG생활건강우,KOSPI,false,UNAVAILABLE,17,최근 3년 매출 성장률:MISSING_3Y_REVENUE,SOURCE_DATA_GAP,INVESTMENT_SCORE_SOURCE_CACHE,FALSE,연간/분기 재무 raw source 보강 필요
051905,LG생활건강우,KOSPI,false,UNAVAILABLE,17,최근 3년 영업이익 성장률:MISSING_3Y_OP,SOURCE_DATA_GAP,INVESTMENT_SCORE_SOURCE_CACHE,FALSE,연간/분기 재무 raw source 보강 필요
051905,LG생활건강우,KOSPI,false,UNAVAILABLE,17,최근 분기 실적 가속·둔화:MISSING_ACCEL_INPUT,SOURCE_DATA_GAP,INVESTMENT_SCORE_SOURCE_CACHE,FALSE,연간/분기 재무 raw source 보강 필요
051905,LG생활건강우,KOSPI,false,UNAVAILABLE,17,흑자 지속성과 이익 안정성:MISSING_EARNINGS_TREND,SOURCE_DATA_GAP,FINANCIAL_VALUATION_CACHE,FALSE,재무·수익성 cache 입력 보강 필요
001527,동양2우B,KOSPI,false,UNAVAILABLE,19,EV/EBITDA:EV_EBITDA_INPUT:NO_EXACT_CANDIDATE:NO_EXACT_CANDIDATE,SOURCE_DATA_GAP,EXACT_DA_SOURCE,FALSE,"승인 exact D&A 원천 부족; debt_status=NO_EXACT_CANDIDATE, da_status=NO_EXACT_CANDIDATE"
001527,동양2우B,KOSPI,false,UNAVAILABLE,19,PBR:MISSING_PBR_OR_ROE,SOURCE_DATA_GAP,FINANCIAL_VALUATION_CACHE,FALSE,밸류에이션 또는 관련 이익·ROE 입력 보강 필요
001527,동양2우B,KOSPI,false,UNAVAILABLE,19,PER:MISSING_PER,SOURCE_DATA_GAP,FINANCIAL_VALUATION_CACHE,FALSE,밸류에이션 또는 관련 이익·ROE 입력 보강 필요
001527,동양2우B,KOSPI,false,UNAVAILABLE,19,PSR 또는 대체 가치지표:MISSING_PSR_INPUT,SOURCE_DATA_GAP,FINANCIAL_AND_RAW_SOURCE,FALSE,시가총액 또는 연간 매출 입력 보강 필요
001527,동양2우B,KOSPI,false,UNAVAILABLE,19,ROE:MISSING_ROE,SOURCE_DATA_GAP,FINANCIAL_VALUATION_CACHE,FALSE,재무·수익성 cache 입력 보강 필요
001527,동양2우B,KOSPI,false,UNAVAILABLE,19,과열·급락 위험:MISSING_RISK_INPUT,SOURCE_DATA_GAP,PRODUCTION_PRICE_METRICS,FALSE,가격·스윙·ATR·거래활동 metric 보강 필요
001527,동양2우B,KOSPI,false,UNAVAILABLE,19,기간 저가·고가 대비 현재위치:MISSING_POSITION,SOURCE_DATA_GAP,PRODUCTION_PRICE_METRICS,FALSE,가격·스윙·ATR·거래활동 metric 보강 필요
001527,동양2우B,KOSPI,false,UNAVAILABLE,19,매출 성장과 안정성:MISSING_REVENUE_GROWTH_INPUT,SOURCE_DATA_GAP,INVESTMENT_SCORE_SOURCE_CACHE,FALSE,연간/분기 재무 raw source 보강 필요
001527,동양2우B,KOSPI,false,UNAVAILABLE,19,부채비율:MISSING_DEBT_RATIO,SOURCE_DATA_GAP,FINANCIAL_VALUATION_CACHE,FALSE,재무·수익성 cache 입력 보강 필요
001527,동양2우B,KOSPI,false,UNAVAILABLE,19,수급·공시부담:SUPPLY_LIMITED_NO_POSITIVE_EVIDENCE,SOURCE_EVIDENCE_GAP,PRODUCTION_ANALYSIS_SUPPLY,FALSE,공시·수급 없음 판정을 확정할 만큼 source completeness가 부족함
001527,동양2우B,KOSPI,false,UNAVAILABLE,19,순이익 흐름:MISSING_EARNINGS_TREND,SOURCE_DATA_GAP,FINANCIAL_VALUATION_CACHE,FALSE,재무·수익성 cache 입력 보강 필요
001527,동양2우B,KOSPI,false,UNAVAILABLE,19,순현금·기업가치 상태:NETCASH_INPUT:NO_EXACT_CANDIDATE,SOURCE_DATA_GAP,NETCASH_INPUT,FALSE,시가총액·현금·승인 core debt 원천 보강 필요
001527,동양2우B,KOSPI,false,UNAVAILABLE,19,영업이익 성장과 흑자 여부:MISSING_OP_PROFIT,SOURCE_DATA_GAP,FINANCIAL_VALUATION_CACHE,FALSE,재무·수익성 cache 입력 보강 필요
001527,동양2우B,KOSPI,false,UNAVAILABLE,19,영업이익률:MISSING_MARGIN,SOURCE_DATA_GAP,FINANCIAL_VALUATION_CACHE,FALSE,재무·수익성 cache 입력 보강 필요
001527,동양2우B,KOSPI,false,UNAVAILABLE,19,영업현금흐름:MISSING_OCF_MARGIN_INPUT,SOURCE_DATA_GAP,OCF_AND_REVENUE_SOURCE,FALSE,영업현금흐름 또는 연간 매출 입력 보강 필요
001527,동양2우B,KOSPI,false,UNAVAILABLE,19,최근 3년 매출 성장률:MISSING_3Y_REVENUE,SOURCE_DATA_GAP,INVESTMENT_SCORE_SOURCE_CACHE,FALSE,연간/분기 재무 raw source 보강 필요
001527,동양2우B,KOSPI,false,UNAVAILABLE,19,최근 3년 영업이익 성장률:MISSING_3Y_OP,SOURCE_DATA_GAP,INVESTMENT_SCORE_SOURCE_CACHE,FALSE,연간/분기 재무 raw source 보강 필요
001527,동양2우B,KOSPI,false,UNAVAILABLE,19,최근 분기 실적 가속·둔화:MISSING_ACCEL_INPUT,SOURCE_DATA_GAP,INVESTMENT_SCORE_SOURCE_CACHE,FALSE,연간/분기 재무 raw source 보강 필요
001527,동양2우B,KOSPI,false,UNAVAILABLE,19,흑자 지속성과 이익 안정성:MISSING_EARNINGS_TREND,SOURCE_DATA_GAP,FINANCIAL_VALUATION_CACHE,FALSE,재무·수익성 cache 입력 보강 필요
004545,깨끗한나라우,KOSPI,false,UNAVAILABLE,19,EV/EBITDA:EV_EBITDA_INPUT:NO_EXACT_CANDIDATE:NO_EXACT_CANDIDATE,SOURCE_DATA_GAP,EXACT_DA_SOURCE,FALSE,"승인 exact D&A 원천 부족; debt_status=NO_EXACT_CANDIDATE, da_status=NO_EXACT_CANDIDATE"
004545,깨끗한나라우,KOSPI,false,UNAVAILABLE,19,PBR:MISSING_PBR_OR_ROE,SOURCE_DATA_GAP,FINANCIAL_VALUATION_CACHE,FALSE,밸류에이션 또는 관련 이익·ROE 입력 보강 필요
004545,깨끗한나라우,KOSPI,false,UNAVAILABLE,19,PER:MISSING_PER,SOURCE_DATA_GAP,FINANCIAL_VALUATION_CACHE,FALSE,밸류에이션 또는 관련 이익·ROE 입력 보강 필요
004545,깨끗한나라우,KOSPI,false,UNAVAILABLE,19,PSR 또는 대체 가치지표:MISSING_PSR_INPUT,SOURCE_DATA_GAP,FINANCIAL_AND_RAW_SOURCE,FALSE,시가총액 또는 연간 매출 입력 보강 필요
004545,깨끗한나라우,KOSPI,false,UNAVAILABLE,19,ROE:MISSING_ROE,SOURCE_DATA_GAP,FINANCIAL_VALUATION_CACHE,FALSE,재무·수익성 cache 입력 보강 필요
004545,깨끗한나라우,KOSPI,false,UNAVAILABLE,19,과열·급락 위험:MISSING_RISK_INPUT,SOURCE_DATA_GAP,PRODUCTION_PRICE_METRICS,FALSE,가격·스윙·ATR·거래활동 metric 보강 필요
004545,깨끗한나라우,KOSPI,false,UNAVAILABLE,19,기간 저가·고가 대비 현재위치:MISSING_POSITION,SOURCE_DATA_GAP,PRODUCTION_PRICE_METRICS,FALSE,가격·스윙·ATR·거래활동 metric 보강 필요
004545,깨끗한나라우,KOSPI,false,UNAVAILABLE,19,매출 성장과 안정성:MISSING_REVENUE_GROWTH_INPUT,SOURCE_DATA_GAP,INVESTMENT_SCORE_SOURCE_CACHE,FALSE,연간/분기 재무 raw source 보강 필요
004545,깨끗한나라우,KOSPI,false,UNAVAILABLE,19,부채비율:MISSING_DEBT_RATIO,SOURCE_DATA_GAP,FINANCIAL_VALUATION_CACHE,FALSE,재무·수익성 cache 입력 보강 필요
004545,깨끗한나라우,KOSPI,false,UNAVAILABLE,19,수급·공시부담:SUPPLY_LIMITED_NO_POSITIVE_EVIDENCE,SOURCE_EVIDENCE_GAP,PRODUCTION_ANALYSIS_SUPPLY,FALSE,공시·수급 없음 판정을 확정할 만큼 source completeness가 부족함
004545,깨끗한나라우,KOSPI,false,UNAVAILABLE,19,순이익 흐름:MISSING_EARNINGS_TREND,SOURCE_DATA_GAP,FINANCIAL_VALUATION_CACHE,FALSE,재무·수익성 cache 입력 보강 필요
004545,깨끗한나라우,KOSPI,false,UNAVAILABLE,19,순현금·기업가치 상태:NETCASH_INPUT:NO_EXACT_CANDIDATE,SOURCE_DATA_GAP,NETCASH_INPUT,FALSE,시가총액·현금·승인 core debt 원천 보강 필요
004545,깨끗한나라우,KOSPI,false,UNAVAILABLE,19,영업이익 성장과 흑자 여부:MISSING_OP_PROFIT,SOURCE_DATA_GAP,FINANCIAL_VALUATION_CACHE,FALSE,재무·수익성 cache 입력 보강 필요
004545,깨끗한나라우,KOSPI,false,UNAVAILABLE,19,영업이익률:MISSING_MARGIN,SOURCE_DATA_GAP,FINANCIAL_VALUATION_CACHE,FALSE,재무·수익성 cache 입력 보강 필요
004545,깨끗한나라우,KOSPI,false,UNAVAILABLE,19,영업현금흐름:MISSING_OCF_MARGIN_INPUT,SOURCE_DATA_GAP,OCF_AND_REVENUE_SOURCE,FALSE,영업현금흐름 또는 연간 매출 입력 보강 필요
004545,깨끗한나라우,KOSPI,false,UNAVAILABLE,19,최근 3년 매출 성장률:MISSING_3Y_REVENUE,SOURCE_DATA_GAP,INVESTMENT_SCORE_SOURCE_CACHE,FALSE,연간/분기 재무 raw source 보강 필요
004545,깨끗한나라우,KOSPI,false,UNAVAILABLE,19,최근 3년 영업이익 성장률:MISSING_3Y_OP,SOURCE_DATA_GAP,INVESTMENT_SCORE_SOURCE_CACHE,FALSE,연간/분기 재무 raw source 보강 필요
004545,깨끗한나라우,KOSPI,false,UNAVAILABLE,19,최근 분기 실적 가속·둔화:MISSING_ACCEL_INPUT,SOURCE_DATA_GAP,INVESTMENT_SCORE_SOURCE_CACHE,FALSE,연간/분기 재무 raw source 보강 필요
004545,깨끗한나라우,KOSPI,false,UNAVAILABLE,19,흑자 지속성과 이익 안정성:MISSING_EARNINGS_TREND,SOURCE_DATA_GAP,FINANCIAL_VALUATION_CACHE,FALSE,재무·수익성 cache 입력 보강 필요
