ticker,name,source_mode,source_ticker,source_corp_code,source_fs_div,account_id,account_nm,operating_cash_flow_annual,source_status,inheritance_evidence,note
000020,동화약품,CURRENT_DART_STOCK_CODE_EXACT_NAME,000020,00119195,CFS,ifrs-full_CashFlowsFromUsedInOperatingActivities,영업활동현금흐름,15698716578.0,READY,,V8.13.2 current-universe official exact OCF
000080,하이트진로,DIRECT_EXACT_IFRS_V8130,000080,00150244,CFS,ifrs-full_CashFlowsFromUsedInOperatingActivities,영업활동현금흐름,232588233956.0,READY,,V8.13.0 audited exact annual OCF
000100,유한양행,DIRECT_EXACT_IFRS_V8190A,000100,00145109,CFS,ifrs-full_CashFlowsFromUsedInOperatingActivities,영업활동으로 인한 현금흐름,106227395422.0,READY,,V8.19.0A audited exact annual OCF
000105,유한양행우,PREFERRED_INHERIT_EXACT_COMMON,000100,00145109,CFS,ifrs-full_CashFlowsFromUsedInOperatingActivities,영업활동으로 인한 현금흐름,106227395422.0,READY,PREFERRED_INHERIT_DIRECT_NARROW:EXACT_COMMON_NAME,V8.13.2 current-universe official exact OCF
000150,두산,CURRENT_FINANCIAL_CORP_IDENTITY,000150,00117212,CFS,ifrs-full_CashFlowsFromUsedInOperatingActivities,영업활동현금흐름,981908000000.0,READY,,V8.13.2 current-universe official exact OCF
000320,노루홀딩스,CURRENT_FINANCIAL_CORP_IDENTITY,000320,00113508,CFS,ifrs-full_CashFlowsFromUsedInOperatingActivities,영업활동현금흐름,80058435615.0,READY,,V8.13.2 current-universe official exact OCF
000480,CR홀딩스,UNRESOLVED_CURRENT_IDENTITY,,,,ifrs-full_CashFlowsFromUsedInOperatingActivities,,,LIMITED,,CURRENT_CORP_IDENTITY_NOT_STRICTLY_RESOLVED
000490,대동,CURRENT_FINANCIAL_CORP_IDENTITY,000490,00109286,CFS,ifrs-full_CashFlowsFromUsedInOperatingActivities,영업활동현금흐름,-56725188304.0,READY,,V8.13.2 current-universe official exact OCF
000660,SK하이닉스,CURRENT_FINANCIAL_CORP_IDENTITY,000660,00164779,CFS,ifrs-full_CashFlowsFromUsedInOperatingActivities,영업활동 현금흐름,53373126000000.0,READY,,V8.13.2 current-universe official exact OCF
000720,현대건설,CURRENT_FINANCIAL_CORP_IDENTITY,000720,00164478,CFS,ifrs-full_CashFlowsFromUsedInOperatingActivities,영업활동현금흐름,-748259000000.0,READY,,V8.13.2 current-universe official exact OCF
000760,이화산업,CURRENT_FINANCIAL_CORP_IDENTITY,000760,00145686,CFS,ifrs-full_CashFlowsFromUsedInOperatingActivities,영업활동현금흐름,3554375949.0,READY,,V8.13.2 current-universe official exact OCF
000810,삼성화재,DIRECT_EXACT_IFRS,000810,00139214,CFS,ifrs-full_CashFlowsFromUsedInOperatingActivities,영업활동현금흐름,3413166155628.0,READY,,
000860,강남제비스코,CURRENT_FINANCIAL_CORP_IDENTITY,000860,00100939,CFS,ifrs-full_CashFlowsFromUsedInOperatingActivities,영업활동현금흐름,38631317343.0,READY,,V8.13.2 current-universe official exact OCF
001130,대한제분,CURRENT_DART_STOCK_CODE_EXACT_NAME,001130,00113243,CFS,ifrs-full_CashFlowsFromUsedInOperatingActivities,영업활동현금흐름,140108370403.0,READY,,V8.13.2 current-universe official exact OCF
001270,부국증권,CURRENT_DART_STOCK_CODE_EXACT_NAME,001270,00123772,CFS,ifrs-full_CashFlowsFromUsedInOperatingActivities,영업활동순현금흐름,86867296323.0,READY,,V8.13.2 current-universe official exact OCF
001440,대한전선,DIRECT_EXACT_IFRS,001440,00113207,CFS,ifrs-full_CashFlowsFromUsedInOperatingActivities,영업활동현금흐름,-171279828165.0,READY,,
001630,종근당홀딩스,CURRENT_FINANCIAL_CORP_IDENTITY,001630,00149354,CFS,ifrs-full_CashFlowsFromUsedInOperatingActivities,영업활동으로 인한 현금흐름,76035046964.0,READY,,V8.13.2 current-universe official exact OCF
001680,대상,CURRENT_FINANCIAL_CORP_IDENTITY,001680,00121941,CFS,ifrs-full_CashFlowsFromUsedInOperatingActivities,영업활동으로 인한 현금흐름,188141306085.0,READY,,V8.13.2 current-universe official exact OCF
001755,한양증권우,PREFERRED_INHERIT_EXACT_COMMON,001750,00162416,OFS,ifrs-full_CashFlowsFromUsedInOperatingActivities,영업활동순현금흐름,260419271189.0,READY,PREFERRED_INHERIT_DIRECT_CHILD_OVER_FINANCE:EXACT_COMMON_NAME,V8.13.2 current-universe official exact OCF
001770,SHD,DIRECT_EXACT_IFRS,001770,00137809,OFS,ifrs-full_CashFlowsFromUsedInOperatingActivities,영업활동현금흐름,-5808087508.0,READY,,
001790,대한제당,CURRENT_DART_STOCK_CODE_EXACT_NAME,001790,00113234,CFS,ifrs-full_CashFlowsFromUsedInOperatingActivities,영업활동현금흐름,-8598230000.0,READY,,V8.13.2 current-universe official exact OCF
001800,오리온홀딩스,CURRENT_FINANCIAL_CORP_IDENTITY,001800,00117577,CFS,ifrs-full_CashFlowsFromUsedInOperatingActivities,영업활동현금흐름,514071834748.0,READY,,V8.13.2 current-universe official exact OCF
002200,한국수출포장,UNRESOLVED_CURRENT_IDENTITY,,,,ifrs-full_CashFlowsFromUsedInOperatingActivities,,,LIMITED,,CURRENT_CORP_IDENTITY_NOT_STRICTLY_RESOLVED
002350,넥센타이어,CURRENT_FINANCIAL_CORP_IDENTITY,002350,00173874,CFS,ifrs-full_CashFlowsFromUsedInOperatingActivities,영업활동현금흐름,351365344177.0,READY,,V8.13.2 current-universe official exact OCF
002700,신일전자,CURRENT_FINANCIAL_CORP_IDENTITY,002700,00173698,OFS,ifrs-full_CashFlowsFromUsedInOperatingActivities,영업활동현금흐름,14815908482.0,READY,,V8.13.2 current-universe official exact OCF
002710,TCC스틸,DIRECT_EXACT_IFRS_V8130,002710,00117300,CFS,ifrs-full_CashFlowsFromUsedInOperatingActivities,영업활동현금흐름,24989426838.0,READY,,V8.13.0 audited exact annual OCF
002995,금호건설우,PREFERRED_INHERIT_EXACT_COMMON,002990,00106313,CFS,ifrs-full_CashFlowsFromUsedInOperatingActivities,영업활동현금흐름,51027952185.0,READY,PREFERRED_INHERIT_DIRECT_NARROW,V8.13.2 current-universe official exact OCF
003220,대원제약,CURRENT_FINANCIAL_CORP_IDENTITY,003220,00111999,CFS,ifrs-full_CashFlowsFromUsedInOperatingActivities,영업활동현금흐름,42313124261.0,READY,,V8.13.2 current-universe official exact OCF
003230,삼양식품,DIRECT_EXACT_IFRS,003230,00126955,CFS,ifrs-full_CashFlowsFromUsedInOperatingActivities,영업활동현금흐름,309287213625.0,READY,,
003470,유안타증권,CURRENT_FINANCIAL_CORP_IDENTITY,003470,00117601,CFS,ifrs-full_CashFlowsFromUsedInOperatingActivities,Ⅰ. 영업활동순현금흐름,-915381873000.0,READY,,V8.13.2 current-universe official exact OCF
003490,대한항공,DIRECT_EXACT_IFRS,003490,00113526,CFS,ifrs-full_CashFlowsFromUsedInOperatingActivities,영업활동현금흐름,4075191178550.0,READY,,
003540,대신증권,CURRENT_FINANCIAL_CORP_IDENTITY,003540,00110893,CFS,ifrs-full_CashFlowsFromUsedInOperatingActivities,영업활동순현금흐름,-3223886096000.0,READY,,V8.13.2 current-universe official exact OCF
003550,LG,DIRECT_EXACT_IFRS,003550,00120021,CFS,ifrs-full_CashFlowsFromUsedInOperatingActivities,영업활동현금흐름,1015114000000.0,READY,,
003620,KG모빌리티,CURRENT_FINANCIAL_CORP_IDENTITY,003620,00138242,CFS,ifrs-full_CashFlowsFromUsedInOperatingActivities,영업활동으로 인한 현금흐름,117292411520.0,READY,,V8.13.2 current-universe official exact OCF
004000,롯데정밀화학,CURRENT_FINANCIAL_CORP_IDENTITY,004000,00157681,CFS,ifrs-full_CashFlowsFromUsedInOperatingActivities,영업활동으로 인한 현금흐름,300890349404.0,READY,,V8.13.2 current-universe official exact OCF
004090,한국석유,CURRENT_FINANCIAL_CORP_IDENTITY,004090,00157991,CFS,ifrs-full_CashFlowsFromUsedInOperatingActivities,영업활동으로 인한 현금흐름,6570319290.0,READY,,V8.13.2 current-universe official exact OCF
004370,농심,DIRECT_EXACT_IFRS,004370,00108241,CFS,ifrs-full_CashFlowsFromUsedInOperatingActivities,영업활동현금흐름,268700833743.0,READY,,
004490,세방전지,CURRENT_FINANCIAL_CORP_IDENTITY,004490,00133858,CFS,ifrs-full_CashFlowsFromUsedInOperatingActivities,영업활동현금흐름,157270980611.0,READY,,V8.13.2 current-universe official exact OCF
005300,롯데칠성,CURRENT_FINANCIAL_CORP_IDENTITY,005300,00120571,CFS,ifrs-full_CashFlowsFromUsedInOperatingActivities,영업활동현금흐름,353618655562.0,READY,,V8.13.2 current-universe official exact OCF
005440,현대지에프홀딩스,CURRENT_FINANCIAL_CORP_IDENTITY,005440,00105280,CFS,ifrs-full_CashFlowsFromUsedInOperatingActivities,영업활동현금흐름,404603485000.0,READY,,V8.13.2 current-universe official exact OCF
005490,POSCO홀딩스,DIRECT_EXACT_IFRS,005490,00155319,CFS,ifrs-full_CashFlowsFromUsedInOperatingActivities,영업활동현금흐름,4571910292218.0,READY,,
005850,에스엘,DIRECT_EXACT_IFRS_V8190A,005850,00125521,CFS,ifrs-full_CashFlowsFromUsedInOperatingActivities,영업활동현금흐름,508540930109.0,READY,,V8.19.0A audited exact annual OCF
005930,삼성전자,DIRECT_EXACT_IFRS,005930,00126380,CFS,ifrs-full_CashFlowsFromUsedInOperatingActivities,영업활동현금흐름,85315148000000.0,READY,,
006110,삼아알미늄,DIRECT_EXACT_IFRS_V8190A,006110,00126779,CFS,ifrs-full_CashFlowsFromUsedInOperatingActivities,영업활동현금흐름,-4973559699.0,READY,,V8.19.0A audited exact annual OCF
006125,SK디스커버리우,PREFERRED_INHERIT_EXACT_COMMON,006120,00131832,CFS,ifrs-full_CashFlowsFromUsedInOperatingActivities,영업활동 현금흐름,660830683509.0,READY,PREFERRED_INHERIT_DIRECT_NARROW:EXACT_COMMON_NAME,V8.13.2 current-universe official exact OCF
006370,대구백화점,DIRECT_EXACT_IFRS,006370,00108977,CFS,ifrs-full_CashFlowsFromUsedInOperatingActivities,영업활동현금흐름,-26778767022.0,READY,,
006400,삼성SDI,CURRENT_FINANCIAL_CORP_IDENTITY,006400,00126362,CFS,ifrs-full_CashFlowsFromUsedInOperatingActivities,영업활동현금흐름,792385760879.0,READY,,V8.13.2 current-universe official exact OCF
006840,AK홀딩스,CURRENT_FINANCIAL_CORP_IDENTITY,006840,00125080,CFS,ifrs-full_CashFlowsFromUsedInOperatingActivities,영업활동현금흐름,46396810566.0,READY,,V8.13.2 current-universe official exact OCF
006880,신송홀딩스,CURRENT_FINANCIAL_CORP_IDENTITY,006880,00136402,CFS,ifrs-full_CashFlowsFromUsedInOperatingActivities,영업활동현금흐름,-8942057420.0,READY,,V8.13.2 current-universe official exact OCF
007070,GS리테일,CURRENT_FINANCIAL_CORP_IDENTITY,007070,00140177,CFS,ifrs-full_CashFlowsFromUsedInOperatingActivities,영업활동현금흐름,938584394003.0,READY,,V8.13.2 current-universe official exact OCF
007120,미래아이앤지,CURRENT_DART_STOCK_CODE_EXACT_NAME,007120,00104786,OFS,ifrs-full_CashFlowsFromUsedInOperatingActivities,영업활동 현금흐름,7263225072.0,READY,,V8.13.2 current-universe official exact OCF
007310,오뚜기,CURRENT_FINANCIAL_CORP_IDENTITY,007310,00141529,CFS,ifrs-full_CashFlowsFromUsedInOperatingActivities,영업활동으로 인한 현금흐름,218874761016.0,READY,,V8.13.2 current-universe official exact OCF
007540,샘표,CURRENT_FINANCIAL_CORP_IDENTITY,007540,00130091,CFS,ifrs-full_CashFlowsFromUsedInOperatingActivities,영업활동현금흐름,61795520420.0,READY,,V8.13.2 current-universe official exact OCF
007690,국도화학,DIRECT_EXACT_IFRS_V8130,007690,00104388,CFS,ifrs-full_CashFlowsFromUsedInOperatingActivities,영업활동으로 인한 현금흐름,9036624024.0,READY,,V8.13.0 audited exact annual OCF
008930,한미사이언스,DIRECT_EXACT_IFRS,008930,00161426,CFS,ifrs-full_CashFlowsFromUsedInOperatingActivities,영업활동현금흐름,47658093135.0,READY,,
009770,삼정펄프,CURRENT_DART_STOCK_CODE_EXACT_NAME,009770,00128227,OFS,ifrs-full_CashFlowsFromUsedInOperatingActivities,영업활동현금흐름,5813567291.0,READY,,V8.13.2 current-universe official exact OCF
010130,고려아연,DIRECT_EXACT_IFRS,010130,00102858,CFS,ifrs-full_CashFlowsFromUsedInOperatingActivities,영업활동현금흐름,-628210721953.0,READY,,
010660,화천기계,CURRENT_FINANCIAL_CORP_IDENTITY,010660,00166500,OFS,ifrs-full_CashFlowsFromUsedInOperatingActivities,영업활동현금흐름,-1839510342.0,READY,,V8.13.2 current-universe official exact OCF
011155,CJ씨푸드1우,PREFERRED_INHERIT_EXACT_COMMON,011150,00129013,CFS,ifrs-full_CashFlowsFromUsedInOperatingActivities,영업활동현금흐름,1957670478.0,READY,PREFERRED_INHERIT_DIRECT_NARROW:EXACT_COMMON_NAME,V8.13.2 current-universe official exact OCF
011210,현대위아,CURRENT_FINANCIAL_CORP_IDENTITY,011210,00106623,CFS,ifrs-full_CashFlowsFromUsedInOperatingActivities,영업활동현금흐름,404129000000.0,READY,,V8.13.2 current-universe official exact OCF
011280,태림포장,CURRENT_FINANCIAL_CORP_IDENTITY,011280,00153524,CFS,ifrs-full_CashFlowsFromUsedInOperatingActivities,영업활동현금흐름,-33133149000.0,READY,,V8.13.2 current-universe official exact OCF
011300,우성머티리얼스,CURRENT_DART_STOCK_CODE_EXACT_NAME,011300,00132868,CFS,ifrs-full_CashFlowsFromUsedInOperatingActivities,영업활동현금흐름,1133586098.0,READY,,V8.13.2 current-universe official exact OCF
012330,현대모비스,CURRENT_FINANCIAL_CORP_IDENTITY,012330,00164788,CFS,ifrs-full_CashFlowsFromUsedInOperatingActivities,영업활동현금흐름,4472515000000.0,READY,,V8.13.2 current-universe official exact OCF
012450,한화에어로스페이스,DIRECT_EXACT_IFRS,012450,00126566,CFS,ifrs-full_CashFlowsFromUsedInOperatingActivities,영업활동현금흐름,4049804576000.0,READY,,
013870,지엠비코리아,DIRECT_EXACT_IFRS_V8190A,013870,00156354,CFS,ifrs-full_CashFlowsFromUsedInOperatingActivities,영업활동현금흐름,7097456491.0,READY,,V8.19.0A audited exact annual OCF
014710,사조씨푸드,DIRECT_EXACT_IFRS_V8190A,014710,00124780,CFS,ifrs-full_CashFlowsFromUsedInOperatingActivities,영업활동현금흐름,-34381798575.0,READY,,V8.19.0A audited exact annual OCF
014830,유니드,CURRENT_FINANCIAL_CORP_IDENTITY,014830,00159786,CFS,ifrs-full_CashFlowsFromUsedInOperatingActivities,영업활동현금흐름,89480595289.0,READY,,V8.13.2 current-universe official exact OCF
015360,INVENI,CURRENT_FINANCIAL_CORP_IDENTITY,015360,00105101,CFS,ifrs-full_CashFlowsFromUsedInOperatingActivities,영업활동현금흐름,-70997876000.0,READY,,V8.13.2 current-universe official exact OCF
016800,퍼시스,CURRENT_FINANCIAL_CORP_IDENTITY,016800,00161709,CFS,ifrs-full_CashFlowsFromUsedInOperatingActivities,영업활동현금흐름,28209055042.0,READY,,V8.13.2 current-universe official exact OCF
018260,삼성에스디에스,DIRECT_EXACT_IFRS,018260,00126186,CFS,ifrs-full_CashFlowsFromUsedInOperatingActivities,영업활동현금흐름,1203327812666.0,READY,,
021240,코웨이,DIRECT_EXACT_IFRS,021240,00170558,CFS,ifrs-full_CashFlowsFromUsedInOperatingActivities,영업활동현금흐름,35544145039.0,READY,,
022100,포스코DX,DIRECT_EXACT_IFRS,022100,00155212,CFS,ifrs-full_CashFlowsFromUsedInOperatingActivities,영업활동현금흐름,145951092070.0,READY,,
024110,기업은행,CURRENT_FINANCIAL_CORP_IDENTITY,024110,00149646,CFS,ifrs-full_CashFlowsFromUsedInOperatingActivities,영업활동순현금흐름,-3022146000000.0,READY,,V8.13.2 current-universe official exact OCF
026890,스틱인베스트먼트,CURRENT_FINANCIAL_CORP_IDENTITY,026890,00117498,CFS,ifrs-full_CashFlowsFromUsedInOperatingActivities,영업활동순현금흐름,-5741329150.0,READY,,V8.13.2 current-universe official exact OCF
027740,마니커,CURRENT_FINANCIAL_CORP_IDENTITY,027740,00204208,CFS,ifrs-full_CashFlowsFromUsedInOperatingActivities,영업활동현금흐름,6368546189.0,READY,,V8.13.2 current-universe official exact OCF
028050,삼성E&A,DIRECT_EXACT_IFRS,028050,00126308,CFS,ifrs-full_CashFlowsFromUsedInOperatingActivities,영업활동현금흐름,254433358974.0,READY,,
029780,삼성카드,DIRECT_EXACT_IFRS,029780,00126292,CFS,ifrs-full_CashFlowsFromUsedInOperatingActivities,영업활동현금흐름,-1575026000000.0,READY,,
030000,제일기획,CURRENT_FINANCIAL_CORP_IDENTITY,030000,00148276,CFS,ifrs-full_CashFlowsFromUsedInOperatingActivities,영업활동으로 인한 현금흐름,212279534936.0,READY,,V8.13.2 current-universe official exact OCF
030190,NICE평가정보,CURRENT_DART_STOCK_CODE_EXACT_NAME,030190,00158325,CFS,ifrs-full_CashFlowsFromUsedInOperatingActivities,영업활동현금흐름,120877944271.0,READY,,V8.13.2 current-universe official exact OCF
030210,다올투자증권,CURRENT_FINANCIAL_CORP_IDENTITY,030210,00156859,CFS,ifrs-full_CashFlowsFromUsedInOperatingActivities,영업활동순현금흐름,-265648144462.0,READY,,V8.13.2 current-universe official exact OCF
030720,동원수산,CURRENT_FINANCIAL_CORP_IDENTITY,030720,00118044,CFS,ifrs-full_CashFlowsFromUsedInOperatingActivities,영업활동현금흐름,11483570824.0,READY,,V8.13.2 current-universe official exact OCF
031210,서울보증보험,CURRENT_FINANCIAL_CORP_IDENTITY,031210,00112998,CFS,ifrs-full_CashFlowsFromUsedInOperatingActivities,영업활동으로 인한 현금흐름,387231449456.0,READY,,V8.13.2 current-universe official exact OCF
031820,아이티센씨티에스,CURRENT_DART_STOCK_CODE_EXACT_NAME,031820,00186559,CFS,ifrs-full_CashFlowsFromUsedInOperatingActivities,영업활동현금흐름,64261763753.0,READY,,V8.13.2 current-universe official exact OCF
034020,두산에너빌리티,DIRECT_EXACT_IFRS,034020,00159616,CFS,ifrs-full_CashFlowsFromUsedInOperatingActivities,영업활동현금흐름,751801000000.0,READY,,
034230,파라다이스,CURRENT_FINANCIAL_CORP_IDENTITY,034230,00171265,CFS,ifrs-full_CashFlowsFromUsedInOperatingActivities,영업활동현금흐름,223864661526.0,READY,,V8.13.2 current-universe official exact OCF
034830,한국토지신탁,CURRENT_FINANCIAL_CORP_IDENTITY,034830,00233653,CFS,ifrs-full_CashFlowsFromUsedInOperatingActivities,영업활동순현금흐름,-124622078410.0,READY,,V8.13.2 current-universe official exact OCF
035420,NAVER,DIRECT_EXACT_IFRS,035420,00266961,CFS,ifrs-full_CashFlowsFromUsedInOperatingActivities,영업활동현금흐름,3095806604677.0,READY,,
037270,YG PLUS,CURRENT_FINANCIAL_CORP_IDENTITY,037270,00249247,CFS,ifrs-full_CashFlowsFromUsedInOperatingActivities,영업활동현금흐름,27361290362.0,READY,,V8.13.2 current-universe official exact OCF
039130,하나투어,CURRENT_FINANCIAL_CORP_IDENTITY,039130,00269940,CFS,ifrs-full_CashFlowsFromUsedInOperatingActivities,영업활동으로 인한 현금흐름,101086158079.0,READY,,V8.13.2 current-universe official exact OCF
039490,키움증권,CURRENT_FINANCIAL_CORP_IDENTITY,039490,00296290,CFS,ifrs-full_CashFlowsFromUsedInOperatingActivities,영업활동으로 인한 현금흐름,-6399934098932.0,READY,,V8.13.2 current-universe official exact OCF
042700,한미반도체,DIRECT_EXACT_IFRS_V8130,042700,00161383,CFS,ifrs-full_CashFlowsFromUsedInOperatingActivities,영업활동현금흐름,228626759780.0,READY,,V8.13.0 audited exact annual OCF
047050,포스코인터내셔널,DIRECT_EXACT_IFRS,047050,00124504,CFS,ifrs-full_CashFlowsFromUsedInOperatingActivities,영업활동현금흐름,1941539030000.0,READY,,
047400,유니온머티리얼,CURRENT_FINANCIAL_CORP_IDENTITY,047400,00369833,CFS,ifrs-full_CashFlowsFromUsedInOperatingActivities,영업활동으로 인한 현금흐름,11852669330.0,READY,,V8.13.2 current-universe official exact OCF
047810,한국항공우주,DIRECT_EXACT_IFRS,047810,00309503,CFS,ifrs-full_CashFlowsFromUsedInOperatingActivities,영업활동현금흐름,-903316343552.0,READY,,
051900,LG생활건강,CURRENT_DART_STOCK_CODE_EXACT_NAME,051900,00356370,CFS,ifrs-full_CashFlowsFromUsedInOperatingActivities,영업활동으로 인한 현금흐름,446433049589.0,READY,,V8.13.2 current-universe official exact OCF
051910,LG화학,CURRENT_FINANCIAL_CORP_IDENTITY,051910,00356361,CFS,ifrs-full_CashFlowsFromUsedInOperatingActivities,영업활동현금흐름,8233859000000.0,READY,,V8.13.2 current-universe official exact OCF
053690,한미글로벌,CURRENT_DART_STOCK_CODE_EXACT_NAME,053690,00413523,CFS,ifrs-full_CashFlowsFromUsedInOperatingActivities,영업활동현금흐름,40808805338.0,READY,,V8.13.2 current-universe official exact OCF
055550,신한지주,CURRENT_FINANCIAL_CORP_IDENTITY,055550,00382199,CFS,ifrs-full_CashFlowsFromUsedInOperatingActivities,영업활동순현금흐름,9730881000000.0,READY,,V8.13.2 current-universe official exact OCF
066570,LG전자,DIRECT_EXACT_IFRS,066570,00401731,CFS,ifrs-full_CashFlowsFromUsedInOperatingActivities,영업활동현금흐름,4280500000000.0,READY,,
071050,한국금융지주,CURRENT_FINANCIAL_CORP_IDENTITY,071050,00432102,CFS,ifrs-full_CashFlowsFromUsedInOperatingActivities,영업활동순현금흐름,-7607218000000.0,READY,,V8.13.2 current-universe official exact OCF
071840,롯데하이마트,DIRECT_EXACT_IFRS,071840,00158307,OFS,ifrs-full_CashFlowsFromUsedInOperatingActivities,영업활동현금흐름,156549130675.0,READY,,
072130,유엔젤,DIRECT_EXACT_IFRS,072130,00416654,CFS,ifrs-full_CashFlowsFromUsedInOperatingActivities,영업활동현금흐름,11937374667.0,READY,,
073240,금호타이어,CURRENT_FINANCIAL_CORP_IDENTITY,073240,00481454,CFS,ifrs-full_CashFlowsFromUsedInOperatingActivities,영업활동현금흐름,915296220859.0,READY,,V8.13.2 current-universe official exact OCF
079160,CJ CGV,CURRENT_FINANCIAL_CORP_IDENTITY,079160,00303873,CFS,ifrs-full_CashFlowsFromUsedInOperatingActivities,영업활동으로 인한 현금흐름,214869995007.0,READY,,V8.13.2 current-universe official exact OCF
079550,LIG디펜스앤에어로스페이스,CURRENT_FINANCIAL_CORP_IDENTITY,079550,00503668,CFS,ifrs-full_CashFlowsFromUsedInOperatingActivities,영업활동현금흐름,-584305263675.0,READY,,V8.13.2 current-universe official exact OCF
082740,한화엔진,CURRENT_FINANCIAL_CORP_IDENTITY,082740,00361008,CFS,ifrs-full_CashFlowsFromUsedInOperatingActivities,영업활동현금흐름,330318677509.0,READY,,V8.13.2 current-universe official exact OCF
084690,대상홀딩스,CURRENT_FINANCIAL_CORP_IDENTITY,084690,00539274,CFS,ifrs-full_CashFlowsFromUsedInOperatingActivities,영업활동현금흐름,242940140469.0,READY,,V8.13.2 current-universe official exact OCF
085310,엔케이,CURRENT_DART_STOCK_CODE_EXACT_NAME,085310,00172228,CFS,ifrs-full_CashFlowsFromUsedInOperatingActivities,영업활동현금흐름,-5879438691.0,READY,,V8.13.2 current-universe official exact OCF
086280,현대글로비스,DIRECT_EXACT_IFRS,086280,00360595,CFS,ifrs-full_CashFlowsFromUsedInOperatingActivities,영업활동현금흐름,2500761317215.0,READY,,
089590,제주항공,CURRENT_FINANCIAL_CORP_IDENTITY,089590,00555874,CFS,ifrs-full_CashFlowsFromUsedInOperatingActivities,영업활동현금흐름,6101192256.0,READY,,V8.13.2 current-universe official exact OCF
090350,노루페인트,CURRENT_DART_STOCK_CODE_EXACT_NAME,090350,00583442,CFS,ifrs-full_CashFlowsFromUsedInOperatingActivities,영업활동현금흐름,32671980429.0,READY,,V8.13.2 current-universe official exact OCF
090370,메타랩스,CURRENT_FINANCIAL_CORP_IDENTITY,090370,00442835,CFS,ifrs-full_CashFlowsFromUsedInOperatingActivities,영업활동현금흐름,-2496725729.0,READY,,V8.13.2 current-universe official exact OCF
090435,아모레퍼시픽우,PREFERRED_INHERIT_EXACT_COMMON,090430,00583424,CFS,ifrs-full_CashFlowsFromUsedInOperatingActivities,영업활동으로 인한 현금흐름,583839768058.0,READY,PREFERRED_INHERIT_DIRECT_NARROW,V8.13.2 current-universe official exact OCF
091810,트리니티항공,DIRECT_EXACT_IFRS,091810,00671376,CFS,ifrs-full_CashFlowsFromUsedInOperatingActivities,영업활동현금흐름,171062760810.0,READY,,
092440,기신정기,CURRENT_FINANCIAL_CORP_IDENTITY,092440,00106614,CFS,ifrs-full_CashFlowsFromUsedInOperatingActivities,영업활동으로 인한 현금흐름,12954521179.0,READY,,V8.13.2 current-universe official exact OCF
095570,AJ네트웍스,CURRENT_FINANCIAL_CORP_IDENTITY,095570,00365387,CFS,ifrs-full_CashFlowsFromUsedInOperatingActivities,영업활동 현금흐름,75931753000.0,READY,,V8.13.2 current-universe official exact OCF
096770,SK이노베이션,CURRENT_FINANCIAL_CORP_IDENTITY,096770,00631518,CFS,ifrs-full_CashFlowsFromUsedInOperatingActivities,영업활동으로인한현금흐름,2283052527000.0,READY,,V8.13.2 current-universe official exact OCF
097950,CJ제일제당,DIRECT_EXACT_IFRS,097950,00635134,CFS,ifrs-full_CashFlowsFromUsedInOperatingActivities,영업활동현금흐름,2481608395000.0,READY,,
097955,CJ제일제당 우,PREFERRED_INHERIT_EXACT_COMMON,097950,00635134,CFS,ifrs-full_CashFlowsFromUsedInOperatingActivities,영업활동현금흐름,2481608395000.0,READY,V8.7.0 UNIQUE_COMMON_SHARE_BY_EXACT_NORMALIZED_OFFICIAL_KRX_ISU_NM_STEM,
101140,인바이오젠,CURRENT_DART_STOCK_CODE_EXACT_NAME,101140,00652423,OFS,ifrs-full_CashFlowsFromUsedInOperatingActivities,영업활동현금흐름,-5554021946.0,READY,,V8.13.2 current-universe official exact OCF
105560,KB금융,DIRECT_EXACT_IFRS,105560,00688996,CFS,ifrs-full_CashFlowsFromUsedInOperatingActivities,영업활동현금흐름,4226378000000.0,READY,,
105630,한세실업,CURRENT_FINANCIAL_CORP_IDENTITY,105630,00728638,CFS,ifrs-full_CashFlowsFromUsedInOperatingActivities,영업활동현금흐름,85379007016.0,READY,,V8.13.2 current-universe official exact OCF
107590,미원홀딩스,CURRENT_FINANCIAL_CORP_IDENTITY,107590,00706715,CFS,ifrs-full_CashFlowsFromUsedInOperatingActivities,영업활동현금흐름,28596186833.0,READY,,V8.13.2 current-universe official exact OCF
108675,LX하우시스우,PREFERRED_INHERIT_EXACT_COMMON,108670,00759513,CFS,ifrs-full_CashFlowsFromUsedInOperatingActivities,영업활동으로 인한 현금흐름,195279000000.0,READY,PREFERRED_INHERIT_DIRECT_NARROW:EXACT_COMMON_NAME,V8.13.2 current-universe official exact OCF
112610,씨에스윈드,CURRENT_FINANCIAL_CORP_IDENTITY,112610,00670340,CFS,ifrs-full_CashFlowsFromUsedInOperatingActivities,영업활동으로 인한 현금흐름,527705949520.0,READY,,V8.13.2 current-universe official exact OCF
114090,GKL,CURRENT_FINANCIAL_CORP_IDENTITY,114090,00557508,CFS,ifrs-full_CashFlowsFromUsedInOperatingActivities,영업활동현금흐름,104661991247.0,READY,,V8.13.2 current-universe official exact OCF
117580,대성에너지,CURRENT_DART_STOCK_CODE_EXACT_NAME,117580,00787376,OFS,ifrs-full_CashFlowsFromUsedInOperatingActivities,영업활동현금흐름,49586957635.0,READY,,V8.13.2 current-universe official exact OCF
120110,코오롱인더,DIRECT_EXACT_IFRS_V8190A,120110,00795135,CFS,ifrs-full_CashFlowsFromUsedInOperatingActivities,I. 영업활동으로인한현금흐름,355039451553.0,READY,,V8.19.0A audited exact annual OCF
123690,한국화장품,CURRENT_FINANCIAL_CORP_IDENTITY,123690,00823429,CFS,ifrs-full_CashFlowsFromUsedInOperatingActivities,영업활동으로 인한 현금흐름,2911124120.0,READY,,V8.13.2 current-universe official exact OCF
128820,대성산업,CURRENT_FINANCIAL_CORP_IDENTITY,128820,00828789,CFS,ifrs-full_CashFlowsFromUsedInOperatingActivities,영업활동으로 인한 현금흐름,37776048665.0,READY,,V8.13.2 current-universe official exact OCF
129260,인터지스,CURRENT_DART_STOCK_CODE_EXACT_NAME,129260,00151368,CFS,ifrs-full_CashFlowsFromUsedInOperatingActivities,영업활동으로 인한 현금흐름,34279853532.0,READY,,V8.13.2 current-universe official exact OCF
185750,종근당,CURRENT_FINANCIAL_CORP_IDENTITY,185750,00992871,CFS,ifrs-full_CashFlowsFromUsedInOperatingActivities,영업활동현금흐름,67358554736.0,READY,,V8.13.2 current-universe official exact OCF
204320,HL만도,CURRENT_DART_STOCK_CODE_EXACT_NAME,204320,01042775,CFS,ifrs-full_CashFlowsFromUsedInOperatingActivities,영업활동으로 인한 현금흐름,720937744650.0,READY,,V8.13.2 current-universe official exact OCF
214320,이노션,DIRECT_EXACT_IFRS,214320,00565154,CFS,ifrs-full_CashFlowsFromUsedInOperatingActivities,영업활동현금흐름,281196807331.0,READY,,
227840,현대코퍼레이션홀딩스,CURRENT_FINANCIAL_CORP_IDENTITY,227840,01108099,CFS,ifrs-full_CashFlowsFromUsedInOperatingActivities,영업활동현금흐름,23277591000.0,READY,,V8.13.2 current-universe official exact OCF
244920,에이플러스에셋,CURRENT_FINANCIAL_CORP_IDENTITY,244920,00684802,CFS,ifrs-full_CashFlowsFromUsedInOperatingActivities,영업활동현금흐름,31777936983.0,READY,,V8.13.2 current-universe official exact OCF
267270,HD건설기계,DIRECT_EXACT_IFRS,267270,01205842,CFS,ifrs-full_CashFlowsFromUsedInOperatingActivities,영업활동현금흐름,166035785000.0,READY,,
268280,미원에스씨,CURRENT_DART_STOCK_CODE_EXACT_NAME,268280,01234297,CFS,ifrs-full_CashFlowsFromUsedInOperatingActivities,영업활동현금흐름,76518495728.0,READY,,V8.13.2 current-universe official exact OCF
271560,오리온,DIRECT_EXACT_IFRS_V8190A,271560,01238169,CFS,ifrs-full_CashFlowsFromUsedInOperatingActivities,영업활동현금흐름,537328134910.0,READY,,V8.19.0A audited exact annual OCF
272550,삼양패키징,CURRENT_DART_STOCK_CODE_EXACT_NAME,272550,01060814,CFS,ifrs-full_CashFlowsFromUsedInOperatingActivities,영업활동으로 인한 현금흐름,48274543434.0,READY,,V8.13.2 current-universe official exact OCF
278470,에이피알,DIRECT_EXACT_IFRS,278470,01190568,CFS,ifrs-full_CashFlowsFromUsedInOperatingActivities,영업활동현금흐름,341046397295.0,READY,,
279570,케이뱅크,CURRENT_FINANCIAL_CORP_IDENTITY,279570,01203312,OFS,ifrs-full_CashFlowsFromUsedInOperatingActivities,영업활동으로 인한 현금흐름,616672000000.0,READY,,V8.13.2 current-universe official exact OCF
280360,롯데웰푸드,CURRENT_FINANCIAL_CORP_IDENTITY,280360,01258507,CFS,ifrs-full_CashFlowsFromUsedInOperatingActivities,영업활동현금흐름,231103311582.0,READY,,V8.13.2 current-universe official exact OCF
285130,SK케미칼,CURRENT_DART_STOCK_CODE_EXACT_NAME,285130,01267170,CFS,ifrs-full_CashFlowsFromUsedInOperatingActivities,영업활동현금흐름,235905765880.0,READY,,V8.13.2 current-universe official exact OCF
317400,자이에스앤디,CURRENT_FINANCIAL_CORP_IDENTITY,317400,00367844,CFS,ifrs-full_CashFlowsFromUsedInOperatingActivities,영업활동현금흐름,63328065489.0,READY,,V8.13.2 current-universe official exact OCF
323410,카카오뱅크,CURRENT_FINANCIAL_CORP_IDENTITY,323410,01133217,OFS,ifrs-full_CashFlowsFromUsedInOperatingActivities,영업활동으로 인한 현금흐름,6005765000000.0,READY,,V8.13.2 current-universe official exact OCF
334890,이지스밸류플러스리츠,CURRENT_FINANCIAL_CORP_IDENTITY,334890,01394377,CFS,ifrs-full_CashFlowsFromUsedInOperatingActivities,영업활동현금흐름,6233134643.0,READY,,V8.13.2 current-universe official exact OCF
357430,마스턴프리미어리츠,CURRENT_DART_STOCK_CODE_EXACT_NAME,357430,01442966,CFS,ifrs-full_CashFlowsFromUsedInOperatingActivities,영업활동현금흐름,1785986201.0,READY,,V8.13.2 current-universe official exact OCF
365550,ESR켄달스퀘어리츠,CURRENT_FINANCIAL_CORP_IDENTITY,365550,01437186,CFS,ifrs-full_CashFlowsFromUsedInOperatingActivities,영업활동현금흐름,8836054309.0,READY,,V8.13.2 current-universe official exact OCF
373220,LG에너지솔루션,DIRECT_EXACT_IFRS,373220,01515323,CFS,ifrs-full_CashFlowsFromUsedInOperatingActivities,영업활동현금흐름,4432277000000.0,READY,,
395400,SK리츠,CURRENT_FINANCIAL_CORP_IDENTITY,395400,01535150,CFS,ifrs-full_CashFlowsFromUsedInOperatingActivities,영업활동으로 인한 현금흐름,4931950608.0,READY,,V8.13.2 current-universe official exact OCF
450080,에코프로머티,CURRENT_DART_STOCK_CODE_EXACT_NAME,450080,01311408,OFS,ifrs-full_CashFlowsFromUsedInOperatingActivities,영업활동 현금흐름,94409083213.0,READY,,V8.13.2 current-universe official exact OCF
462520,조선내화,CURRENT_FINANCIAL_CORP_IDENTITY,462520,01770203,CFS,ifrs-full_CashFlowsFromUsedInOperatingActivities,영업활동현금흐름,4024799000.0,READY,,V8.13.2 current-universe official exact OCF
462870,시프트업,CURRENT_DART_STOCK_CODE_EXACT_NAME,462870,01384787,CFS,ifrs-full_CashFlowsFromUsedInOperatingActivities,영업활동으로 인한 현금흐름,157169089142.0,READY,,V8.13.2 current-universe official exact OCF
465770,STX그린로지스,CURRENT_FINANCIAL_CORP_IDENTITY,465770,01784394,CFS,ifrs-full_CashFlowsFromUsedInOperatingActivities,영업활동으로 인한 현금흐름,16535914095.0,READY,,V8.13.2 current-universe official exact OCF
499790,GS피앤엘,CURRENT_FINANCIAL_CORP_IDENTITY,499790,01882845,CFS,ifrs-full_CashFlowsFromUsedInOperatingActivities,영업활동으로 인한 현금흐름,119618149534.0,READY,,V8.13.2 current-universe official exact OCF
