ticker,name,source_origin,candidate_ocf_status,baseline_status,candidate_status,baseline_missing_components,candidate_missing_components,removed_reasons,added_reasons,baseline_score_total,candidate_score_total
000080,하이트진로,V8131_FROZEN_READY,READY,LIMITED,READY,영업현금흐름:MISSING_OCF_MARGIN_INPUT,,영업현금흐름:MISSING_OCF_MARGIN_INPUT,,,65.0
000150,두산,CURRENT_FINANCIAL_CORP_IDENTITY,READY,LIMITED,LIMITED,영업현금흐름:MISSING_OCF_MARGIN_INPUT;EV/EBITDA:EV_EBITDA_INPUT:OK:NO_EXACT_CANDIDATE,EV/EBITDA:EV_EBITDA_INPUT:OK:NO_EXACT_CANDIDATE,영업현금흐름:MISSING_OCF_MARGIN_INPUT,,,
000490,대동,CURRENT_FINANCIAL_CORP_IDENTITY,READY,LIMITED,LIMITED,영업현금흐름:MISSING_OCF_MARGIN_INPUT;EV/EBITDA:EV_EBITDA_INPUT:OK:NO_EXACT_CANDIDATE,EV/EBITDA:EV_EBITDA_INPUT:OK:NO_EXACT_CANDIDATE,영업현금흐름:MISSING_OCF_MARGIN_INPUT,,,
000660,SK하이닉스,CURRENT_FINANCIAL_CORP_IDENTITY,READY,LIMITED,LIMITED,영업현금흐름:MISSING_OCF_MARGIN_INPUT;EV/EBITDA:EV_EBITDA_INPUT:OK:NO_EXACT_CANDIDATE,EV/EBITDA:EV_EBITDA_INPUT:OK:NO_EXACT_CANDIDATE,영업현금흐름:MISSING_OCF_MARGIN_INPUT,,,
000720,현대건설,CURRENT_FINANCIAL_CORP_IDENTITY,READY,LIMITED,LIMITED,영업현금흐름:MISSING_OCF_MARGIN_INPUT;EV/EBITDA:EV_EBITDA_INPUT:OK:NO_EXACT_CANDIDATE;최근 분기 실적 가속·둔화:ANNUAL_OP_DENOM_NONPOSITIVE,EV/EBITDA:EV_EBITDA_INPUT:OK:NO_EXACT_CANDIDATE;최근 분기 실적 가속·둔화:ANNUAL_OP_DENOM_NONPOSITIVE,영업현금흐름:MISSING_OCF_MARGIN_INPUT,,,
000760,이화산업,CURRENT_FINANCIAL_CORP_IDENTITY,READY,LIMITED,LIMITED,영업현금흐름:MISSING_OCF_MARGIN_INPUT;EV/EBITDA:EV_EBITDA_INPUT:OK:NO_EXACT_CANDIDATE,EV/EBITDA:EV_EBITDA_INPUT:OK:NO_EXACT_CANDIDATE,영업현금흐름:MISSING_OCF_MARGIN_INPUT,,,
000860,강남제비스코,CURRENT_FINANCIAL_CORP_IDENTITY,READY,LIMITED,LIMITED,영업현금흐름:MISSING_OCF_MARGIN_INPUT;EV/EBITDA:EV_EBITDA_INPUT:OK:NO_EXACT_CANDIDATE;수급·공시부담:SUPPLY_LIMITED_NO_POSITIVE_EVIDENCE,EV/EBITDA:EV_EBITDA_INPUT:OK:NO_EXACT_CANDIDATE;수급·공시부담:SUPPLY_LIMITED_NO_POSITIVE_EVIDENCE,영업현금흐름:MISSING_OCF_MARGIN_INPUT,,,
001630,종근당홀딩스,CURRENT_FINANCIAL_CORP_IDENTITY,READY,LIMITED,LIMITED,영업현금흐름:MISSING_OCF_MARGIN_INPUT;EV/EBITDA:EV_EBITDA_INPUT:OK:NO_EXACT_CANDIDATE,EV/EBITDA:EV_EBITDA_INPUT:OK:NO_EXACT_CANDIDATE,영업현금흐름:MISSING_OCF_MARGIN_INPUT,,,
001680,대상,CURRENT_FINANCIAL_CORP_IDENTITY,READY,LIMITED,LIMITED,영업현금흐름:MISSING_OCF_MARGIN_INPUT;EV/EBITDA:EV_EBITDA_INPUT:OK:NO_EXACT_CANDIDATE,EV/EBITDA:EV_EBITDA_INPUT:OK:NO_EXACT_CANDIDATE,영업현금흐름:MISSING_OCF_MARGIN_INPUT,,,
002350,넥센타이어,CURRENT_FINANCIAL_CORP_IDENTITY,READY,LIMITED,LIMITED,영업현금흐름:MISSING_OCF_MARGIN_INPUT;EV/EBITDA:EV_EBITDA_INPUT:OK:NO_EXACT_CANDIDATE,EV/EBITDA:EV_EBITDA_INPUT:OK:NO_EXACT_CANDIDATE,영업현금흐름:MISSING_OCF_MARGIN_INPUT,,,
002700,신일전자,CURRENT_FINANCIAL_CORP_IDENTITY,READY,LIMITED,LIMITED,영업현금흐름:MISSING_OCF_MARGIN_INPUT;EV/EBITDA:EV_EBITDA_INPUT:OK:NO_EXACT_CANDIDATE;수급·공시부담:SUPPLY_LIMITED_NO_POSITIVE_EVIDENCE,EV/EBITDA:EV_EBITDA_INPUT:OK:NO_EXACT_CANDIDATE;수급·공시부담:SUPPLY_LIMITED_NO_POSITIVE_EVIDENCE,영업현금흐름:MISSING_OCF_MARGIN_INPUT,,,
002710,TCC스틸,V8131_FROZEN_READY,READY,LIMITED,READY,영업현금흐름:MISSING_OCF_MARGIN_INPUT,,영업현금흐름:MISSING_OCF_MARGIN_INPUT,,,40.5
002995,금호건설우,PREFERRED_INHERIT_EXACT_COMMON,READY,LIMITED,LIMITED,매출 성장과 안정성:MISSING_REVENUE_GROWTH_INPUT;영업이익 성장과 흑자 여부:MISSING_OP_PROFIT;순이익 흐름:MISSING_EARNINGS_TREND;영업이익률:MISSING_MARGIN;ROE:MISSING_ROE;부채비율:MISSING_DEBT_RATIO;영업현금흐름:MISSING_OCF_MARGIN_INPUT;PER:MISSING_PER;PBR:MISSING_PBR_OR_ROE;EV/EBITDA:EV_EBITDA_INPUT:OK:NO_EXACT_CANDIDATE;PSR 또는 대체 가치지표:MISSING_PSR_INPUT;최근 분기 실적 가속·둔화:ANNUAL_OP_DENOM_NONPOSITIVE;흑자 지속성과 이익 안정성:MISSING_EARNINGS_TREND;순현금·기업가치 상태:NETCASH_INPUT:OK;기간 저가·고가 대비 현재위치:MISSING_POSITION;과열·급락 위험:MISSING_RISK_INPUT;수급·공시부담:SUPPLY_LIMITED_NO_POSITIVE_EVIDENCE,매출 성장과 안정성:MISSING_REVENUE_GROWTH_INPUT;영업이익 성장과 흑자 여부:MISSING_OP_PROFIT;순이익 흐름:MISSING_EARNINGS_TREND;영업이익률:MISSING_MARGIN;ROE:MISSING_ROE;부채비율:MISSING_DEBT_RATIO;PER:MISSING_PER;PBR:MISSING_PBR_OR_ROE;EV/EBITDA:EV_EBITDA_INPUT:OK:NO_EXACT_CANDIDATE;PSR 또는 대체 가치지표:MISSING_PSR_INPUT;최근 분기 실적 가속·둔화:ANNUAL_OP_DENOM_NONPOSITIVE;흑자 지속성과 이익 안정성:MISSING_EARNINGS_TREND;순현금·기업가치 상태:NETCASH_INPUT:OK;기간 저가·고가 대비 현재위치:MISSING_POSITION;과열·급락 위험:MISSING_RISK_INPUT;수급·공시부담:SUPPLY_LIMITED_NO_POSITIVE_EVIDENCE,영업현금흐름:MISSING_OCF_MARGIN_INPUT,,,
003220,대원제약,CURRENT_FINANCIAL_CORP_IDENTITY,READY,LIMITED,LIMITED,영업현금흐름:MISSING_OCF_MARGIN_INPUT;EV/EBITDA:EV_EBITDA_INPUT:OK:NO_EXACT_CANDIDATE;수급·공시부담:SUPPLY_LIMITED_NO_POSITIVE_EVIDENCE,EV/EBITDA:EV_EBITDA_INPUT:OK:NO_EXACT_CANDIDATE;수급·공시부담:SUPPLY_LIMITED_NO_POSITIVE_EVIDENCE,영업현금흐름:MISSING_OCF_MARGIN_INPUT,,,
003620,KG모빌리티,CURRENT_FINANCIAL_CORP_IDENTITY,READY,LIMITED,LIMITED,영업현금흐름:MISSING_OCF_MARGIN_INPUT;EV/EBITDA:EV_EBITDA_INPUT:EMPTY_AS_ZERO:NO_EXACT_CANDIDATE,EV/EBITDA:EV_EBITDA_INPUT:EMPTY_AS_ZERO:NO_EXACT_CANDIDATE,영업현금흐름:MISSING_OCF_MARGIN_INPUT,,,
004000,롯데정밀화학,CURRENT_FINANCIAL_CORP_IDENTITY,READY,LIMITED,LIMITED,영업현금흐름:MISSING_OCF_MARGIN_INPUT;EV/EBITDA:EV_EBITDA_INPUT:OK:NO_EXACT_CANDIDATE;수급·공시부담:SUPPLY_LIMITED_NO_POSITIVE_EVIDENCE,EV/EBITDA:EV_EBITDA_INPUT:OK:NO_EXACT_CANDIDATE;수급·공시부담:SUPPLY_LIMITED_NO_POSITIVE_EVIDENCE,영업현금흐름:MISSING_OCF_MARGIN_INPUT,,,
004090,한국석유,CURRENT_FINANCIAL_CORP_IDENTITY,READY,LIMITED,LIMITED,영업현금흐름:MISSING_OCF_MARGIN_INPUT;EV/EBITDA:EV_EBITDA_INPUT:OK:NO_EXACT_CANDIDATE;수급·공시부담:SUPPLY_LIMITED_NO_POSITIVE_EVIDENCE,EV/EBITDA:EV_EBITDA_INPUT:OK:NO_EXACT_CANDIDATE;수급·공시부담:SUPPLY_LIMITED_NO_POSITIVE_EVIDENCE,영업현금흐름:MISSING_OCF_MARGIN_INPUT,,,
004490,세방전지,CURRENT_FINANCIAL_CORP_IDENTITY,READY,LIMITED,LIMITED,영업현금흐름:MISSING_OCF_MARGIN_INPUT;EV/EBITDA:EV_EBITDA_INPUT:OK:NO_EXACT_CANDIDATE,EV/EBITDA:EV_EBITDA_INPUT:OK:NO_EXACT_CANDIDATE,영업현금흐름:MISSING_OCF_MARGIN_INPUT,,,
005300,롯데칠성,CURRENT_FINANCIAL_CORP_IDENTITY,READY,LIMITED,LIMITED,영업현금흐름:MISSING_OCF_MARGIN_INPUT;EV/EBITDA:EV_EBITDA_INPUT:OK:NO_EXACT_CANDIDATE,EV/EBITDA:EV_EBITDA_INPUT:OK:NO_EXACT_CANDIDATE,영업현금흐름:MISSING_OCF_MARGIN_INPUT,,,
006400,삼성SDI,CURRENT_FINANCIAL_CORP_IDENTITY,READY,LIMITED,LIMITED,영업현금흐름:MISSING_OCF_MARGIN_INPUT;EV/EBITDA:EV_EBITDA_INPUT:OK:NO_EXACT_CANDIDATE,EV/EBITDA:EV_EBITDA_INPUT:OK:NO_EXACT_CANDIDATE,영업현금흐름:MISSING_OCF_MARGIN_INPUT,,,
006880,신송홀딩스,CURRENT_FINANCIAL_CORP_IDENTITY,READY,LIMITED,LIMITED,영업현금흐름:MISSING_OCF_MARGIN_INPUT;EV/EBITDA:EV_EBITDA_INPUT:OK:NO_EXACT_CANDIDATE;수급·공시부담:SUPPLY_LIMITED_NO_POSITIVE_EVIDENCE,EV/EBITDA:EV_EBITDA_INPUT:OK:NO_EXACT_CANDIDATE;수급·공시부담:SUPPLY_LIMITED_NO_POSITIVE_EVIDENCE,영업현금흐름:MISSING_OCF_MARGIN_INPUT,,,
007070,GS리테일,CURRENT_FINANCIAL_CORP_IDENTITY,READY,LIMITED,LIMITED,영업현금흐름:MISSING_OCF_MARGIN_INPUT;EV/EBITDA:EV_EBITDA_INPUT:OK:NO_EXACT_CANDIDATE,EV/EBITDA:EV_EBITDA_INPUT:OK:NO_EXACT_CANDIDATE,영업현금흐름:MISSING_OCF_MARGIN_INPUT,,,
007310,오뚜기,CURRENT_FINANCIAL_CORP_IDENTITY,READY,LIMITED,LIMITED,영업현금흐름:MISSING_OCF_MARGIN_INPUT;EV/EBITDA:EV_EBITDA_INPUT:OK:NO_EXACT_CANDIDATE;수급·공시부담:SUPPLY_LIMITED_NO_POSITIVE_EVIDENCE,EV/EBITDA:EV_EBITDA_INPUT:OK:NO_EXACT_CANDIDATE;수급·공시부담:SUPPLY_LIMITED_NO_POSITIVE_EVIDENCE,영업현금흐름:MISSING_OCF_MARGIN_INPUT,,,
007690,국도화학,V8131_FROZEN_READY,READY,LIMITED,READY,영업현금흐름:MISSING_OCF_MARGIN_INPUT,,영업현금흐름:MISSING_OCF_MARGIN_INPUT,,,73.0
010660,화천기계,CURRENT_FINANCIAL_CORP_IDENTITY,READY,LIMITED,LIMITED,영업현금흐름:MISSING_OCF_MARGIN_INPUT;EV/EBITDA:EV_EBITDA_INPUT:EMPTY_AS_ZERO:NO_EXACT_CANDIDATE;수급·공시부담:SUPPLY_LIMITED_NO_POSITIVE_EVIDENCE,EV/EBITDA:EV_EBITDA_INPUT:EMPTY_AS_ZERO:NO_EXACT_CANDIDATE;수급·공시부담:SUPPLY_LIMITED_NO_POSITIVE_EVIDENCE,영업현금흐름:MISSING_OCF_MARGIN_INPUT,,,
011210,현대위아,CURRENT_FINANCIAL_CORP_IDENTITY,READY,LIMITED,LIMITED,영업현금흐름:MISSING_OCF_MARGIN_INPUT;EV/EBITDA:EV_EBITDA_INPUT:OK:NO_EXACT_CANDIDATE,EV/EBITDA:EV_EBITDA_INPUT:OK:NO_EXACT_CANDIDATE,영업현금흐름:MISSING_OCF_MARGIN_INPUT,,,
011280,태림포장,CURRENT_FINANCIAL_CORP_IDENTITY,READY,LIMITED,LIMITED,영업현금흐름:MISSING_OCF_MARGIN_INPUT;최근 분기 실적 가속·둔화:ANNUAL_OP_DENOM_NONPOSITIVE;수급·공시부담:SUPPLY_LIMITED_NO_POSITIVE_EVIDENCE,최근 분기 실적 가속·둔화:ANNUAL_OP_DENOM_NONPOSITIVE;수급·공시부담:SUPPLY_LIMITED_NO_POSITIVE_EVIDENCE,영업현금흐름:MISSING_OCF_MARGIN_INPUT,,,
012330,현대모비스,CURRENT_FINANCIAL_CORP_IDENTITY,READY,LIMITED,LIMITED,영업현금흐름:MISSING_OCF_MARGIN_INPUT;EV/EBITDA:EV_EBITDA_INPUT:OK:NO_EXACT_CANDIDATE;수급·공시부담:SUPPLY_LIMITED_NO_POSITIVE_EVIDENCE,EV/EBITDA:EV_EBITDA_INPUT:OK:NO_EXACT_CANDIDATE;수급·공시부담:SUPPLY_LIMITED_NO_POSITIVE_EVIDENCE,영업현금흐름:MISSING_OCF_MARGIN_INPUT,,,
014830,유니드,CURRENT_FINANCIAL_CORP_IDENTITY,READY,LIMITED,LIMITED,영업현금흐름:MISSING_OCF_MARGIN_INPUT;EV/EBITDA:EV_EBITDA_INPUT:OK:NO_EXACT_CANDIDATE,EV/EBITDA:EV_EBITDA_INPUT:OK:NO_EXACT_CANDIDATE,영업현금흐름:MISSING_OCF_MARGIN_INPUT,,,
015360,INVENI,CURRENT_FINANCIAL_CORP_IDENTITY,READY,LIMITED,LIMITED,영업현금흐름:MISSING_OCF_MARGIN_INPUT;EV/EBITDA:EV_EBITDA_INPUT:OK:NO_EXACT_CANDIDATE;과열·급락 위험:MISSING_RISK_INPUT,EV/EBITDA:EV_EBITDA_INPUT:OK:NO_EXACT_CANDIDATE;과열·급락 위험:MISSING_RISK_INPUT,영업현금흐름:MISSING_OCF_MARGIN_INPUT,,,
016800,퍼시스,CURRENT_FINANCIAL_CORP_IDENTITY,READY,LIMITED,LIMITED,영업현금흐름:MISSING_OCF_MARGIN_INPUT;EV/EBITDA:EV_EBITDA_INPUT:OK:NO_EXACT_CANDIDATE;수급·공시부담:SUPPLY_LIMITED_NO_POSITIVE_EVIDENCE,EV/EBITDA:EV_EBITDA_INPUT:OK:NO_EXACT_CANDIDATE;수급·공시부담:SUPPLY_LIMITED_NO_POSITIVE_EVIDENCE,영업현금흐름:MISSING_OCF_MARGIN_INPUT,,,
027740,마니커,CURRENT_FINANCIAL_CORP_IDENTITY,READY,LIMITED,LIMITED,영업현금흐름:MISSING_OCF_MARGIN_INPUT;EV/EBITDA:EV_EBITDA_INPUT:OK:NO_EXACT_CANDIDATE;최근 분기 실적 가속·둔화:ANNUAL_OP_DENOM_NONPOSITIVE;과열·급락 위험:MISSING_RISK_INPUT,EV/EBITDA:EV_EBITDA_INPUT:OK:NO_EXACT_CANDIDATE;최근 분기 실적 가속·둔화:ANNUAL_OP_DENOM_NONPOSITIVE;과열·급락 위험:MISSING_RISK_INPUT,영업현금흐름:MISSING_OCF_MARGIN_INPUT,,,
030000,제일기획,CURRENT_FINANCIAL_CORP_IDENTITY,READY,LIMITED,LIMITED,영업현금흐름:MISSING_OCF_MARGIN_INPUT;EV/EBITDA:EV_EBITDA_INPUT:EMPTY_AS_ZERO:NO_EXACT_CANDIDATE;수급·공시부담:SUPPLY_LIMITED_NO_POSITIVE_EVIDENCE,EV/EBITDA:EV_EBITDA_INPUT:EMPTY_AS_ZERO:NO_EXACT_CANDIDATE;수급·공시부담:SUPPLY_LIMITED_NO_POSITIVE_EVIDENCE,영업현금흐름:MISSING_OCF_MARGIN_INPUT,,,
030720,동원수산,CURRENT_FINANCIAL_CORP_IDENTITY,READY,LIMITED,LIMITED,영업현금흐름:MISSING_OCF_MARGIN_INPUT;기간 저가·고가 대비 현재위치:MISSING_POSITION;과열·급락 위험:MISSING_RISK_INPUT,기간 저가·고가 대비 현재위치:MISSING_POSITION;과열·급락 위험:MISSING_RISK_INPUT,영업현금흐름:MISSING_OCF_MARGIN_INPUT,,,
034230,파라다이스,CURRENT_FINANCIAL_CORP_IDENTITY,READY,LIMITED,LIMITED,영업현금흐름:MISSING_OCF_MARGIN_INPUT;EV/EBITDA:EV_EBITDA_INPUT:OK:NO_EXACT_CANDIDATE,EV/EBITDA:EV_EBITDA_INPUT:OK:NO_EXACT_CANDIDATE,영업현금흐름:MISSING_OCF_MARGIN_INPUT,,,
037270,YG PLUS,CURRENT_FINANCIAL_CORP_IDENTITY,READY,LIMITED,LIMITED,영업현금흐름:MISSING_OCF_MARGIN_INPUT;EV/EBITDA:EV_EBITDA_INPUT:EMPTY_AS_ZERO:NO_EXACT_CANDIDATE;최근 분기 실적 가속·둔화:ANNUAL_OP_DENOM_NONPOSITIVE;수급·공시부담:SUPPLY_LIMITED_NO_POSITIVE_EVIDENCE,EV/EBITDA:EV_EBITDA_INPUT:EMPTY_AS_ZERO:NO_EXACT_CANDIDATE;최근 분기 실적 가속·둔화:ANNUAL_OP_DENOM_NONPOSITIVE;수급·공시부담:SUPPLY_LIMITED_NO_POSITIVE_EVIDENCE,영업현금흐름:MISSING_OCF_MARGIN_INPUT,,,
039130,하나투어,CURRENT_FINANCIAL_CORP_IDENTITY,READY,LIMITED,LIMITED,영업현금흐름:MISSING_OCF_MARGIN_INPUT;EV/EBITDA:EV_EBITDA_INPUT:OK:NO_EXACT_CANDIDATE,EV/EBITDA:EV_EBITDA_INPUT:OK:NO_EXACT_CANDIDATE,영업현금흐름:MISSING_OCF_MARGIN_INPUT,,,
042700,한미반도체,V8131_FROZEN_READY,READY,LIMITED,READY,영업현금흐름:MISSING_OCF_MARGIN_INPUT,,영업현금흐름:MISSING_OCF_MARGIN_INPUT,,,63.5
047400,유니온머티리얼,CURRENT_FINANCIAL_CORP_IDENTITY,READY,LIMITED,LIMITED,영업현금흐름:MISSING_OCF_MARGIN_INPUT;최근 분기 실적 가속·둔화:ANNUAL_OP_DENOM_NONPOSITIVE,최근 분기 실적 가속·둔화:ANNUAL_OP_DENOM_NONPOSITIVE,영업현금흐름:MISSING_OCF_MARGIN_INPUT,,,
051910,LG화학,CURRENT_FINANCIAL_CORP_IDENTITY,READY,LIMITED,LIMITED,영업현금흐름:MISSING_OCF_MARGIN_INPUT;PER:MISSING_PER;EV/EBITDA:EV_EBITDA_INPUT:OK:NO_EXACT_CANDIDATE,PER:MISSING_PER;EV/EBITDA:EV_EBITDA_INPUT:OK:NO_EXACT_CANDIDATE,영업현금흐름:MISSING_OCF_MARGIN_INPUT,,,
073240,금호타이어,CURRENT_FINANCIAL_CORP_IDENTITY,READY,LIMITED,LIMITED,영업현금흐름:MISSING_OCF_MARGIN_INPUT;EV/EBITDA:EV_EBITDA_INPUT:OK:NO_EXACT_CANDIDATE,EV/EBITDA:EV_EBITDA_INPUT:OK:NO_EXACT_CANDIDATE,영업현금흐름:MISSING_OCF_MARGIN_INPUT,,,
079160,CJ CGV,CURRENT_FINANCIAL_CORP_IDENTITY,READY,LIMITED,LIMITED,영업현금흐름:MISSING_OCF_MARGIN_INPUT;EV/EBITDA:EV_EBITDA_INPUT:OK:NO_EXACT_CANDIDATE,EV/EBITDA:EV_EBITDA_INPUT:OK:NO_EXACT_CANDIDATE,영업현금흐름:MISSING_OCF_MARGIN_INPUT,,,
079550,LIG디펜스앤에어로스페이스,CURRENT_FINANCIAL_CORP_IDENTITY,READY,LIMITED,LIMITED,영업현금흐름:MISSING_OCF_MARGIN_INPUT;EV/EBITDA:EV_EBITDA_INPUT:OK:NO_EXACT_CANDIDATE,EV/EBITDA:EV_EBITDA_INPUT:OK:NO_EXACT_CANDIDATE,영업현금흐름:MISSING_OCF_MARGIN_INPUT,,,
082740,한화엔진,CURRENT_FINANCIAL_CORP_IDENTITY,READY,LIMITED,LIMITED,영업현금흐름:MISSING_OCF_MARGIN_INPUT;EV/EBITDA:EV_EBITDA_INPUT:OK:NO_EXACT_CANDIDATE,EV/EBITDA:EV_EBITDA_INPUT:OK:NO_EXACT_CANDIDATE,영업현금흐름:MISSING_OCF_MARGIN_INPUT,,,
089590,제주항공,CURRENT_FINANCIAL_CORP_IDENTITY,READY,LIMITED,LIMITED,영업현금흐름:MISSING_OCF_MARGIN_INPUT;EV/EBITDA:EV_EBITDA_INPUT:OK:NO_EXACT_CANDIDATE,EV/EBITDA:EV_EBITDA_INPUT:OK:NO_EXACT_CANDIDATE,영업현금흐름:MISSING_OCF_MARGIN_INPUT,,,
090370,메타랩스,CURRENT_FINANCIAL_CORP_IDENTITY,READY,LIMITED,LIMITED,영업현금흐름:MISSING_OCF_MARGIN_INPUT;EV/EBITDA:EV_EBITDA_INPUT:OK:NO_EXACT_CANDIDATE,EV/EBITDA:EV_EBITDA_INPUT:OK:NO_EXACT_CANDIDATE,영업현금흐름:MISSING_OCF_MARGIN_INPUT,,,
090435,아모레퍼시픽우,PREFERRED_INHERIT_EXACT_COMMON,READY,LIMITED,LIMITED,매출 성장과 안정성:MISSING_REVENUE_GROWTH_INPUT;영업이익 성장과 흑자 여부:MISSING_OP_PROFIT;순이익 흐름:MISSING_EARNINGS_TREND;영업이익률:MISSING_MARGIN;ROE:MISSING_ROE;부채비율:MISSING_DEBT_RATIO;영업현금흐름:MISSING_OCF_MARGIN_INPUT;PER:MISSING_PER;PBR:MISSING_PBR_OR_ROE;EV/EBITDA:EV_EBITDA_INPUT:OK:NO_EXACT_CANDIDATE;PSR 또는 대체 가치지표:MISSING_PSR_INPUT;흑자 지속성과 이익 안정성:MISSING_EARNINGS_TREND;순현금·기업가치 상태:NETCASH_INPUT:OK;수급·공시부담:SUPPLY_LIMITED_NO_POSITIVE_EVIDENCE,매출 성장과 안정성:MISSING_REVENUE_GROWTH_INPUT;영업이익 성장과 흑자 여부:MISSING_OP_PROFIT;순이익 흐름:MISSING_EARNINGS_TREND;영업이익률:MISSING_MARGIN;ROE:MISSING_ROE;부채비율:MISSING_DEBT_RATIO;PER:MISSING_PER;PBR:MISSING_PBR_OR_ROE;EV/EBITDA:EV_EBITDA_INPUT:OK:NO_EXACT_CANDIDATE;PSR 또는 대체 가치지표:MISSING_PSR_INPUT;흑자 지속성과 이익 안정성:MISSING_EARNINGS_TREND;순현금·기업가치 상태:NETCASH_INPUT:OK;수급·공시부담:SUPPLY_LIMITED_NO_POSITIVE_EVIDENCE,영업현금흐름:MISSING_OCF_MARGIN_INPUT,,,
092440,기신정기,CURRENT_FINANCIAL_CORP_IDENTITY,READY,LIMITED,LIMITED,영업현금흐름:MISSING_OCF_MARGIN_INPUT;EV/EBITDA:EV_EBITDA_INPUT:EMPTY_AS_ZERO:NO_EXACT_CANDIDATE;최근 분기 실적 가속·둔화:MISSING_ACCEL_INPUT;수급·공시부담:SUPPLY_LIMITED_NO_POSITIVE_EVIDENCE,EV/EBITDA:EV_EBITDA_INPUT:EMPTY_AS_ZERO:NO_EXACT_CANDIDATE;최근 분기 실적 가속·둔화:MISSING_ACCEL_INPUT;수급·공시부담:SUPPLY_LIMITED_NO_POSITIVE_EVIDENCE,영업현금흐름:MISSING_OCF_MARGIN_INPUT,,,
095570,AJ네트웍스,CURRENT_FINANCIAL_CORP_IDENTITY,READY,LIMITED,LIMITED,영업현금흐름:MISSING_OCF_MARGIN_INPUT;EV/EBITDA:EV_EBITDA_INPUT:OK:NO_EXACT_CANDIDATE,EV/EBITDA:EV_EBITDA_INPUT:OK:NO_EXACT_CANDIDATE,영업현금흐름:MISSING_OCF_MARGIN_INPUT,,,
096770,SK이노베이션,CURRENT_FINANCIAL_CORP_IDENTITY,READY,LIMITED,LIMITED,영업현금흐름:MISSING_OCF_MARGIN_INPUT;EV/EBITDA:EV_EBITDA_INPUT:OK:NO_EXACT_CANDIDATE;수급·공시부담:SUPPLY_LIMITED_NO_POSITIVE_EVIDENCE,EV/EBITDA:EV_EBITDA_INPUT:OK:NO_EXACT_CANDIDATE;수급·공시부담:SUPPLY_LIMITED_NO_POSITIVE_EVIDENCE,영업현금흐름:MISSING_OCF_MARGIN_INPUT,,,
105630,한세실업,CURRENT_FINANCIAL_CORP_IDENTITY,READY,LIMITED,LIMITED,영업현금흐름:MISSING_OCF_MARGIN_INPUT;EV/EBITDA:EV_EBITDA_INPUT:OK:NO_EXACT_CANDIDATE,EV/EBITDA:EV_EBITDA_INPUT:OK:NO_EXACT_CANDIDATE,영업현금흐름:MISSING_OCF_MARGIN_INPUT,,,
112610,씨에스윈드,CURRENT_FINANCIAL_CORP_IDENTITY,READY,LIMITED,LIMITED,영업현금흐름:MISSING_OCF_MARGIN_INPUT;EV/EBITDA:EV_EBITDA_INPUT:OK:NO_EXACT_CANDIDATE,EV/EBITDA:EV_EBITDA_INPUT:OK:NO_EXACT_CANDIDATE,영업현금흐름:MISSING_OCF_MARGIN_INPUT,,,
114090,GKL,CURRENT_FINANCIAL_CORP_IDENTITY,READY,LIMITED,LIMITED,영업현금흐름:MISSING_OCF_MARGIN_INPUT;수급·공시부담:SUPPLY_LIMITED_NO_POSITIVE_EVIDENCE,수급·공시부담:SUPPLY_LIMITED_NO_POSITIVE_EVIDENCE,영업현금흐름:MISSING_OCF_MARGIN_INPUT,,,
123690,한국화장품,CURRENT_FINANCIAL_CORP_IDENTITY,READY,LIMITED,LIMITED,영업현금흐름:MISSING_OCF_MARGIN_INPUT;EV/EBITDA:EV_EBITDA_INPUT:OK:NO_EXACT_CANDIDATE;수급·공시부담:SUPPLY_LIMITED_NO_POSITIVE_EVIDENCE,EV/EBITDA:EV_EBITDA_INPUT:OK:NO_EXACT_CANDIDATE;수급·공시부담:SUPPLY_LIMITED_NO_POSITIVE_EVIDENCE,영업현금흐름:MISSING_OCF_MARGIN_INPUT,,,
128820,대성산업,CURRENT_FINANCIAL_CORP_IDENTITY,READY,LIMITED,LIMITED,영업현금흐름:MISSING_OCF_MARGIN_INPUT;EV/EBITDA:EV_EBITDA_INPUT:OK:NO_EXACT_CANDIDATE,EV/EBITDA:EV_EBITDA_INPUT:OK:NO_EXACT_CANDIDATE,영업현금흐름:MISSING_OCF_MARGIN_INPUT,,,
185750,종근당,CURRENT_FINANCIAL_CORP_IDENTITY,READY,LIMITED,LIMITED,영업현금흐름:MISSING_OCF_MARGIN_INPUT;EV/EBITDA:EV_EBITDA_INPUT:OK:NO_EXACT_CANDIDATE,EV/EBITDA:EV_EBITDA_INPUT:OK:NO_EXACT_CANDIDATE,영업현금흐름:MISSING_OCF_MARGIN_INPUT,,,
227840,현대코퍼레이션홀딩스,CURRENT_FINANCIAL_CORP_IDENTITY,READY,LIMITED,LIMITED,영업현금흐름:MISSING_OCF_MARGIN_INPUT;EV/EBITDA:EV_EBITDA_INPUT:OK:NO_EXACT_CANDIDATE,EV/EBITDA:EV_EBITDA_INPUT:OK:NO_EXACT_CANDIDATE,영업현금흐름:MISSING_OCF_MARGIN_INPUT,,,
280360,롯데웰푸드,CURRENT_FINANCIAL_CORP_IDENTITY,READY,LIMITED,LIMITED,영업현금흐름:MISSING_OCF_MARGIN_INPUT;EV/EBITDA:EV_EBITDA_INPUT:OK:NO_EXACT_CANDIDATE;수급·공시부담:SUPPLY_LIMITED_NO_POSITIVE_EVIDENCE,EV/EBITDA:EV_EBITDA_INPUT:OK:NO_EXACT_CANDIDATE;수급·공시부담:SUPPLY_LIMITED_NO_POSITIVE_EVIDENCE,영업현금흐름:MISSING_OCF_MARGIN_INPUT,,,
317400,자이에스앤디,CURRENT_FINANCIAL_CORP_IDENTITY,READY,LIMITED,LIMITED,영업현금흐름:MISSING_OCF_MARGIN_INPUT;EV/EBITDA:EV_EBITDA_INPUT:EMPTY_AS_ZERO:NO_EXACT_CANDIDATE;수급·공시부담:SUPPLY_LIMITED_NO_POSITIVE_EVIDENCE,EV/EBITDA:EV_EBITDA_INPUT:EMPTY_AS_ZERO:NO_EXACT_CANDIDATE;수급·공시부담:SUPPLY_LIMITED_NO_POSITIVE_EVIDENCE,영업현금흐름:MISSING_OCF_MARGIN_INPUT,,,
334890,이지스밸류플러스리츠,CURRENT_FINANCIAL_CORP_IDENTITY,READY,LIMITED,LIMITED,영업현금흐름:MISSING_OCF_MARGIN_INPUT;EV/EBITDA:EV_EBITDA_INPUT:OK:NO_EXACT_CANDIDATE;최근 분기 실적 가속·둔화:MISSING_ACCEL_INPUT,EV/EBITDA:EV_EBITDA_INPUT:OK:NO_EXACT_CANDIDATE;최근 분기 실적 가속·둔화:MISSING_ACCEL_INPUT,영업현금흐름:MISSING_OCF_MARGIN_INPUT,,,
365550,ESR켄달스퀘어리츠,CURRENT_FINANCIAL_CORP_IDENTITY,READY,LIMITED,LIMITED,영업현금흐름:MISSING_OCF_MARGIN_INPUT;최근 분기 실적 가속·둔화:MISSING_ACCEL_INPUT,최근 분기 실적 가속·둔화:MISSING_ACCEL_INPUT,영업현금흐름:MISSING_OCF_MARGIN_INPUT,,,
395400,SK리츠,CURRENT_FINANCIAL_CORP_IDENTITY,READY,LIMITED,LIMITED,영업현금흐름:MISSING_OCF_MARGIN_INPUT;EV/EBITDA:EV_EBITDA_INPUT:OK:NO_EXACT_CANDIDATE;최근 분기 실적 가속·둔화:MISSING_ACCEL_INPUT,EV/EBITDA:EV_EBITDA_INPUT:OK:NO_EXACT_CANDIDATE;최근 분기 실적 가속·둔화:MISSING_ACCEL_INPUT,영업현금흐름:MISSING_OCF_MARGIN_INPUT,,,
462520,조선내화,CURRENT_FINANCIAL_CORP_IDENTITY,READY,LIMITED,LIMITED,영업현금흐름:MISSING_OCF_MARGIN_INPUT;EV/EBITDA:EV_EBITDA_INPUT:EMPTY_AS_ZERO:NO_EXACT_CANDIDATE;수급·공시부담:SUPPLY_LIMITED_NO_POSITIVE_EVIDENCE,EV/EBITDA:EV_EBITDA_INPUT:EMPTY_AS_ZERO:NO_EXACT_CANDIDATE;수급·공시부담:SUPPLY_LIMITED_NO_POSITIVE_EVIDENCE,영업현금흐름:MISSING_OCF_MARGIN_INPUT,,,
465770,STX그린로지스,CURRENT_FINANCIAL_CORP_IDENTITY,READY,LIMITED,LIMITED,영업현금흐름:MISSING_OCF_MARGIN_INPUT;EV/EBITDA:EV_EBITDA_INPUT:OK:NO_EXACT_CANDIDATE;기간 저가·고가 대비 현재위치:MISSING_POSITION;과열·급락 위험:MISSING_RISK_INPUT;수급·공시부담:SUPPLY_LIMITED_NO_POSITIVE_EVIDENCE,EV/EBITDA:EV_EBITDA_INPUT:OK:NO_EXACT_CANDIDATE;기간 저가·고가 대비 현재위치:MISSING_POSITION;과열·급락 위험:MISSING_RISK_INPUT;수급·공시부담:SUPPLY_LIMITED_NO_POSITIVE_EVIDENCE,영업현금흐름:MISSING_OCF_MARGIN_INPUT,,,
