ticker,name,basis_date,window_start_date,window_end_date,close_observation_count,daily_return_observation_count,avg_daily_move_abs,avg_daily_move_pct,source_status
000020,동화약품,2026-09-18,2026-08-21,2026-09-18,21,20,35.5,0.6888,READY
000080,하이트진로,2026-09-18,2026-08-21,2026-09-18,21,20,134.5,0.8761,READY
000100,유한양행,2026-09-23,2026-08-26,2026-09-23,21,20,,1.2776,READY
000105,유한양행우,2026-09-18,2026-08-21,2026-09-18,21,20,620.0,0.8899,READY
000150,두산,2026-09-18,2026-08-21,2026-09-18,21,20,45150.0,3.6675,READY
000220,유유제약,2026-09-23,2026-08-26,2026-09-23,21,20,,1.2126,READY
000225,유유제약1우,2026-09-23,2026-08-26,2026-09-23,21,20,,0.8284,READY
000320,노루홀딩스,2026-09-18,2026-08-21,2026-09-18,21,20,188.0,1.109,READY
000480,CR홀딩스,2026-09-18,2026-08-21,2026-09-18,21,20,27.25,0.609,READY
000490,대동,2026-09-18,2026-08-21,2026-09-18,21,20,126.5,1.5761,READY
000540,흥국화재,2026-09-23,2026-08-26,2026-09-23,21,20,,2.1843,READY
000545,흥국화재우,2026-09-23,2026-08-26,2026-09-23,21,20,,1.9213,READY
000660,SK하이닉스,2026-09-18,2026-08-21,2026-09-18,21,20,47650.0,2.7753,READY
000680,LS네트웍스,2026-09-23,2026-08-26,2026-09-23,21,20,,1.3860,READY
000720,현대건설,2026-09-18,2026-08-21,2026-09-18,21,20,4090.0,3.4024,READY
000760,이화산업,2026-09-18,2026-08-21,2026-09-18,21,20,206.5,1.4941,READY
000810,삼성화재,2026-09-18,2026-08-21,2026-09-18,21,20,16450.0,2.4728,READY
000850,화천기공,2026-09-23,2026-08-26,2026-09-23,21,20,,1.4531,READY
000860,강남제비스코,2026-09-18,2026-08-21,2026-09-18,21,20,122.0,0.9805,READY
001130,대한제분,2026-09-18,2026-08-21,2026-09-18,21,20,91.5,0.7941,READY
001270,부국증권,2026-09-18,2026-08-21,2026-09-18,21,20,595.0,1.118,READY
001390,KG케미칼,2026-09-23,2026-08-26,2026-09-23,21,20,,0.9259,READY
001440,대한전선,2026-09-18,2026-08-21,2026-09-18,21,20,845.0,2.9646,READY
001630,종근당홀딩스,2026-09-18,2026-08-21,2026-09-18,21,20,150.0,0.3859,READY
001680,대상,2026-09-18,2026-08-21,2026-09-18,21,20,297.0,1.6318,READY
001755,한양증권우,2026-09-18,2026-08-21,2026-09-18,21,20,131.5,0.672,READY
001770,SHD,2026-09-18,2026-08-21,2026-09-18,21,20,1251.5,12.0231,READY
001790,대한제당,2026-09-18,2026-08-21,2026-09-18,21,20,27.25,0.9525,READY
001800,오리온홀딩스,2026-09-18,2026-08-21,2026-09-18,21,20,280.0,1.0983,READY
002070,비비안,2026-09-23,2026-08-26,2026-09-23,21,20,,3.7639,READY
002140,고려산업,2026-09-23,2026-08-26,2026-09-23,21,20,,1.2599,READY
002200,한국수출포장,2026-09-18,2026-08-21,2026-09-18,21,20,24.0,0.8902,READY
002350,넥센타이어,2026-09-18,2026-08-21,2026-09-18,21,20,89.0,1.4616,READY
002450,삼익악기,2026-09-23,2026-08-26,2026-09-23,21,20,,0.7699,READY
002700,신일전자,2026-09-18,2026-08-21,2026-09-18,21,20,8.15,0.8245,READY
002710,TCC스틸,2026-09-18,2026-08-21,2026-09-18,21,20,373.0,3.3335,READY
002780,진흥기업,2026-09-23,2026-08-26,2026-09-23,21,20,,44.5291,READY
002787,진흥기업2우B,2026-09-23,2026-08-26,2026-09-23,21,20,,48.8760,READY
002995,금호건설우,2026-09-18,2026-08-21,2026-09-18,21,20,433.0,2.1154,READY
003220,대원제약,2026-09-18,2026-08-21,2026-09-18,21,20,58.0,0.7322,READY
003230,삼양식품,2026-09-18,2026-08-21,2026-09-18,21,20,32600.0,2.3314,READY
003470,유안타증권,2026-09-18,2026-08-21,2026-09-18,21,20,53.0,1.1308,READY
003490,대한항공,2026-09-18,2026-08-21,2026-09-18,21,20,465.0,1.6422,READY
003540,대신증권,2026-09-18,2026-08-21,2026-09-18,21,20,270.0,1.0096,READY
003550,LG,2026-09-18,2026-08-21,2026-09-18,21,20,1970.0,1.6912,READY
003570,SNT다이내믹스,2026-09-23,2026-08-26,2026-09-23,21,20,,2.0530,READY
003620,KG모빌리티,2026-09-18,2026-08-21,2026-09-18,21,20,31.5,1.1808,READY
003830,대한화섬,2026-09-23,2026-08-26,2026-09-23,21,20,,0.5585,READY
004000,롯데정밀화학,2026-09-18,2026-08-21,2026-09-18,21,20,582.5,1.2641,READY
004090,한국석유,2026-09-18,2026-08-21,2026-09-18,21,20,178.5,1.5317,READY
004310,현대약품,2026-09-23,2026-08-26,2026-09-23,21,20,,5.6938,READY
004370,농심,2026-09-18,2026-08-21,2026-09-18,21,20,8150.0,1.8783,READY
004490,세방전지,2026-09-18,2026-08-21,2026-09-18,21,20,1365.0,2.213,READY
004560,현대비앤지스틸,2026-09-23,2026-08-26,2026-09-23,21,20,,1.0207,READY
004990,롯데지주,2026-09-21,2026-08-24,2026-09-21,21,20,,1.3594,READY
005300,롯데칠성,2026-09-18,2026-08-21,2026-09-18,21,20,710.0,0.7275,READY
005440,현대지에프홀딩스,2026-09-18,2026-08-21,2026-09-18,21,20,258.0,2.0656,READY
005490,POSCO홀딩스,2026-09-18,2026-08-21,2026-09-18,21,20,5900.0,1.7915,READY
005850,에스엘,2026-09-23,2026-08-26,2026-09-23,21,20,,1.2704,READY
005930,삼성전자,2026-09-18,2026-08-21,2026-09-18,21,20,5675.0,2.1565,READY
005950,이수화학,2026-09-23,2026-08-26,2026-09-23,21,20,,2.2846,READY
006040,동원산업,2026-09-22,2026-08-25,2026-09-22,21,20,,0.9959,READY
006110,삼아알미늄,2026-09-23,2026-08-26,2026-09-23,21,20,,3.0423,READY
006125,SK디스커버리우,2026-09-18,2026-08-21,2026-09-18,21,20,287.5,0.7051,READY
006200,한국전자홀딩스,2026-09-23,2026-08-26,2026-09-23,21,20,,1.4338,READY
006220,제주은행,2026-09-23,2026-08-26,2026-09-23,21,20,,1.1486,READY
006260,LS,2026-09-21,2026-08-24,2026-09-21,21,20,,2.70,READY
006340,대원전선,2026-09-23,2026-08-26,2026-09-23,21,20,,2.4272,READY
006370,대구백화점,2026-09-18,2026-08-21,2026-09-18,21,20,154.0,4.0101,READY
006400,삼성SDI,2026-09-18,2026-08-21,2026-09-18,21,20,14150.0,2.6616,READY
006490,프리티,2026-09-23,2026-08-26,2026-09-23,21,20,,10.8010,READY
006840,AK홀딩스,2026-09-18,2026-08-21,2026-09-18,21,20,117.5,1.5535,READY
006880,신송홀딩스,2026-09-18,2026-08-21,2026-09-18,21,20,71.5,1.6089,READY
007070,GS리테일,2026-09-18,2026-08-21,2026-09-18,21,20,492.5,1.9036,READY
007120,미래아이앤지,2026-09-18,2026-08-21,2026-09-18,21,20,22.1,1.9537,READY
007310,오뚜기,2026-09-18,2026-08-21,2026-09-18,21,20,3850.0,1.1678,READY
007540,샘표,2026-09-18,2026-08-21,2026-09-18,21,20,1435.0,3.051,READY
007610,선도전기,2026-09-23,2026-08-26,2026-09-23,21,20,,3.5057,READY
007690,국도화학,2026-09-18,2026-08-21,2026-09-18,21,20,807.5,2.0945,READY
007700,F&F홀딩스,2026-09-23,2026-08-26,2026-09-23,21,20,,0.9898,READY
008250,이건산업,2026-09-23,2026-08-26,2026-09-23,21,20,,1.7010,READY
008930,한미사이언스,2026-09-18,2026-08-21,2026-09-18,21,20,2727.5,5.4868,READY
009770,삼정펄프,2026-09-18,2026-08-21,2026-09-18,21,20,265.0,0.9392,READY
010120,LS ELECTRIC,2026-09-23,2026-08-26,2026-09-23,21,20,,3.0315,READY
010130,고려아연,2026-09-18,2026-08-21,2026-09-18,21,20,27450.0,2.1368,READY
010660,화천기계,2026-09-18,2026-08-21,2026-09-18,21,20,51.75,1.7568,READY
011150,CJ씨푸드,2026-09-23,2026-08-26,2026-09-23,21,20,,0.8418,READY
011155,CJ씨푸드1우,2026-09-18,2026-08-21,2026-09-18,21,20,193.5,2.9602,READY
011210,현대위아,2026-09-18,2026-08-21,2026-09-18,21,20,895.0,1.534,READY
011280,태림포장,2026-09-18,2026-08-21,2026-09-18,21,20,19.6,1.1866,READY
011300,우성머티리얼스,2026-09-18,2026-08-21,2026-09-18,21,20,104.75,3.887,READY
011760,현대코퍼레이션,2026-09-23,2026-08-26,2026-09-23,21,20,,1.1644,READY
012330,현대모비스,2026-09-18,2026-08-21,2026-09-18,21,20,8450.0,1.9133,READY
012450,한화에어로스페이스,2026-09-18,2026-08-21,2026-09-18,21,20,27550.0,2.5326,READY
012630,HDC,2026-09-22,2026-08-25,2026-09-22,21,20,,2.5720,READY
012690,모나리자,2026-09-23,2026-08-26,2026-09-23,21,20,,0.9761,READY
013580,계룡건설,2026-09-23,2026-08-26,2026-09-23,21,20,,1.1593,READY
013870,지엠비코리아,2026-09-23,2026-08-26,2026-09-23,21,20,,0.6545,READY
014530,극동유화,2026-09-23,2026-08-26,2026-09-23,21,20,,0.7828,READY
014710,사조씨푸드,2026-09-23,2026-08-26,2026-09-23,21,20,,1.4001,READY
014820,동원시스템즈,2026-09-23,2026-08-26,2026-09-23,21,20,,1.6974,READY
014830,유니드,2026-09-18,2026-08-21,2026-09-18,21,20,885.0,1.3898,READY
015360,INVENI,2026-09-18,2026-08-21,2026-09-18,21,20,121.0,0.8455,READY
016800,퍼시스,2026-09-18,2026-08-21,2026-09-18,21,20,255.0,0.936,READY
017940,E1,2026-09-23,2026-08-26,2026-09-23,21,20,,0.8898,READY
018260,삼성에스디에스,2026-09-18,2026-08-21,2026-09-18,21,20,4975.0,2.1402,READY
021240,코웨이,2026-09-18,2026-08-21,2026-09-18,21,20,2100.0,2.1039,READY
022100,포스코DX,2026-09-18,2026-08-21,2026-09-18,21,20,364.5,1.7241,READY
024110,기업은행,2026-09-18,2026-08-21,2026-09-18,21,20,192.5,0.9314,READY
026890,스틱인베스트먼트,2026-09-18,2026-08-21,2026-09-18,21,20,86.5,1.0476,READY
027740,마니커,2026-09-18,2026-08-21,2026-09-18,21,20,39.15,2.7542,READY
028050,삼성E&A,2026-09-18,2026-08-21,2026-09-18,21,20,1122.5,2.3804,READY
029780,삼성카드,2026-09-18,2026-08-21,2026-09-18,21,20,460.0,0.9997,READY
030000,제일기획,2026-09-18,2026-08-21,2026-09-18,21,20,170.0,0.9024,READY
030190,NICE평가정보,2026-09-18,2026-08-21,2026-09-18,21,20,189.5,1.2065,READY
030210,다올투자증권,2026-09-18,2026-08-21,2026-09-18,21,20,48.75,1.25,READY
030720,동원수산,2026-09-18,2026-08-21,2026-09-18,21,20,111.5,2.0271,READY
031210,서울보증보험,2026-09-18,2026-08-21,2026-09-18,21,20,550.0,1.2705,READY
031820,아이티센씨티에스,2026-09-18,2026-08-21,2026-09-18,21,20,74.0,1.2489,READY
034020,두산에너빌리티,2026-09-18,2026-08-21,2026-09-18,21,20,2700.0,3.2884,READY
034230,파라다이스,2026-09-18,2026-08-21,2026-09-18,21,20,140.0,1.4245,READY
034730,SK,2026-09-23,2026-08-26,2026-09-23,21,20,,2.9064,READY
034830,한국토지신탁,2026-09-18,2026-08-21,2026-09-18,21,20,12.05,1.0339,READY
035420,NAVER,2026-09-18,2026-08-21,2026-09-18,21,20,3015.0,1.4173,READY
037270,YG PLUS,2026-09-18,2026-08-21,2026-09-18,21,20,36.0,1.1333,READY
039130,하나투어,2026-09-18,2026-08-21,2026-09-18,21,20,627.5,1.918,READY
039490,키움증권,2026-09-18,2026-08-21,2026-09-18,21,20,2875.0,1.0493,READY
042660,한화오션,2026-09-23,2026-08-26,2026-09-23,21,20,,1.8939,READY
042700,한미반도체,2026-09-18,2026-08-21,2026-09-18,21,20,5925.0,2.6105,READY
047050,포스코인터내셔널,2026-09-18,2026-08-21,2026-09-18,21,20,1215.0,2.2394,READY
047400,유니온머티리얼,2026-09-18,2026-08-21,2026-09-18,21,20,17.85,1.9167,READY
047810,한국항공우주,2026-09-18,2026-08-21,2026-09-18,21,20,2760.0,2.1268,READY
051900,LG생활건강,2026-09-18,2026-08-21,2026-09-18,21,20,4975.0,1.6452,READY
051910,LG화학,2026-09-18,2026-08-21,2026-09-18,21,20,6875.0,2.5397,READY
053690,한미글로벌,2026-09-18,2026-08-21,2026-09-18,21,20,864.0,4.1755,READY
055550,신한지주,2026-09-18,2026-08-21,2026-09-18,21,20,1870.0,1.6904,READY
064400,LG씨엔에스,2026-09-23,2026-08-26,2026-09-23,21,20,,1.8267,READY
066570,LG전자,2026-09-18,2026-08-21,2026-09-18,21,20,4285.0,2.0969,READY
067830,세이브존I&C,2026-09-23,2026-08-26,2026-09-23,21,20,,0.7788,READY
071050,한국금융지주,2026-09-18,2026-08-21,2026-09-18,21,20,1870.0,0.9938,READY
071840,롯데하이마트,2026-09-18,2026-08-21,2026-09-18,21,20,46.0,0.7295,READY
071950,코아스,2026-09-23,2026-08-26,2026-09-23,21,20,,3.2475,READY
072130,유엔젤,2026-09-18,2026-08-21,2026-09-18,21,20,67.75,1.366,READY
073240,금호타이어,2026-09-18,2026-08-21,2026-09-18,21,20,138.0,1.8999,READY
075580,세진중공업,2026-09-23,2026-08-26,2026-09-23,21,20,,1.4396,READY
077970,STX엔진,2026-09-23,2026-08-26,2026-09-23,21,20,,2.6492,READY
078930,GS,2026-09-22,2026-08-25,2026-09-22,21,20,,2.2485,READY
078935,GS우,2026-09-23,2026-08-26,2026-09-23,21,20,,1.0952,READY
079160,CJ CGV,2026-09-18,2026-08-21,2026-09-18,21,20,101.0,1.8772,READY
079550,LIG디펜스앤에어로스페이스,2026-09-18,2026-08-21,2026-09-18,21,20,17650.0,2.5449,READY
082740,한화엔진,2026-09-18,2026-08-21,2026-09-18,21,20,1320.0,2.7695,READY
084010,대한제강,2026-09-23,2026-08-26,2026-09-23,21,20,,1.4339,READY
084690,대상홀딩스,2026-09-18,2026-08-21,2026-09-18,21,20,98.5,1.2475,READY
085310,엔케이,2026-09-18,2026-08-21,2026-09-18,21,20,77.0,0.8223,READY
086280,현대글로비스,2026-09-18,2026-08-21,2026-09-18,21,20,4590.0,2.2443,READY
086790,하나금융지주,2026-09-23,2026-08-26,2026-09-23,21,20,,1.7540,READY
088260,이리츠코크렙,2026-09-23,2026-08-26,2026-09-23,21,20,,0.7411,READY
088350,한화생명,2026-09-23,2026-08-26,2026-09-23,21,20,,2.6882,READY
089590,제주항공,2026-09-18,2026-08-21,2026-09-18,21,20,118.75,2.5907,READY
090350,노루페인트,2026-09-18,2026-08-21,2026-09-18,21,20,57.0,0.7075,READY
090370,메타랩스,2026-09-18,2026-08-21,2026-09-18,21,20,19.8,1.6968,READY
090435,아모레퍼시픽우,2026-09-18,2026-08-21,2026-09-18,21,20,725.0,1.6068,READY
091810,트리니티항공,2026-09-18,2026-08-21,2026-09-18,21,20,140.7,19.7064,READY
092440,기신정기,2026-09-18,2026-08-21,2026-09-18,21,20,15.45,0.782,READY
095570,AJ네트웍스,2026-09-18,2026-08-21,2026-09-18,21,20,32.0,0.7414,READY
096770,SK이노베이션,2026-09-18,2026-08-21,2026-09-18,21,20,5470.0,4.1581,READY
097230,HJ중공업,2026-09-23,2026-08-26,2026-09-23,21,20,,1.4229,READY
097950,CJ제일제당,2026-09-18,2026-08-21,2026-09-18,21,20,2020.0,1.0954,READY
097955,CJ제일제당 우,2026-09-18,2026-08-21,2026-09-18,21,20,1180.0,0.9802,READY
101140,인바이오젠,2026-09-18,2026-08-21,2026-09-18,21,20,80.5,1.5046,READY
105560,KB금융,2026-09-18,2026-08-21,2026-09-18,21,20,3060.0,1.7656,READY
105630,한세실업,2026-09-18,2026-08-21,2026-09-18,21,20,82.5,0.9163,READY
107590,미원홀딩스,2026-09-18,2026-08-21,2026-09-18,21,20,725.0,1.1729,READY
108675,LX하우시스우,2026-09-18,2026-08-21,2026-09-18,21,20,89.0,0.4737,READY
112610,씨에스윈드,2026-09-18,2026-08-21,2026-09-18,21,20,932.5,1.918,READY
114090,GKL,2026-09-18,2026-08-21,2026-09-18,21,20,92.5,0.9907,READY
117580,대성에너지,2026-09-18,2026-08-21,2026-09-18,21,20,78.5,1.1077,READY
120110,코오롱인더,2026-09-23,2026-08-26,2026-09-23,21,20,,2.8236,READY
123690,한국화장품,2026-09-18,2026-08-21,2026-09-18,21,20,116.5,1.8001,READY
128820,대성산업,2026-09-18,2026-08-21,2026-09-18,21,20,50.25,1.2107,READY
129260,인터지스,2026-09-18,2026-08-21,2026-09-18,21,20,14.5,0.7516,READY
145990,삼양사,2026-09-23,2026-08-26,2026-09-23,21,20,,1.0345,READY
185750,종근당,2026-09-18,2026-08-21,2026-09-18,21,20,825.0,1.2198,READY
204320,HL만도,2026-09-18,2026-08-21,2026-09-18,21,20,810.0,1.6234,READY
210540,디와이파워,2026-09-23,2026-08-26,2026-09-23,21,20,,0.6626,READY
214320,이노션,2026-09-18,2026-08-21,2026-09-18,21,20,109.0,0.5829,READY
227840,현대코퍼레이션홀딩스,2026-09-18,2026-08-21,2026-09-18,21,20,88.0,0.6734,READY
244920,에이플러스에셋,2026-09-18,2026-08-21,2026-09-18,21,20,250.5,1.869,READY
248170,샘표식품,2026-09-23,2026-08-26,2026-09-23,21,20,,3.5124,READY
249420,일동제약,2026-09-23,2026-08-26,2026-09-23,21,20,,2.6683,READY
267250,HD현대,2026-09-21,2026-08-24,2026-09-21,21,20,,2.91,READY
267270,HD건설기계,2026-09-18,2026-08-21,2026-09-18,21,20,4245.0,3.2432,READY
268280,미원에스씨,2026-09-18,2026-08-21,2026-09-18,21,20,1790.0,1.3458,READY
271560,오리온,2026-09-23,2026-08-26,2026-09-23,21,20,,1.4739,READY
272210,한화시스템,2026-09-23,2026-08-26,2026-09-23,21,20,,3.6878,READY
272550,삼양패키징,2026-09-18,2026-08-21,2026-09-18,21,20,49.0,0.495,READY
278470,에이피알,2026-09-18,2026-08-21,2026-09-18,21,20,12100.0,2.9879,READY
279570,케이뱅크,2026-09-18,2026-08-21,2026-09-18,21,20,58.5,1.0379,READY
280360,롯데웰푸드,2026-09-18,2026-08-21,2026-09-18,21,20,3355.0,2.4215,READY
285130,SK케미칼,2026-09-18,2026-08-21,2026-09-18,21,20,1160.0,2.2151,READY
298040,효성중공업,2026-09-23,2026-08-26,2026-09-23,21,20,,3.0418,READY
317400,자이에스앤디,2026-09-18,2026-08-21,2026-09-18,21,20,446.0,4.1914,READY
323410,카카오뱅크,2026-09-18,2026-08-21,2026-09-18,21,20,167.5,0.7792,READY
326030,SK바이오팜,2026-09-23,2026-08-26,2026-09-23,21,20,,1.3644,READY
334890,이지스밸류플러스리츠,2026-09-18,2026-08-21,2026-09-18,21,20,56.5,1.4794,READY
357430,마스턴프리미어리츠,2026-09-18,2026-08-21,2026-09-18,21,20,10.35,1.1082,READY
363280,티와이홀딩스,2026-09-23,2026-08-26,2026-09-23,21,20,,0.8384,READY
365550,ESR켄달스퀘어리츠,2026-09-18,2026-08-21,2026-09-18,21,20,35.0,1.127,READY
373220,LG에너지솔루션,2026-09-18,2026-08-21,2026-09-18,21,20,9725.0,2.7217,READY
395400,SK리츠,2026-09-18,2026-08-21,2026-09-18,21,20,74.0,1.3683,READY
400760,NH올원리츠,2026-09-23,2026-08-26,2026-09-23,21,20,,0.5927,READY
439260,대한조선,2026-09-23,2026-08-26,2026-09-23,21,20,,1.6493,READY
450080,에코프로머티,2026-09-18,2026-08-21,2026-09-18,21,20,1012.5,2.7926,READY
462520,조선내화,2026-09-18,2026-08-21,2026-09-18,21,20,75.0,0.5768,READY
462870,시프트업,2026-09-18,2026-08-21,2026-09-18,21,20,325.0,1.0139,READY
465770,STX그린로지스,2026-09-18,2026-08-21,2026-09-18,21,20,168.0,5.1706,READY
480370,씨케이솔루션,2026-09-23,2026-08-26,2026-09-23,21,20,,4.8866,READY
499790,GS피앤엘,2026-09-18,2026-08-21,2026-09-18,21,20,925.0,2.2157,READY
