date,basDt,mngInvTgt,invrCtg,scrtCmpyCnt,actCnt,actBal,_source_api,_collected_at_kst
2026-01-27,20260127,합계,기관,0,139489,12165977410859,cma,2026-06-06T08:10:19+09:00
2026-01-27,20260127,MMF형,개인,12,2639856,4092226772330,cma,2026-06-06T08:10:19+09:00
2026-01-27,20260127,MMF형,기관,12,533,83578371676,cma,2026-06-06T08:10:19+09:00
2026-01-27,20260127,RP형,개인,22,25685258,39947048010570,cma,2026-06-06T08:10:19+09:00
2026-01-28,20260128,기타형,기관,14,54599,8127139855051,cma,2026-06-06T08:10:19+09:00
2026-01-28,20260128,기타형,개인,14,3296816,23284738230999,cma,2026-06-06T08:10:19+09:00
2026-01-28,20260128,RP형,기관,22,75280,3215444337030,cma,2026-06-06T08:10:19+09:00
2026-01-28,20260128,RP형,개인,22,25698404,39971567965150,cma,2026-06-06T08:10:19+09:00
2026-01-28,20260128,MMF형,기관,12,533,83849889223,cma,2026-06-06T08:10:19+09:00
2026-01-28,20260128,합계,기관,0,139563,12215355272028,cma,2026-06-06T08:10:19+09:00
2026-01-28,20260128,종금형,기관,1,200,9345792625,cma,2026-06-06T08:10:19+09:00
2026-01-28,20260128,MMF형,개인,12,2642537,4066189878460,cma,2026-06-06T08:10:19+09:00
2026-01-28,20260128,합계,개인,0,38264162,90426740198255,cma,2026-06-09T05:19:02+09:00
2026-01-28,20260128,종금형,개인,1,43699,91623253498,cma,2026-06-09T05:19:02+09:00
2026-01-28,20260128,발행어음형,기관,5,8951,779575398099,cma,2026-06-09T05:19:02+09:00
2026-01-28,20260128,발행어음형,개인,5,6582706,23012620870148,cma,2026-06-09T05:19:02+09:00
2026-01-29,20260129,MMF형,기관,12,533,85626497117,cma,2026-06-09T05:19:02+09:00
2026-01-29,20260129,발행어음형,기관,5,8951,776554613990,cma,2026-06-09T05:19:02+09:00
2026-01-29,20260129,종금형,개인,1,43699,90896133809,cma,2026-06-09T05:19:02+09:00
2026-01-29,20260129,종금형,기관,1,200,9210527064,cma,2026-06-09T05:19:02+09:00
2026-01-29,20260129,합계,개인,0,38284336,91212160718069,cma,2026-06-09T05:19:02+09:00
2026-01-29,20260129,합계,기관,0,139647,12037162277345,cma,2026-06-09T05:19:02+09:00
2026-01-29,20260129,MMF형,개인,12,2645014,4053742159006,cma,2026-06-09T05:19:02+09:00
2026-01-29,20260129,RP형,개인,22,25711482,40061001287132,cma,2026-06-09T05:19:02+09:00
2026-01-29,20260129,발행어음형,개인,5,6586701,23097134244835,cma,2026-06-10T05:06:47+09:00
2026-01-29,20260129,RP형,기관,22,75333,3217439602471,cma,2026-06-10T05:06:47+09:00
2026-01-29,20260129,기타형,개인,14,3297440,23909386893287,cma,2026-06-10T05:06:47+09:00
2026-01-29,20260129,기타형,기관,14,54630,7948331036703,cma,2026-06-10T05:06:47+09:00
2026-01-30,20260130,RP형,기관,22,75383,3125156170361,cma,2026-06-10T05:06:47+09:00
2026-01-30,20260130,기타형,개인,14,3298187,24133400255035,cma,2026-06-10T05:06:47+09:00
2026-01-30,20260130,기타형,기관,14,54652,7523302567627,cma,2026-06-10T05:06:47+09:00
2026-01-30,20260130,합계,기관,0,139717,11508797699913,cma,2026-06-10T05:06:47+09:00
2026-01-30,20260130,발행어음형,기관,5,8949,766291677041,cma,2026-06-10T05:06:47+09:00
2026-01-30,20260130,종금형,개인,1,43691,91619406517,cma,2026-06-10T05:06:47+09:00
2026-01-30,20260130,종금형,기관,1,200,9476281890,cma,2026-06-10T05:06:47+09:00
2026-01-30,20260130,발행어음형,개인,5,6589861,23278156053717,cma,2026-06-10T05:06:47+09:00
2026-01-30,20260130,합계,개인,0,38303788,91835025302331,cma,2026-06-11T04:29:38+09:00
2026-01-30,20260130,MMF형,개인,12,2647207,4037349169996,cma,2026-06-11T04:29:38+09:00
2026-01-30,20260130,MMF형,기관,12,533,84571002994,cma,2026-06-11T04:29:38+09:00
2026-01-30,20260130,RP형,개인,22,25724842,40294500417066,cma,2026-06-11T04:29:38+09:00
2026-02-02,20260202,발행어음형,기관,5,8952,756034857333,cma,2026-06-11T04:29:38+09:00
2026-02-02,20260202,발행어음형,개인,5,6596782,23174446385291,cma,2026-06-11T04:29:38+09:00
2026-02-02,20260202,기타형,기관,14,54685,7740190554069,cma,2026-06-11T04:29:38+09:00
2026-02-02,20260202,기타형,개인,14,3298768,23853004882294,cma,2026-06-11T04:29:38+09:00
2026-02-02,20260202,RP형,기관,22,75406,3215517914811,cma,2026-06-11T04:29:38+09:00
2026-02-02,20260202,RP형,개인,22,25749045,39985802851822,cma,2026-06-11T04:29:38+09:00
2026-02-02,20260202,합계,기관,0,139777,11804046547444,cma,2026-06-11T04:29:38+09:00
2026-02-02,20260202,MMF형,개인,12,2652454,4028177833690,cma,2026-06-11T04:29:38+09:00
2026-02-02,20260202,합계,개인,0,38340726,91134106000359,cma,2026-06-12T03:30:32+09:00
2026-02-02,20260202,MMF형,기관,12,533,82824746539,cma,2026-06-12T03:30:32+09:00
2026-02-02,20260202,종금형,기관,1,201,9478474692,cma,2026-06-12T03:30:32+09:00
2026-02-02,20260202,종금형,개인,1,43677,92674047262,cma,2026-06-12T03:30:32+09:00
2026-02-03,20260203,MMF형,개인,12,2654735,4064053979287,cma,2026-06-12T03:30:32+09:00
2026-02-03,20260203,MMF형,기관,12,533,94442498836,cma,2026-06-12T03:30:32+09:00
2026-02-03,20260203,발행어음형,개인,5,6600167,23315667133946,cma,2026-06-12T03:30:32+09:00
2026-02-03,20260203,발행어음형,기관,5,8958,751292462795,cma,2026-06-12T03:30:32+09:00
2026-02-03,20260203,종금형,개인,1,43656,92576363977,cma,2026-06-12T03:30:32+09:00
2026-02-03,20260203,종금형,기관,1,201,9464980765,cma,2026-06-12T03:30:32+09:00
2026-02-03,20260203,합계,개인,0,38363479,91746837126705,cma,2026-06-12T03:30:32+09:00
2026-02-03,20260203,합계,기관,0,139843,11921173495148,cma,2026-06-12T03:30:32+09:00
2026-02-03,20260203,RP형,개인,22,25765631,40261452111340,cma,2026-06-14T00:22:39+09:00
2026-02-03,20260203,RP형,기관,22,75439,3240011957137,cma,2026-06-14T00:22:39+09:00
2026-02-03,20260203,기타형,개인,14,3299290,24013087538155,cma,2026-06-14T00:22:39+09:00
2026-02-03,20260203,기타형,기관,14,54712,7825961595615,cma,2026-06-14T00:22:39+09:00
2026-02-04,20260204,발행어음형,기관,5,8962,754648498428,cma,2026-06-14T00:22:39+09:00
2026-02-04,20260204,MMF형,기관,12,533,89007519911,cma,2026-06-14T00:22:39+09:00
2026-02-04,20260204,RP형,개인,22,25777690,40304115767584,cma,2026-06-14T00:22:39+09:00
2026-02-04,20260204,RP형,기관,22,75454,3271534043714,cma,2026-06-14T00:22:39+09:00
2026-02-04,20260204,기타형,개인,14,3299890,23990553383335,cma,2026-06-14T00:22:39+09:00
2026-02-04,20260204,기타형,기관,14,54729,7921756071400,cma,2026-06-14T00:22:39+09:00
2026-02-04,20260204,발행어음형,개인,5,6603337,23306726804190,cma,2026-06-14T00:22:39+09:00
2026-02-04,20260204,종금형,개인,1,43646,92780216366,cma,2026-06-14T00:22:39+09:00
2026-02-04,20260204,종금형,기관,1,201,9466465765,cma,2026-06-14T00:22:39+09:00
2026-02-04,20260204,합계,개인,0,38381322,91781745087339,cma,2026-06-14T00:22:39+09:00
2026-02-04,20260204,합계,기관,0,139879,12046412599218,cma,2026-06-14T00:22:39+09:00
2026-02-04,20260204,MMF형,개인,12,2656759,4087568915864,cma,2026-06-14T00:22:39+09:00
2026-02-05,20260205,MMF형,기관,12,533,177986758515,cma,2026-06-14T00:22:39+09:00
2026-02-05,20260205,합계,개인,0,38399815,91703282097736,cma,2026-06-14T00:22:39+09:00
2026-02-05,20260205,종금형,기관,1,201,9365488989,cma,2026-06-14T00:22:39+09:00
2026-02-05,20260205,종금형,개인,1,43648,92515454110,cma,2026-06-14T00:22:39+09:00
2026-02-05,20260205,발행어음형,기관,5,8966,747026000445,cma,2026-06-14T00:22:39+09:00
2026-02-05,20260205,MMF형,개인,12,2658617,4128257250795,cma,2026-06-14T00:22:39+09:00
2026-02-05,20260205,발행어음형,개인,5,6608955,23273091047655,cma,2026-06-14T00:22:39+09:00
2026-02-05,20260205,기타형,기관,14,54771,7794131668848,cma,2026-06-14T00:22:39+09:00
2026-02-05,20260205,기타형,개인,14,3300502,23861910708529,cma,2026-06-14T00:22:39+09:00
2026-02-05,20260205,RP형,기관,22,75487,3276123685693,cma,2026-06-14T00:22:39+09:00
2026-02-05,20260205,RP형,개인,22,25788093,40347507636647,cma,2026-06-14T00:22:39+09:00
2026-02-05,20260205,합계,기관,0,139958,12004633602490,cma,2026-06-14T00:22:39+09:00
2026-02-06,20260206,발행어음형,개인,5,6611339,23141595424845,cma,2026-06-14T00:22:39+09:00
2026-02-06,20260206,MMF형,개인,12,2660137,4111459063095,cma,2026-06-14T00:22:39+09:00
2026-02-06,20260206,MMF형,기관,12,533,176366765256,cma,2026-06-14T00:22:39+09:00
2026-02-06,20260206,RP형,개인,22,25796848,40146545571219,cma,2026-06-14T00:22:39+09:00
2026-02-06,20260206,RP형,기관,22,75520,3299251988384,cma,2026-06-14T00:22:39+09:00
2026-02-06,20260206,기타형,개인,14,3301159,23797130331970,cma,2026-06-14T00:22:39+09:00
2026-02-06,20260206,기타형,기관,14,54802,7959146616743,cma,2026-06-14T00:22:39+09:00
2026-02-06,20260206,발행어음형,기관,5,8970,739209053152,cma,2026-06-14T00:22:39+09:00
2026-02-06,20260206,종금형,개인,1,43637,92842998088,cma,2026-06-14T00:22:39+09:00
2026-02-06,20260206,종금형,기관,1,201,9285946330,cma,2026-06-14T00:22:39+09:00
2026-02-06,20260206,합계,개인,0,38413120,91289573389217,cma,2026-06-14T00:22:39+09:00
2026-02-06,20260206,합계,기관,0,140026,12183260369865,cma,2026-06-14T00:22:39+09:00
2026-02-09,20260209,합계,기관,0,140082,12069338842145,cma,2026-06-14T00:22:39+09:00
2026-02-09,20260209,합계,개인,0,38444780,91050083228996,cma,2026-06-14T00:22:39+09:00
2026-02-09,20260209,종금형,기관,1,201,9114320778,cma,2026-06-14T00:22:39+09:00
2026-02-09,20260209,종금형,개인,1,43618,92824626987,cma,2026-06-14T00:22:39+09:00
2026-02-09,20260209,발행어음형,기관,5,8969,739536712498,cma,2026-06-14T00:22:39+09:00
2026-02-09,20260209,발행어음형,개인,5,6614783,23110551702032,cma,2026-06-14T00:22:39+09:00
2026-02-09,20260209,기타형,기관,14,54817,7853017768054,cma,2026-06-14T00:22:39+09:00
2026-02-09,20260209,기타형,개인,14,3301698,23600606218088,cma,2026-06-14T00:22:39+09:00
2026-02-09,20260209,RP형,기관,22,75562,3289749749214,cma,2026-06-14T00:22:39+09:00
2026-02-09,20260209,RP형,개인,22,25820079,40123920138018,cma,2026-06-14T00:22:39+09:00
2026-02-09,20260209,MMF형,기관,12,533,177920291601,cma,2026-06-14T00:22:39+09:00
2026-02-09,20260209,MMF형,개인,12,2664602,4122180543871,cma,2026-06-14T00:22:39+09:00
2026-02-10,20260210,합계,기관,0,140135,11869461625355,cma,2026-06-14T00:22:39+09:00
2026-02-10,20260210,합계,개인,0,38459371,91586257636131,cma,2026-06-14T00:22:39+09:00
2026-02-10,20260210,종금형,기관,1,201,8950315564,cma,2026-06-14T00:22:39+09:00
2026-02-10,20260210,종금형,개인,1,43619,93481023992,cma,2026-06-14T00:22:39+09:00
2026-02-10,20260210,발행어음형,기관,5,8977,730815018864,cma,2026-06-14T00:22:39+09:00
2026-02-10,20260210,발행어음형,개인,5,6616323,23291315424571,cma,2026-06-14T00:22:39+09:00
2026-02-10,20260210,기타형,기관,14,54840,7673898962670,cma,2026-06-14T00:22:39+09:00
2026-02-10,20260210,기타형,개인,14,3302145,23717337917278,cma,2026-06-14T00:22:39+09:00
2026-02-10,20260210,RP형,기관,22,75584,3284423202374,cma,2026-06-14T00:22:39+09:00
2026-02-10,20260210,RP형,개인,22,25830716,40322576647595,cma,2026-06-14T00:22:39+09:00
2026-02-10,20260210,MMF형,기관,12,533,171374125883,cma,2026-06-14T00:22:39+09:00
2026-02-10,20260210,MMF형,개인,12,2666568,4161546622695,cma,2026-06-14T00:22:39+09:00
2026-02-11,20260211,MMF형,개인,12,2668404,4197176807945,cma,2026-06-14T00:22:39+09:00
2026-02-11,20260211,종금형,개인,1,43621,93999660005,cma,2026-06-14T00:22:39+09:00
2026-02-11,20260211,MMF형,기관,12,533,160489208917,cma,2026-06-14T00:22:39+09:00
2026-02-11,20260211,RP형,개인,22,25840458,40963942708195,cma,2026-06-14T00:22:39+09:00
2026-02-11,20260211,RP형,기관,22,75610,3278402797695,cma,2026-06-14T00:22:39+09:00
2026-02-11,20260211,기타형,개인,14,3302729,24157030701345,cma,2026-06-14T00:22:39+09:00
2026-02-11,20260211,기타형,기관,14,54869,7669273388223,cma,2026-06-14T00:22:39+09:00
2026-02-11,20260211,발행어음형,개인,5,6617807,23617061803208,cma,2026-06-14T00:22:39+09:00
2026-02-11,20260211,발행어음형,기관,5,8981,738626023614,cma,2026-06-14T00:22:39+09:00
2026-02-11,20260211,종금형,기관,1,201,8910480620,cma,2026-06-14T00:22:39+09:00
2026-02-11,20260211,합계,개인,0,38473019,93029211680698,cma,2026-06-14T00:22:39+09:00
2026-02-11,20260211,합계,기관,0,140194,11855701899069,cma,2026-06-14T00:22:39+09:00
2026-02-12,20260212,종금형,기관,1,201,8789116447,cma,2026-06-14T00:22:39+09:00
2026-02-12,20260212,종금형,개인,1,43624,93504440766,cma,2026-06-14T00:22:39+09:00
2026-02-12,20260212,발행어음형,기관,5,8980,738500266284,cma,2026-06-14T00:22:39+09:00
2026-02-12,20260212,발행어음형,개인,5,6619648,23660267819402,cma,2026-06-14T00:22:39+09:00
2026-02-12,20260212,기타형,기관,14,54933,7675797755822,cma,2026-06-14T00:22:39+09:00
2026-02-12,20260212,기타형,개인,14,3303335,24139036040111,cma,2026-06-14T00:22:39+09:00
2026-02-12,20260212,RP형,기관,22,75649,3334172207338,cma,2026-06-14T00:22:39+09:00
2026-02-12,20260212,RP형,개인,22,25851009,41193977191191,cma,2026-06-14T00:22:39+09:00
2026-02-12,20260212,MMF형,기관,12,533,149334660245,cma,2026-06-14T00:22:39+09:00
2026-02-12,20260212,MMF형,개인,12,2670509,4202020634267,cma,2026-06-14T00:22:39+09:00
2026-02-12,20260212,합계,기관,0,140296,11906594006136,cma,2026-06-14T00:22:39+09:00
2026-02-12,20260212,합계,개인,0,38488125,93288806125737,cma,2026-06-14T00:22:39+09:00
2026-02-13,20260213,MMF형,개인,12,2672510,4205664143360,cma,2026-06-14T00:22:39+09:00
2026-02-13,20260213,MMF형,기관,12,533,144983737984,cma,2026-06-14T00:22:39+09:00
2026-02-13,20260213,RP형,개인,22,25861199,41702153002706,cma,2026-06-14T00:22:39+09:00
2026-02-13,20260213,RP형,기관,22,75669,3386130109510,cma,2026-06-14T00:22:39+09:00
2026-02-13,20260213,기타형,개인,14,3304277,24314042597167,cma,2026-06-14T00:22:39+09:00
2026-02-13,20260213,기타형,기관,14,54966,7752501759539,cma,2026-06-14T00:22:39+09:00
2026-02-13,20260213,발행어음형,개인,5,6621317,23685378212961,cma,2026-06-14T00:22:39+09:00
2026-02-13,20260213,발행어음형,기관,5,8981,743338790515,cma,2026-06-14T00:22:39+09:00
2026-02-13,20260213,종금형,개인,1,43607,94267656785,cma,2026-06-14T00:22:39+09:00
2026-02-13,20260213,종금형,기관,1,201,8356230251,cma,2026-06-14T00:22:39+09:00
2026-02-13,20260213,합계,개인,0,38502910,94001505612979,cma,2026-06-14T00:22:39+09:00
2026-02-13,20260213,합계,기관,0,140350,12035310627799,cma,2026-06-14T00:22:39+09:00
2026-02-19,20260219,합계,기관,0,140386,12021926921884,cma,2026-06-14T00:22:39+09:00
2026-02-19,20260219,합계,개인,0,38576114,95107295974275,cma,2026-06-14T00:22:39+09:00
2026-02-19,20260219,종금형,기관,1,201,8337010672,cma,2026-06-14T00:22:39+09:00
2026-02-19,20260219,종금형,개인,1,43582,94405285834,cma,2026-06-14T00:22:39+09:00
2026-02-19,20260219,발행어음형,기관,5,8982,744467651505,cma,2026-06-14T00:22:39+09:00
2026-02-19,20260219,발행어음형,개인,5,6626865,23955303245451,cma,2026-06-14T00:22:39+09:00
2026-02-19,20260219,기타형,기관,14,54983,7728275424903,cma,2026-06-14T00:22:39+09:00
2026-02-19,20260219,기타형,개인,14,3305369,24757190032537,cma,2026-06-14T00:22:39+09:00
2026-02-19,20260219,RP형,기관,22,75687,3430048791745,cma,2026-06-14T00:22:39+09:00
2026-02-19,20260219,RP형,개인,22,25916713,42131711148527,cma,2026-06-14T00:22:39+09:00
2026-02-19,20260219,MMF형,기관,12,533,110798043059,cma,2026-06-14T00:22:39+09:00
2026-02-19,20260219,MMF형,개인,12,2683585,4168686261926,cma,2026-06-14T00:22:39+09:00
2026-02-20,20260220,합계,기관,0,140430,12291494818744,cma,2026-06-14T00:22:39+09:00
2026-02-20,20260220,합계,개인,0,38604344,95669978247979,cma,2026-06-14T00:22:39+09:00
2026-02-20,20260220,종금형,기관,1,201,8333447309,cma,2026-06-14T00:22:39+09:00
2026-02-20,20260220,종금형,개인,1,43575,94562862333,cma,2026-06-14T00:22:39+09:00
2026-02-20,20260220,발행어음형,기관,5,8988,757567296758,cma,2026-06-14T00:22:39+09:00
2026-02-20,20260220,발행어음형,개인,5,6629101,24098484681172,cma,2026-06-14T00:22:39+09:00
2026-02-20,20260220,기타형,기관,14,55017,7961542974944,cma,2026-06-14T00:22:39+09:00
2026-02-20,20260220,기타형,개인,14,3306492,24862492109306,cma,2026-06-14T00:22:39+09:00
2026-02-20,20260220,RP형,기관,22,75690,3465109174052,cma,2026-06-14T00:22:39+09:00
2026-02-20,20260220,RP형,개인,22,25937878,42410664388026,cma,2026-06-14T00:22:39+09:00
2026-02-20,20260220,MMF형,기관,12,534,98941925681,cma,2026-06-14T00:22:39+09:00
2026-02-20,20260220,MMF형,개인,12,2687298,4203774207142,cma,2026-06-14T00:22:39+09:00
2026-02-23,20260223,MMF형,개인,12,2695072,4110851851772,cma,2026-06-14T00:22:39+09:00
2026-02-23,20260223,MMF형,기관,12,534,86008838307,cma,2026-06-14T00:22:39+09:00
2026-02-23,20260223,RP형,개인,23,25982779,41284316574738,cma,2026-06-14T00:22:39+09:00
2026-02-23,20260223,RP형,기관,23,75702,3458576308727,cma,2026-06-14T00:22:39+09:00
2026-02-23,20260223,기타형,개인,14,3307189,23170023322464,cma,2026-06-14T00:22:39+09:00
2026-02-23,20260223,기타형,기관,14,55039,7805148642450,cma,2026-06-14T00:22:39+09:00
2026-02-23,20260223,발행어음형,개인,5,6633370,22465185498538,cma,2026-06-14T00:22:39+09:00
2026-02-23,20260223,발행어음형,기관,5,8991,751586516178,cma,2026-06-14T00:22:39+09:00
2026-02-23,20260223,종금형,개인,1,43553,93452155900,cma,2026-06-14T00:22:39+09:00
2026-02-23,20260223,종금형,기관,1,200,8208343818,cma,2026-06-14T00:22:39+09:00
2026-02-23,20260223,합계,개인,0,38661963,91123829403412,cma,2026-06-14T00:22:39+09:00
2026-02-23,20260223,합계,기관,0,140466,12109528649480,cma,2026-06-14T00:22:39+09:00
2026-02-24,20260224,합계,기관,0,140487,11877597851781,cma,2026-06-14T00:22:39+09:00
2026-02-24,20260224,합계,개인,0,38685083,86115097425270,cma,2026-06-14T00:22:39+09:00
2026-02-24,20260224,종금형,기관,1,200,8178175842,cma,2026-06-14T00:22:39+09:00
2026-02-24,20260224,발행어음형,기관,5,8992,746809779626,cma,2026-06-14T00:22:39+09:00
2026-02-24,20260224,발행어음형,개인,5,6635395,20215959692592,cma,2026-06-14T00:22:39+09:00
2026-02-24,20260224,기타형,기관,14,55044,7588353331406,cma,2026-06-14T00:22:39+09:00
2026-02-24,20260224,기타형,개인,14,3307784,21499234870678,cma,2026-06-14T00:22:39+09:00
2026-02-24,20260224,종금형,개인,1,43521,92784560157,cma,2026-06-14T00:22:39+09:00
2026-02-24,20260224,RP형,기관,23,75717,3447653026816,cma,2026-06-14T00:22:39+09:00
2026-02-24,20260224,RP형,개인,23,26001063,40222260772936,cma,2026-06-14T00:22:39+09:00
2026-02-24,20260224,MMF형,기관,12,534,86603538091,cma,2026-06-14T00:22:39+09:00
2026-02-24,20260224,MMF형,개인,12,2697320,4084857528907,cma,2026-06-14T00:22:39+09:00
2026-02-25,20260225,발행어음형,개인,5,6637657,21341558496175,cma,2026-06-14T00:22:39+09:00
2026-02-25,20260225,MMF형,개인,12,2700040,4103061346340,cma,2026-06-14T00:22:39+09:00
2026-02-25,20260225,MMF형,기관,12,534,90399442879,cma,2026-06-14T00:22:39+09:00
2026-02-25,20260225,RP형,개인,23,26018214,41444209855662,cma,2026-06-14T00:22:39+09:00
2026-02-25,20260225,RP형,기관,23,75732,3378173802254,cma,2026-06-14T00:22:39+09:00
2026-02-25,20260225,기타형,개인,14,3308537,23113549668772,cma,2026-06-14T00:22:39+09:00
2026-02-25,20260225,기타형,기관,14,55065,7599171697517,cma,2026-06-14T00:22:39+09:00
2026-02-25,20260225,발행어음형,기관,5,8994,741149609605,cma,2026-06-14T00:22:39+09:00
2026-02-25,20260225,종금형,개인,1,43523,92931607645,cma,2026-06-14T00:22:39+09:00
2026-02-25,20260225,종금형,기관,1,201,8331443056,cma,2026-06-14T00:22:39+09:00
2026-02-25,20260225,합계,개인,0,38707971,90095310974594,cma,2026-06-14T00:22:39+09:00
2026-02-25,20260225,합계,기관,0,140526,11817225995311,cma,2026-06-14T00:22:39+09:00
2026-02-26,20260226,발행어음형,기관,5,8996,744133311464,cma,2026-06-14T00:22:39+09:00
2026-02-26,20260226,종금형,개인,1,43510,94039834035,cma,2026-06-14T00:22:39+09:00
2026-02-26,20260226,종금형,기관,1,201,8393095088,cma,2026-06-14T00:22:39+09:00
2026-02-26,20260226,합계,개인,0,38735372,95990157049014,cma,2026-06-14T00:22:39+09:00
2026-02-26,20260226,합계,기관,0,140617,12124386598168,cma,2026-06-14T00:22:39+09:00
2026-02-26,20260226,발행어음형,개인,5,6639813,23863458049055,cma,2026-06-14T00:22:39+09:00
2026-02-26,20260226,기타형,기관,14,55100,7903777377822,cma,2026-06-14T00:22:39+09:00
2026-02-26,20260226,MMF형,개인,12,2703387,4199398251898,cma,2026-06-14T00:22:39+09:00
2026-02-26,20260226,MMF형,기관,12,534,82678747918,cma,2026-06-14T00:22:39+09:00
2026-02-26,20260226,RP형,개인,23,26039503,43071453710318,cma,2026-06-14T00:22:39+09:00
2026-02-26,20260226,RP형,기관,23,75786,3385404065876,cma,2026-06-14T00:22:39+09:00
2026-02-26,20260226,기타형,개인,14,3309159,24761807203708,cma,2026-06-14T00:22:39+09:00
2026-02-27,20260227,합계,개인,0,38759090,96658487575321,cma,2026-06-14T00:22:39+09:00
2026-02-27,20260227,합계,기관,0,140691,12062692670691,cma,2026-06-14T00:22:39+09:00
2026-02-27,20260227,종금형,기관,1,201,8647765540,cma,2026-06-14T00:22:39+09:00
2026-02-27,20260227,발행어음형,기관,5,8998,764596839739,cma,2026-06-14T00:22:39+09:00
2026-02-27,20260227,발행어음형,개인,5,6641698,24003633880292,cma,2026-06-14T00:22:39+09:00
2026-02-27,20260227,기타형,기관,14,55131,7790071003605,cma,2026-06-14T00:22:39+09:00
2026-02-27,20260227,기타형,개인,14,3310365,25029527950898,cma,2026-06-14T00:22:39+09:00
2026-02-27,20260227,RP형,기관,23,75827,3422882150548,cma,2026-06-14T00:22:39+09:00
2026-02-27,20260227,RP형,개인,23,26057397,43293817603396,cma,2026-06-14T00:22:39+09:00
2026-02-27,20260227,MMF형,기관,12,534,76494911259,cma,2026-06-14T00:22:39+09:00
2026-02-27,20260227,MMF형,개인,12,2706128,4237625363409,cma,2026-06-14T00:22:39+09:00
2026-02-27,20260227,종금형,개인,1,43502,93882777326,cma,2026-06-14T00:22:39+09:00
2026-03-03,20260303,RP형,개인,23,26098178,42320327491500,cma,2026-06-14T00:22:39+09:00
2026-03-03,20260303,RP형,기관,23,75865,3437096842112,cma,2026-06-14T00:22:39+09:00
2026-03-03,20260303,기타형,개인,14,3311210,24585959115759,cma,2026-06-14T00:22:39+09:00
2026-03-03,20260303,기타형,기관,14,55169,7908814238953,cma,2026-06-14T00:22:39+09:00
2026-03-03,20260303,발행어음형,개인,5,6645236,23662461055860,cma,2026-06-14T00:22:39+09:00
2026-03-03,20260303,발행어음형,기관,5,8996,757986652360,cma,2026-06-14T00:22:39+09:00
2026-03-03,20260303,종금형,개인,1,43475,92841368439,cma,2026-06-14T00:22:39+09:00
2026-03-03,20260303,종금형,기관,1,201,7823389056,cma,2026-06-14T00:22:39+09:00
2026-03-03,20260303,합계,개인,0,38811440,94843818516402,cma,2026-06-14T00:22:39+09:00
2026-03-03,20260303,합계,기관,0,140765,12181788173911,cma,2026-06-14T00:22:39+09:00
2026-03-03,20260303,MMF형,기관,12,534,70067051430,cma,2026-06-14T00:22:39+09:00
2026-03-03,20260303,MMF형,개인,12,2713341,4182229484844,cma,2026-06-14T00:22:39+09:00
2026-03-04,20260304,합계,기관,0,140833,12212559422269,cma,2026-06-14T00:22:39+09:00
2026-03-04,20260304,합계,개인,0,38829902,92831059269948,cma,2026-06-14T00:22:39+09:00
2026-03-04,20260304,종금형,기관,1,201,8174711519,cma,2026-06-14T00:22:39+09:00
2026-03-04,20260304,종금형,개인,1,43466,92161955092,cma,2026-06-14T00:22:39+09:00
2026-03-04,20260304,발행어음형,기관,5,8999,754047240913,cma,2026-06-14T00:22:39+09:00
2026-03-04,20260304,발행어음형,개인,5,6646298,23197489868398,cma,2026-06-14T00:22:39+09:00
2026-03-04,20260304,기타형,기관,14,55195,7916170519878,cma,2026-06-14T00:22:39+09:00
2026-03-04,20260304,기타형,개인,14,3311953,24071828960198,cma,2026-06-14T00:22:39+09:00
2026-03-04,20260304,RP형,기관,23,75904,3458302799227,cma,2026-06-14T00:22:39+09:00
2026-03-04,20260304,RP형,개인,23,26112811,41355538288889,cma,2026-06-14T00:22:39+09:00
2026-03-04,20260304,MMF형,기관,12,534,75864150732,cma,2026-06-14T00:22:39+09:00
2026-03-04,20260304,MMF형,개인,12,2715374,4114040197371,cma,2026-06-14T00:22:39+09:00
2026-03-05,20260305,기타형,개인,14,3312711,24268602178921,cma,2026-06-14T00:22:39+09:00
2026-03-05,20260305,RP형,개인,23,26128760,42000338686992,cma,2026-06-14T00:22:39+09:00
2026-03-05,20260305,기타형,기관,14,55232,7992160492999,cma,2026-06-14T00:22:39+09:00
2026-03-05,20260305,발행어음형,개인,5,6649777,23456904452596,cma,2026-06-14T00:22:39+09:00
2026-03-05,20260305,MMF형,기관,12,534,76532761265,cma,2026-06-14T00:22:39+09:00
2026-03-05,20260305,종금형,개인,1,43465,92090900279,cma,2026-06-14T00:22:39+09:00
2026-03-05,20260305,종금형,기관,1,201,10465188437,cma,2026-06-14T00:22:39+09:00
2026-03-05,20260305,합계,개인,0,38852070,93927033734742,cma,2026-06-14T00:22:39+09:00
2026-03-05,20260305,합계,기관,0,140906,12348462158041,cma,2026-06-14T00:22:39+09:00
2026-03-05,20260305,MMF형,개인,12,2717357,4109097515954,cma,2026-06-14T00:22:39+09:00
2026-03-05,20260305,발행어음형,기관,5,9001,750230897273,cma,2026-06-14T00:22:39+09:00
2026-03-05,20260305,RP형,기관,23,75938,3519072818067,cma,2026-06-14T00:22:39+09:00
2026-03-06,20260306,MMF형,개인,12,2718884,4133220911293,cma,2026-06-14T00:22:39+09:00
2026-03-06,20260306,MMF형,기관,12,534,76822124004,cma,2026-06-14T00:22:39+09:00
2026-03-06,20260306,RP형,개인,23,26140583,42181708242795,cma,2026-06-14T00:22:39+09:00
2026-03-06,20260306,RP형,기관,23,75978,3568921999787,cma,2026-06-14T00:22:39+09:00
2026-03-06,20260306,기타형,개인,14,3313502,22879025275659,cma,2026-06-14T00:22:39+09:00
2026-03-06,20260306,기타형,기관,14,55277,8051182299198,cma,2026-06-14T00:22:39+09:00
2026-03-06,20260306,발행어음형,개인,5,6651143,21326720428485,cma,2026-06-14T00:22:39+09:00
2026-03-06,20260306,발행어음형,기관,5,9001,758555070013,cma,2026-06-14T00:22:39+09:00
2026-03-06,20260306,종금형,개인,1,43463,91140004347,cma,2026-06-14T00:22:39+09:00
2026-03-06,20260306,종금형,기관,1,200,10046178823,cma,2026-06-14T00:22:39+09:00
2026-03-06,20260306,합계,개인,0,38867575,90611814862579,cma,2026-06-14T00:22:39+09:00
2026-03-06,20260306,합계,기관,0,140990,12465527671825,cma,2026-06-14T00:22:39+09:00
2026-03-09,20260309,MMF형,개인,12,2722752,4177852817913,cma,2026-06-14T00:22:39+09:00
2026-03-09,20260309,MMF형,기관,12,534,89154738263,cma,2026-06-14T00:22:39+09:00
2026-03-09,20260309,RP형,개인,23,26160332,42493809133781,cma,2026-06-14T00:22:39+09:00
2026-03-09,20260309,RP형,기관,23,76012,3524521920995,cma,2026-06-14T00:22:39+09:00
2026-03-09,20260309,기타형,개인,14,3314092,23123306177478,cma,2026-06-14T00:22:39+09:00
2026-03-09,20260309,기타형,기관,14,55316,7932542827509,cma,2026-06-14T00:22:39+09:00
2026-03-09,20260309,발행어음형,개인,5,6653095,21461515253363,cma,2026-06-14T00:22:39+09:00
2026-03-09,20260309,발행어음형,기관,5,9002,760094592800,cma,2026-06-14T00:22:39+09:00
2026-03-09,20260309,종금형,개인,1,43437,91124496019,cma,2026-06-14T00:22:39+09:00
2026-03-09,20260309,종금형,기관,1,200,9802425675,cma,2026-06-14T00:22:39+09:00
2026-03-09,20260309,합계,개인,0,38893708,91347607878554,cma,2026-06-14T00:22:39+09:00
2026-03-09,20260309,합계,기관,0,141064,12316116505242,cma,2026-06-14T00:22:39+09:00
2026-03-10,20260310,합계,기관,0,141120,12222087483069,cma,2026-06-14T00:22:39+09:00
2026-03-10,20260310,MMF형,기관,12,534,86732307325,cma,2026-06-14T00:22:39+09:00
2026-03-10,20260310,MMF형,개인,12,2724215,4275238091622,cma,2026-06-14T00:22:39+09:00
2026-03-10,20260310,RP형,개인,23,26169422,43556959241566,cma,2026-06-14T00:22:39+09:00
2026-03-10,20260310,RP형,기관,23,76032,3513905405197,cma,2026-06-14T00:22:39+09:00
2026-03-10,20260310,기타형,개인,14,3314747,25302763896035,cma,2026-06-14T00:22:39+09:00
2026-03-10,20260310,기타형,기관,14,55350,7848221921049,cma,2026-06-14T00:22:39+09:00
2026-03-10,20260310,발행어음형,개인,5,6654732,24562147492948,cma,2026-06-14T00:22:39+09:00
2026-03-10,20260310,발행어음형,기관,5,9005,763608878825,cma,2026-06-14T00:22:39+09:00
2026-03-10,20260310,종금형,개인,1,43447,91685668075,cma,2026-06-14T00:22:39+09:00
2026-03-10,20260310,종금형,기관,1,199,9618970673,cma,2026-06-14T00:22:39+09:00
2026-03-10,20260310,합계,개인,0,38906563,97788794390246,cma,2026-06-14T00:22:39+09:00
2026-03-11,20260311,MMF형,개인,12,2725744,4329798606683,cma,2026-06-14T00:22:39+09:00
2026-03-11,20260311,합계,개인,0,38919934,98260088566518,cma,2026-06-14T00:22:39+09:00
2026-03-11,20260311,종금형,기관,1,199,9688996409,cma,2026-06-14T00:22:39+09:00
2026-03-11,20260311,종금형,개인,1,43436,91195180490,cma,2026-06-14T00:22:39+09:00
2026-03-11,20260311,발행어음형,기관,5,9009,767952002054,cma,2026-06-14T00:22:39+09:00
2026-03-11,20260311,발행어음형,개인,5,6656376,24655697139950,cma,2026-06-14T00:22:39+09:00
2026-03-11,20260311,기타형,기관,14,55383,7879860083941,cma,2026-06-14T00:22:39+09:00
2026-03-11,20260311,기타형,개인,14,3315358,25474249899966,cma,2026-06-14T00:22:39+09:00
2026-03-11,20260311,RP형,기관,23,76058,3532014473793,cma,2026-06-14T00:22:39+09:00
2026-03-11,20260311,RP형,개인,23,26179020,43709147739429,cma,2026-06-14T00:22:39+09:00
2026-03-11,20260311,MMF형,기관,12,534,95095486073,cma,2026-06-14T00:22:39+09:00
2026-03-11,20260311,합계,기관,0,141183,12284611042270,cma,2026-06-14T00:22:39+09:00
2026-03-12,20260312,합계,기관,0,141252,12425489324698,cma,2026-06-14T00:22:39+09:00
2026-03-12,20260312,합계,개인,0,38931576,93554281630523,cma,2026-06-14T00:22:39+09:00
2026-03-12,20260312,종금형,기관,1,199,9773501885,cma,2026-06-14T00:22:39+09:00
2026-03-12,20260312,종금형,개인,1,43428,89633827128,cma,2026-06-14T00:22:39+09:00
2026-03-12,20260312,발행어음형,기관,5,9006,761478162983,cma,2026-06-14T00:22:39+09:00
2026-03-12,20260312,발행어음형,개인,5,6657688,22128758901397,cma,2026-06-14T00:22:39+09:00
2026-03-12,20260312,기타형,기관,14,55424,7970230832438,cma,2026-06-14T00:22:39+09:00
2026-03-12,20260312,기타형,개인,14,3315934,23682980617631,cma,2026-06-14T00:22:39+09:00
2026-03-12,20260312,RP형,기관,23,76089,3588357667074,cma,2026-06-14T00:22:39+09:00
2026-03-12,20260312,RP형,개인,23,26187582,43336556109222,cma,2026-06-14T00:22:39+09:00
2026-03-12,20260312,MMF형,기관,12,534,95649160318,cma,2026-06-14T00:22:39+09:00
2026-03-12,20260312,MMF형,개인,12,2726944,4316352175145,cma,2026-06-14T00:22:39+09:00
2026-03-13,20260313,MMF형,개인,12,2728185,4334104596753,cma,2026-06-14T00:22:39+09:00
2026-03-13,20260313,MMF형,기관,12,534,93193914070,cma,2026-06-14T00:22:39+09:00
2026-03-13,20260313,RP형,개인,23,26194087,43511136196319,cma,2026-06-14T00:22:39+09:00
2026-03-13,20260313,RP형,기관,23,76122,3535839289905,cma,2026-06-14T00:22:39+09:00
2026-03-13,20260313,기타형,개인,14,3316711,23775686894482,cma,2026-06-14T00:22:39+09:00
2026-03-13,20260313,기타형,기관,14,55476,7958032615236,cma,2026-06-14T00:22:39+09:00
2026-03-13,20260313,발행어음형,개인,5,6658640,22241621342637,cma,2026-06-14T00:22:39+09:00
2026-03-13,20260313,발행어음형,기관,5,9008,778911434545,cma,2026-06-14T00:22:39+09:00
2026-03-13,20260313,종금형,개인,1,43426,89442609417,cma,2026-06-14T00:22:39+09:00
2026-03-13,20260313,종금형,기관,1,199,9834043910,cma,2026-06-14T00:22:39+09:00
2026-03-13,20260313,합계,개인,0,38941049,93951991639608,cma,2026-06-14T00:22:39+09:00
2026-03-13,20260313,합계,기관,0,141339,12375811297666,cma,2026-06-14T00:22:39+09:00
2026-03-16,20260316,합계,개인,0,38962994,99556743290262,cma,2026-06-14T00:22:39+09:00
2026-03-16,20260316,종금형,기관,1,199,8960692552,cma,2026-06-14T00:22:39+09:00
2026-03-16,20260316,발행어음형,기관,5,9011,795871881850,cma,2026-06-14T00:22:39+09:00
2026-03-16,20260316,발행어음형,개인,5,6661072,24947011825100,cma,2026-06-14T00:22:39+09:00
2026-03-16,20260316,기타형,기관,14,55501,8002789981565,cma,2026-06-14T00:22:39+09:00
2026-03-16,20260316,기타형,개인,14,3317276,25653433837029,cma,2026-06-14T00:22:39+09:00
2026-03-16,20260316,RP형,기관,23,76150,3614239819949,cma,2026-06-14T00:22:39+09:00
2026-03-16,20260316,RP형,개인,23,26210044,44491297475254,cma,2026-06-14T00:22:39+09:00
2026-03-16,20260316,MMF형,기관,12,534,92982357577,cma,2026-06-14T00:22:39+09:00
2026-03-16,20260316,MMF형,개인,12,2731205,4374941831036,cma,2026-06-14T00:22:39+09:00
2026-03-16,20260316,종금형,개인,1,43397,90058321843,cma,2026-06-14T00:22:39+09:00
2026-03-16,20260316,합계,기관,0,141395,12514844733493,cma,2026-06-14T00:22:39+09:00
2026-03-17,20260317,발행어음형,개인,5,6662161,21994118052414,cma,2026-06-14T00:22:39+09:00
2026-03-17,20260317,합계,개인,0,38973790,93027887044851,cma,2026-06-14T00:22:39+09:00
2026-03-17,20260317,종금형,기관,1,199,9020692552,cma,2026-06-14T00:22:39+09:00
2026-03-17,20260317,종금형,개인,1,43386,89094187069,cma,2026-06-14T00:22:39+09:00
2026-03-17,20260317,발행어음형,기관,5,9012,788175448963,cma,2026-06-14T00:22:39+09:00
2026-03-17,20260317,기타형,기관,14,55530,8202069354727,cma,2026-06-14T00:22:39+09:00
2026-03-17,20260317,기타형,개인,14,3317817,23469119434485,cma,2026-06-14T00:22:39+09:00
2026-03-17,20260317,RP형,기관,23,76175,3611718796752,cma,2026-06-14T00:22:39+09:00
2026-03-17,20260317,RP형,개인,23,26218081,43131665820543,cma,2026-06-14T00:22:39+09:00
2026-03-17,20260317,MMF형,기관,12,534,96307878305,cma,2026-06-14T00:22:39+09:00
2026-03-17,20260317,합계,기관,0,141450,12707292171299,cma,2026-06-14T00:22:39+09:00
2026-03-17,20260317,MMF형,개인,12,2732345,4343889550340,cma,2026-06-14T00:22:39+09:00
2026-03-18,20260318,합계,개인,0,38985528,92007353968230,cma,2026-06-14T00:22:39+09:00
2026-03-18,20260318,합계,기관,0,141515,12995537295359,cma,2026-06-14T00:22:39+09:00
2026-03-18,20260318,MMF형,개인,12,2733829,4330863676475,cma,2026-06-14T00:22:39+09:00
2026-03-18,20260318,MMF형,기관,12,534,94235126633,cma,2026-06-14T00:22:39+09:00
2026-03-18,20260318,종금형,기관,1,199,8930947248,cma,2026-06-14T00:22:39+09:00
2026-03-18,20260318,종금형,개인,1,43374,89532111259,cma,2026-06-14T00:22:39+09:00
2026-03-18,20260318,발행어음형,기관,5,9016,792163366314,cma,2026-06-14T00:22:39+09:00
2026-03-18,20260318,발행어음형,개인,5,6663519,21713999397030,cma,2026-06-14T00:22:39+09:00
2026-03-18,20260318,기타형,기관,14,55552,8451343738431,cma,2026-06-14T00:22:39+09:00
2026-03-18,20260318,기타형,개인,14,3318329,22938273648911,cma,2026-06-14T00:22:39+09:00
2026-03-18,20260318,RP형,기관,23,76214,3648864116733,cma,2026-06-14T00:22:39+09:00
2026-03-18,20260318,RP형,개인,23,26226477,42934685134555,cma,2026-06-14T00:22:39+09:00
2026-03-19,20260319,합계,개인,0,38996645,98191325777633,cma,2026-06-14T00:22:39+09:00
2026-03-19,20260319,종금형,기관,1,199,8619520255,cma,2026-06-14T00:22:39+09:00
2026-03-19,20260319,종금형,개인,1,43363,90223907764,cma,2026-06-14T00:22:39+09:00
2026-03-19,20260319,발행어음형,기관,5,9019,808449090934,cma,2026-06-14T00:22:39+09:00
2026-03-19,20260319,발행어음형,개인,5,6664812,24317590799411,cma,2026-06-14T00:22:39+09:00
2026-03-19,20260319,기타형,기관,14,55591,8339291531756,cma,2026-06-14T00:22:39+09:00
2026-03-19,20260319,기타형,개인,14,3318887,25201334891981,cma,2026-06-14T00:22:39+09:00
2026-03-19,20260319,RP형,기관,23,76246,3681361066041,cma,2026-06-14T00:22:39+09:00
2026-03-19,20260319,MMF형,기관,12,535,94840666798,cma,2026-06-14T00:22:39+09:00
2026-03-19,20260319,합계,기관,0,141590,12932561875784,cma,2026-06-14T00:22:39+09:00
2026-03-19,20260319,MMF형,개인,12,2735097,4324138697047,cma,2026-06-14T00:22:39+09:00
2026-03-19,20260319,RP형,개인,23,26234486,44258037481430,cma,2026-06-14T00:22:39+09:00
2026-03-20,20260320,합계,기관,0,141647,12991483045108,cma,2026-06-14T00:22:39+09:00
2026-03-20,20260320,합계,개인,0,39010384,96224674215017,cma,2026-06-14T00:22:39+09:00
2026-03-20,20260320,종금형,기관,1,199,8584547204,cma,2026-06-14T00:22:39+09:00
2026-03-20,20260320,종금형,개인,1,43372,90560915632,cma,2026-06-14T00:22:39+09:00
2026-03-20,20260320,발행어음형,기관,5,9022,828731494204,cma,2026-06-14T00:22:39+09:00
2026-03-20,20260320,발행어음형,개인,5,6666063,23057129786219,cma,2026-06-14T00:22:39+09:00
2026-03-20,20260320,기타형,기관,14,55620,8367031055881,cma,2026-06-14T00:22:39+09:00
2026-03-20,20260320,기타형,개인,14,3319570,24649649152124,cma,2026-06-14T00:22:39+09:00
2026-03-20,20260320,RP형,기관,23,76271,3691519039867,cma,2026-06-14T00:22:39+09:00
2026-03-20,20260320,RP형,개인,23,26245029,44083411717332,cma,2026-06-14T00:22:39+09:00
2026-03-20,20260320,MMF형,개인,12,2736350,4343922643710,cma,2026-06-14T00:22:39+09:00
2026-03-20,20260320,MMF형,기관,12,535,95616907952,cma,2026-06-14T00:22:39+09:00
2026-03-23,20260323,합계,기관,0,141697,13091950937134,cma,2026-06-14T00:22:39+09:00
2026-03-23,20260323,MMF형,기관,12,535,81616386914,cma,2026-06-14T00:22:39+09:00
2026-03-23,20260323,합계,개인,0,39034561,94567215942976,cma,2026-06-14T00:22:39+09:00
2026-03-23,20260323,종금형,기관,1,199,8584547204,cma,2026-06-14T00:22:39+09:00
2026-03-23,20260323,종금형,개인,1,43357,90598493227,cma,2026-06-14T00:22:39+09:00
2026-03-23,20260323,발행어음형,기관,5,9028,848327388750,cma,2026-06-14T00:22:39+09:00
2026-03-23,20260323,발행어음형,개인,5,6668005,22702734627926,cma,2026-06-14T00:22:39+09:00
2026-03-23,20260323,기타형,기관,14,55646,8476617737294,cma,2026-06-14T00:22:39+09:00
2026-03-23,20260323,기타형,개인,14,3320049,24322636391574,cma,2026-06-14T00:22:39+09:00
2026-03-23,20260323,RP형,기관,23,76289,3676804876972,cma,2026-06-14T00:22:39+09:00
2026-03-23,20260323,RP형,개인,23,26263591,43116584868272,cma,2026-06-14T00:22:39+09:00
2026-03-23,20260323,MMF형,개인,12,2739559,4334661561977,cma,2026-06-14T00:22:39+09:00
2026-03-24,20260324,MMF형,개인,12,2740946,4337150234195,cma,2026-06-14T00:22:39+09:00
2026-03-24,20260324,MMF형,기관,12,535,85969187994,cma,2026-06-14T00:22:39+09:00
2026-03-24,20260324,RP형,개인,23,26271416,43005089511546,cma,2026-06-14T00:22:39+09:00
2026-03-24,20260324,RP형,기관,23,76311,3649545419570,cma,2026-06-14T00:22:39+09:00
2026-03-24,20260324,기타형,개인,14,3320486,24313838954584,cma,2026-06-14T00:22:39+09:00
2026-03-24,20260324,기타형,기관,14,55667,8253721815316,cma,2026-06-14T00:22:39+09:00
2026-03-24,20260324,발행어음형,개인,5,6669027,23030268494776,cma,2026-06-14T00:22:39+09:00
2026-03-24,20260324,발행어음형,기관,5,9031,859431097914,cma,2026-06-14T00:22:39+09:00
2026-03-24,20260324,종금형,개인,1,43353,90095923996,cma,2026-06-14T00:22:39+09:00
2026-03-24,20260324,종금형,기관,1,199,8721655076,cma,2026-06-14T00:22:39+09:00
2026-03-24,20260324,합계,개인,0,39045228,94776443119097,cma,2026-06-14T00:22:39+09:00
2026-03-24,20260324,합계,기관,0,141743,12857389175870,cma,2026-06-14T00:22:39+09:00
2026-03-25,20260325,합계,기관,0,141796,12665649844719,cma,2026-06-14T00:22:39+09:00
2026-03-25,20260325,합계,개인,0,39055344,94670608158624,cma,2026-06-14T00:22:39+09:00
2026-03-25,20260325,종금형,기관,1,199,8771200451,cma,2026-06-14T00:22:39+09:00
2026-03-25,20260325,종금형,개인,1,43353,90784589588,cma,2026-06-14T00:22:39+09:00
2026-03-25,20260325,발행어음형,기관,5,9030,852301437863,cma,2026-06-14T00:22:39+09:00
2026-03-25,20260325,발행어음형,개인,5,6670250,23030976734591,cma,2026-06-14T00:22:39+09:00
2026-03-25,20260325,기타형,기관,14,55695,8149173695405,cma,2026-06-14T00:22:39+09:00
2026-03-25,20260325,기타형,개인,14,3321035,24413706445865,cma,2026-06-14T00:22:39+09:00
2026-03-25,20260325,RP형,기관,23,76337,3575501129577,cma,2026-06-14T00:22:39+09:00
2026-03-25,20260325,RP형,개인,23,26278618,42803293997644,cma,2026-06-14T00:22:39+09:00
2026-03-25,20260325,MMF형,개인,12,2742088,4331846390936,cma,2026-06-14T00:22:39+09:00
2026-03-25,20260325,MMF형,기관,12,535,79902381423,cma,2026-06-14T00:22:39+09:00
2026-03-26,20260326,MMF형,기관,12,535,71130625766,cma,2026-06-14T00:22:39+09:00
2026-03-26,20260326,RP형,개인,23,26283942,43456978403051,cma,2026-06-14T00:22:39+09:00
2026-03-26,20260326,MMF형,개인,12,2743234,4334317835545,cma,2026-06-14T00:22:39+09:00
2026-03-26,20260326,합계,기관,0,141865,12715993968185,cma,2026-06-14T00:22:39+09:00
2026-03-26,20260326,합계,개인,0,39063510,97857562209687,cma,2026-06-14T00:22:39+09:00
2026-03-26,20260326,종금형,기관,1,199,8799797299,cma,2026-06-14T00:22:39+09:00
2026-03-26,20260326,종금형,개인,1,43362,91096457072,cma,2026-06-14T00:22:39+09:00
2026-03-26,20260326,발행어음형,기관,5,9034,865696793846,cma,2026-06-14T00:22:39+09:00
2026-03-26,20260326,발행어음형,개인,5,6671484,24467194904866,cma,2026-06-14T00:22:39+09:00
2026-03-26,20260326,기타형,기관,14,55738,8216242138836,cma,2026-06-14T00:22:39+09:00
2026-03-26,20260326,기타형,개인,14,3321488,25507974609153,cma,2026-06-14T00:22:39+09:00
2026-03-26,20260326,RP형,기관,23,76359,3554124612438,cma,2026-06-14T00:22:39+09:00
2026-03-27,20260327,기타형,개인,14,3322103,25372304532571,cma,2026-06-14T00:22:39+09:00
2026-03-27,20260327,RP형,기관,23,76389,3541499979210,cma,2026-06-14T00:22:39+09:00
2026-03-27,20260327,RP형,개인,23,26289715,43352251986315,cma,2026-06-14T00:22:39+09:00
2026-03-27,20260327,기타형,기관,14,55753,8371094689591,cma,2026-06-14T00:22:39+09:00
2026-03-27,20260327,발행어음형,개인,5,6672316,24425828963062,cma,2026-06-14T00:22:39+09:00
2026-03-27,20260327,발행어음형,기관,5,9035,850303820358,cma,2026-06-14T00:22:39+09:00
2026-03-27,20260327,종금형,개인,1,43352,91425960599,cma,2026-06-14T00:22:39+09:00
2026-03-27,20260327,종금형,기관,1,199,8820279359,cma,2026-06-14T00:22:39+09:00
2026-03-27,20260327,MMF형,개인,12,2744305,4333432323628,cma,2026-06-14T00:22:39+09:00
2026-03-27,20260327,합계,개인,0,39071791,97575243766175,cma,2026-06-14T00:22:39+09:00
2026-03-27,20260327,합계,기관,0,141911,12850275125874,cma,2026-06-14T00:22:39+09:00
2026-03-27,20260327,MMF형,기관,12,535,78556357356,cma,2026-06-14T00:22:39+09:00
2026-03-30,20260330,종금형,개인,1,43333,91644750058,cma,2026-06-14T00:22:39+09:00
2026-03-30,20260330,합계,기관,0,141977,12820386604940,cma,2026-06-14T00:22:39+09:00
2026-03-30,20260330,합계,개인,0,39088533,97324162072162,cma,2026-06-14T00:22:39+09:00
2026-03-30,20260330,종금형,기관,1,199,8792903944,cma,2026-06-14T00:22:39+09:00
2026-03-30,20260330,발행어음형,기관,5,9040,853700388343,cma,2026-06-14T00:22:39+09:00
2026-03-30,20260330,발행어음형,개인,5,6673971,24353696057303,cma,2026-06-14T00:22:39+09:00
2026-03-30,20260330,기타형,기관,14,55779,8344128350553,cma,2026-06-14T00:22:39+09:00
2026-03-30,20260330,기타형,개인,14,3322583,25304002009262,cma,2026-06-14T00:22:39+09:00
2026-03-30,20260330,RP형,기관,23,76424,3533650614262,cma,2026-06-14T00:22:39+09:00
2026-03-30,20260330,RP형,개인,23,26302027,43244636240781,cma,2026-06-14T00:22:39+09:00
2026-03-30,20260330,MMF형,기관,12,535,80114347838,cma,2026-06-14T00:22:39+09:00
2026-03-30,20260330,MMF형,개인,12,2746619,4330183014758,cma,2026-06-14T00:22:39+09:00
2026-03-31,20260331,합계,기관,0,142027,12152073137256,cma,2026-06-14T00:22:39+09:00
2026-03-31,20260331,합계,개인,0,39097063,97548056838939,cma,2026-06-14T00:22:39+09:00
2026-03-31,20260331,종금형,기관,1,199,8753047566,cma,2026-06-14T00:22:39+09:00
2026-03-31,20260331,종금형,개인,1,43331,91961410326,cma,2026-06-14T00:22:39+09:00
2026-03-31,20260331,발행어음형,기관,5,9042,850280442278,cma,2026-06-14T00:22:39+09:00
2026-03-31,20260331,발행어음형,개인,5,6674914,24377350214957,cma,2026-06-14T00:22:39+09:00
2026-03-31,20260331,기타형,기관,14,55794,7760245328586,cma,2026-06-14T00:22:39+09:00
2026-03-31,20260331,기타형,개인,14,3322971,25706283802212,cma,2026-06-14T00:22:39+09:00
2026-03-31,20260331,RP형,기관,23,76457,3454577098840,cma,2026-06-14T00:22:39+09:00
2026-03-31,20260331,RP형,개인,23,26308230,43054487764859,cma,2026-06-14T00:22:39+09:00
2026-03-31,20260331,MMF형,기관,12,535,78217219986,cma,2026-06-14T00:22:39+09:00
2026-03-31,20260331,MMF형,개인,12,2747617,4317973646585,cma,2026-06-14T00:22:39+09:00
2026-04-01,20260401,RP형,기관,23,76468,3522674062079,cma,2026-06-14T00:22:39+09:00
2026-04-01,20260401,RP형,개인,23,26311839,43085525435387,cma,2026-06-14T00:22:39+09:00
2026-04-01,20260401,MMF형,기관,12,535,88635211663,cma,2026-06-14T00:22:39+09:00
2026-04-01,20260401,MMF형,개인,12,2748766,4327260357310,cma,2026-06-14T00:22:39+09:00
2026-04-01,20260401,합계,기관,0,142071,12507019733457,cma,2026-06-14T00:22:39+09:00
2026-04-01,20260401,기타형,개인,14,3323383,25721220854829,cma,2026-06-14T00:22:39+09:00
2026-04-01,20260401,기타형,기관,14,55825,8033826394827,cma,2026-06-14T00:22:39+09:00
2026-04-01,20260401,발행어음형,개인,5,6675779,24284026689389,cma,2026-06-14T00:22:39+09:00
2026-04-01,20260401,발행어음형,기관,5,9044,852954293514,cma,2026-06-14T00:22:39+09:00
2026-04-01,20260401,종금형,개인,1,43318,91232054221,cma,2026-06-14T00:22:39+09:00
2026-04-01,20260401,종금형,기관,1,199,8929771374,cma,2026-06-14T00:22:39+09:00
2026-04-01,20260401,합계,개인,0,39103085,97509265391136,cma,2026-06-14T00:22:39+09:00
2026-04-02,20260402,MMF형,기관,12,535,91879519374,cma,2026-06-14T00:22:39+09:00
2026-04-02,20260402,종금형,기관,1,199,10018736222,cma,2026-06-14T00:22:39+09:00
2026-04-02,20260402,RP형,개인,23,26318003,42874466565306,cma,2026-06-14T00:22:39+09:00
2026-04-02,20260402,RP형,기관,23,76496,3510419594615,cma,2026-06-14T00:22:39+09:00
2026-04-02,20260402,기타형,개인,14,3323816,25636313060085,cma,2026-06-14T00:22:39+09:00
2026-04-02,20260402,기타형,기관,14,55861,8328684408410,cma,2026-06-14T00:22:39+09:00
2026-04-02,20260402,발행어음형,개인,5,6676589,24228113314733,cma,2026-06-14T00:22:39+09:00
2026-04-02,20260402,발행어음형,기관,5,9050,855502940403,cma,2026-06-14T00:22:39+09:00
2026-04-02,20260402,종금형,개인,1,43312,91414906528,cma,2026-06-14T00:22:39+09:00
2026-04-02,20260402,합계,개인,0,39111740,97167376612591,cma,2026-06-14T00:22:39+09:00
2026-04-02,20260402,합계,기관,0,142141,12796505199024,cma,2026-06-14T00:22:39+09:00
2026-04-02,20260402,MMF형,개인,12,2750020,4337068765939,cma,2026-06-14T00:22:39+09:00
2026-04-03,20260403,합계,기관,0,142192,12846276758607,cma,2026-06-14T00:22:39+09:00
2026-04-03,20260403,합계,개인,0,39119977,98081465943793,cma,2026-06-14T00:22:39+09:00
2026-04-03,20260403,종금형,기관,1,199,10060736225,cma,2026-06-14T00:22:39+09:00
2026-04-03,20260403,종금형,개인,1,43303,91756632174,cma,2026-06-14T00:22:39+09:00
2026-04-03,20260403,발행어음형,기관,5,9050,857004990237,cma,2026-06-14T00:22:39+09:00
2026-04-03,20260403,발행어음형,개인,5,6677393,24417501899887,cma,2026-06-14T00:22:39+09:00
2026-04-03,20260403,기타형,기관,14,55888,8352132459587,cma,2026-06-14T00:22:39+09:00
2026-04-03,20260403,기타형,개인,14,3324338,25808053493198,cma,2026-06-14T00:22:39+09:00
2026-04-03,20260403,RP형,기관,23,76520,3542667751848,cma,2026-06-14T00:22:39+09:00
2026-04-03,20260403,RP형,개인,23,26323934,43404336532252,cma,2026-06-14T00:22:39+09:00
2026-04-03,20260403,MMF형,기관,12,535,84410820710,cma,2026-06-14T00:22:39+09:00
2026-04-03,20260403,MMF형,개인,12,2751009,4359817386282,cma,2026-06-14T00:22:39+09:00
2026-04-06,20260406,합계,개인,0,39137174,98368538643632,cma,2026-06-14T00:22:39+09:00
2026-04-06,20260406,종금형,기관,1,199,10011536497,cma,2026-06-14T00:22:39+09:00
2026-04-06,20260406,종금형,개인,1,43296,91473054797,cma,2026-06-14T00:22:39+09:00
2026-04-06,20260406,발행어음형,기관,5,9053,854521492490,cma,2026-06-14T00:22:39+09:00
2026-04-06,20260406,발행어음형,개인,5,6680879,24477855875311,cma,2026-06-14T00:22:39+09:00
2026-04-06,20260406,기타형,기관,14,55915,8279227267678,cma,2026-06-14T00:22:39+09:00
2026-04-06,20260406,기타형,개인,14,3324702,25759964925832,cma,2026-06-14T00:22:39+09:00
2026-04-06,20260406,RP형,기관,23,76543,3523629112311,cma,2026-06-14T00:22:39+09:00
2026-04-06,20260406,RP형,개인,23,26335027,43667553599173,cma,2026-06-14T00:22:39+09:00
2026-04-06,20260406,MMF형,기관,12,535,85977778069,cma,2026-06-14T00:22:39+09:00
2026-04-06,20260406,MMF형,개인,12,2753270,4371691188519,cma,2026-06-14T00:22:39+09:00
2026-04-06,20260406,합계,기관,0,142245,12753367187045,cma,2026-06-14T00:22:39+09:00
2026-04-07,20260407,RP형,기관,23,76552,3545631854073,cma,2026-06-14T00:22:39+09:00
2026-04-07,20260407,RP형,개인,23,26340139,43817132240406,cma,2026-06-14T00:22:39+09:00
2026-04-07,20260407,MMF형,기관,12,535,84030646028,cma,2026-06-14T00:22:39+09:00
2026-04-07,20260407,MMF형,개인,12,2754254,4399314338694,cma,2026-06-14T00:22:39+09:00
2026-04-07,20260407,기타형,기관,14,55928,8478862166555,cma,2026-06-14T00:22:39+09:00
2026-04-07,20260407,기타형,개인,14,3325124,25733901507779,cma,2026-06-14T00:22:39+09:00
2026-04-07,20260407,발행어음형,개인,5,6682296,24490902844832,cma,2026-06-14T00:22:39+09:00
2026-04-07,20260407,발행어음형,기관,5,9058,855512998181,cma,2026-06-14T00:22:39+09:00
2026-04-07,20260407,종금형,개인,1,43289,91227204902,cma,2026-06-14T00:22:39+09:00
2026-04-07,20260407,종금형,기관,1,199,10019981211,cma,2026-06-14T00:22:39+09:00
2026-04-07,20260407,합계,개인,0,39145102,98532478136613,cma,2026-06-14T00:22:39+09:00
2026-04-07,20260407,합계,기관,0,142272,12974057646048,cma,2026-06-14T00:22:39+09:00
2026-04-08,20260408,합계,기관,0,142340,12725382552929,cma,2026-06-14T00:22:39+09:00
2026-04-08,20260408,합계,개인,0,39155538,98182371462180,cma,2026-06-14T00:22:39+09:00
2026-04-08,20260408,종금형,기관,1,199,10019531449,cma,2026-06-14T00:22:39+09:00
2026-04-08,20260408,종금형,개인,1,43283,91238739719,cma,2026-06-14T00:22:39+09:00
2026-04-08,20260408,발행어음형,기관,5,9062,852472958608,cma,2026-06-14T00:22:39+09:00
2026-04-08,20260408,발행어음형,개인,5,6683905,24396493977919,cma,2026-06-14T00:22:39+09:00
2026-04-08,20260408,기타형,기관,14,55949,8215642876386,cma,2026-06-14T00:22:39+09:00
2026-04-08,20260408,기타형,개인,14,3325493,25690222515698,cma,2026-06-14T00:22:39+09:00
2026-04-08,20260408,RP형,개인,23,26347347,43630312983385,cma,2026-06-14T00:22:39+09:00
2026-04-08,20260408,MMF형,기관,12,535,88959557330,cma,2026-06-14T00:22:39+09:00
2026-04-08,20260408,MMF형,개인,12,2755510,4374103245459,cma,2026-06-14T00:22:39+09:00
2026-04-08,20260408,RP형,기관,23,76595,3558287629156,cma,2026-06-14T00:22:39+09:00
2026-04-09,20260409,MMF형,개인,12,2756624,4389126347743,cma,2026-06-14T00:22:39+09:00
2026-04-09,20260409,종금형,개인,1,43285,91376805032,cma,2026-06-14T00:22:39+09:00
2026-04-09,20260409,MMF형,기관,12,535,90709524103,cma,2026-06-14T00:22:39+09:00
2026-04-09,20260409,RP형,개인,23,26353057,43696799900252,cma,2026-06-14T00:22:39+09:00
2026-04-09,20260409,RP형,기관,23,76621,3513809322553,cma,2026-06-14T00:22:39+09:00
2026-04-09,20260409,기타형,개인,14,3325847,25724227371736,cma,2026-06-14T00:22:39+09:00
2026-04-09,20260409,기타형,기관,14,55983,8259063081264,cma,2026-06-14T00:22:39+09:00
2026-04-09,20260409,발행어음형,개인,5,6685424,24347547897436,cma,2026-06-14T00:22:39+09:00
2026-04-09,20260409,발행어음형,기관,5,9063,849018997526,cma,2026-06-14T00:22:39+09:00
2026-04-09,20260409,종금형,기관,1,199,10229684548,cma,2026-06-14T00:22:39+09:00
2026-04-09,20260409,합계,개인,0,39164237,98249078322199,cma,2026-06-14T00:22:39+09:00
2026-04-09,20260409,합계,기관,0,142401,12722830609994,cma,2026-06-14T00:22:39+09:00
2026-04-10,20260410,합계,기관,0,142466,12611802787327,cma,2026-06-14T00:22:39+09:00
2026-04-10,20260410,MMF형,개인,12,2757693,4394753530367,cma,2026-06-14T00:22:39+09:00
2026-04-10,20260410,MMF형,기관,12,535,75082846843,cma,2026-06-14T00:22:39+09:00
2026-04-10,20260410,RP형,개인,23,26360447,45064893258801,cma,2026-06-14T00:22:39+09:00
2026-04-10,20260410,RP형,기관,23,76668,3616129904951,cma,2026-06-14T00:22:39+09:00
2026-04-10,20260410,기타형,개인,14,3326351,26367528108334,cma,2026-06-14T00:22:39+09:00
2026-04-10,20260410,기타형,기관,14,56000,8075329104868,cma,2026-06-14T00:22:39+09:00
2026-04-10,20260410,발행어음형,개인,5,6687137,25090120495188,cma,2026-06-14T00:22:39+09:00
2026-04-10,20260410,발행어음형,기관,5,9064,835254079609,cma,2026-06-14T00:22:39+09:00
2026-04-10,20260410,종금형,개인,1,43293,91595481272,cma,2026-06-14T00:22:39+09:00
2026-04-10,20260410,종금형,기관,1,199,10006851056,cma,2026-06-14T00:22:39+09:00
2026-04-10,20260410,합계,개인,0,39174921,101008890873962,cma,2026-06-14T00:22:39+09:00
2026-04-13,20260413,합계,개인,0,39195279,103484324360107,cma,2026-06-14T00:22:39+09:00
2026-04-13,20260413,합계,기관,0,142532,12751870161552,cma,2026-06-14T00:22:39+09:00
2026-04-13,20260413,MMF형,개인,12,2760323,4447722913802,cma,2026-06-14T00:22:39+09:00
2026-04-13,20260413,MMF형,기관,12,535,77916713520,cma,2026-06-14T00:22:39+09:00
2026-04-13,20260413,RP형,개인,23,26374672,45111449584979,cma,2026-06-14T00:22:39+09:00
2026-04-13,20260413,RP형,기관,23,76712,3570156759988,cma,2026-06-14T00:22:39+09:00
2026-04-13,20260413,기타형,개인,14,3326761,28718470629131,cma,2026-06-14T00:22:39+09:00
2026-04-13,20260413,기타형,기관,14,56029,8262625708800,cma,2026-06-14T00:22:39+09:00
2026-04-13,20260413,발행어음형,개인,5,6690250,25115160056475,cma,2026-06-14T00:22:39+09:00
2026-04-13,20260413,발행어음형,기관,5,9058,831238247215,cma,2026-06-14T00:22:39+09:00
2026-04-13,20260413,종금형,개인,1,43273,91521175720,cma,2026-06-14T00:22:39+09:00
2026-04-13,20260413,종금형,기관,1,198,9932732029,cma,2026-06-14T00:22:39+09:00
2026-04-14,20260414,합계,개인,0,39204559,102751920141257,cma,2026-06-14T00:22:39+09:00
2026-04-14,20260414,종금형,기관,1,198,9872980409,cma,2026-06-14T00:22:39+09:00
2026-04-14,20260414,종금형,개인,1,43266,91489832597,cma,2026-06-14T00:22:39+09:00
2026-04-14,20260414,발행어음형,기관,5,9061,824994595730,cma,2026-06-14T00:22:39+09:00
2026-04-14,20260414,발행어음형,개인,5,6691776,24843908834467,cma,2026-06-14T00:22:39+09:00
2026-04-14,20260414,기타형,기관,14,56047,8238349786819,cma,2026-06-14T00:22:39+09:00
2026-04-14,20260414,기타형,개인,14,3327144,28354089698339,cma,2026-06-14T00:22:39+09:00
2026-04-14,20260414,RP형,기관,23,76733,3571975128019,cma,2026-06-14T00:22:39+09:00
2026-04-14,20260414,RP형,개인,23,26380975,45041277060035,cma,2026-06-14T00:22:39+09:00
2026-04-14,20260414,MMF형,기관,12,535,79061385779,cma,2026-06-14T00:22:39+09:00
2026-04-14,20260414,합계,기관,0,142574,12724253876756,cma,2026-06-14T00:22:39+09:00
2026-04-14,20260414,MMF형,개인,12,2761398,4421154715819,cma,2026-06-14T00:22:39+09:00
2026-04-15,20260415,종금형,기관,1,198,14406969165,cma,2026-06-14T00:22:39+09:00
2026-04-15,20260415,종금형,개인,1,43265,90211930963,cma,2026-06-14T00:22:39+09:00
2026-04-15,20260415,발행어음형,기관,5,9065,828383512824,cma,2026-06-14T00:22:39+09:00
2026-04-15,20260415,발행어음형,개인,5,6693483,23584469773706,cma,2026-06-14T00:22:39+09:00
2026-04-15,20260415,기타형,기관,14,56078,8036937665598,cma,2026-06-14T00:22:39+09:00
2026-04-15,20260415,기타형,개인,14,3327493,27280905128314,cma,2026-06-14T00:22:39+09:00
2026-04-15,20260415,RP형,기관,23,76754,3589948837199,cma,2026-06-14T00:22:39+09:00
2026-04-15,20260415,RP형,개인,23,26391812,44310417420692,cma,2026-06-14T00:22:39+09:00
2026-04-15,20260415,MMF형,기관,12,535,79622774992,cma,2026-06-14T00:22:39+09:00
2026-04-15,20260415,MMF형,개인,12,2762596,4367885061392,cma,2026-06-14T00:22:39+09:00
2026-04-15,20260415,합계,개인,0,39218649,99633889315067,cma,2026-06-14T00:22:39+09:00
2026-04-15,20260415,합계,기관,0,142630,12549299759778,cma,2026-06-14T00:22:39+09:00
2026-04-16,20260416,합계,기관,0,142713,12772513335538,cma,2026-06-14T00:22:39+09:00
2026-04-16,20260416,합계,개인,0,39231672,100254002570680,cma,2026-06-14T00:22:39+09:00
2026-04-16,20260416,종금형,기관,1,198,14436969165,cma,2026-06-14T00:22:39+09:00
2026-04-16,20260416,종금형,개인,1,43257,90356661526,cma,2026-06-14T00:22:39+09:00
2026-04-16,20260416,발행어음형,기관,5,9075,829865130460,cma,2026-06-14T00:22:39+09:00
2026-04-16,20260416,발행어음형,개인,5,6695266,23880003885981,cma,2026-06-14T00:22:39+09:00
2026-04-16,20260416,기타형,기관,14,56119,8263776515368,cma,2026-06-14T00:22:39+09:00
2026-04-16,20260416,기타형,개인,14,3327945,27185487337335,cma,2026-06-14T00:22:39+09:00
2026-04-16,20260416,RP형,기관,23,76786,3579137733118,cma,2026-06-14T00:22:39+09:00
2026-04-16,20260416,RP형,개인,23,26401300,44732304161125,cma,2026-06-14T00:22:39+09:00
2026-04-16,20260416,MMF형,기관,12,535,85296987427,cma,2026-06-14T00:22:39+09:00
2026-04-16,20260416,MMF형,개인,12,2763904,4365850524713,cma,2026-06-14T00:22:39+09:00
2026-04-17,20260417,MMF형,기관,12,535,83994858340,cma,2026-06-14T00:22:39+09:00
2026-04-17,20260417,합계,기관,0,142759,12828729194201,cma,2026-06-14T00:22:39+09:00
2026-04-17,20260417,합계,개인,0,39247267,104264121123449,cma,2026-06-14T00:22:39+09:00
2026-04-17,20260417,종금형,기관,1,198,14134788523,cma,2026-06-14T00:22:39+09:00
2026-04-17,20260417,종금형,개인,1,43262,90677596581,cma,2026-06-14T00:22:39+09:00
2026-04-17,20260417,발행어음형,기관,5,9083,867403635620,cma,2026-06-14T00:22:39+09:00
2026-04-17,20260417,발행어음형,개인,5,6697186,25390993458656,cma,2026-06-14T00:22:39+09:00
2026-04-17,20260417,기타형,기관,14,56141,8261725214725,cma,2026-06-14T00:22:39+09:00
2026-04-17,20260417,기타형,개인,14,3328496,28565229328833,cma,2026-06-14T00:22:39+09:00
2026-04-17,20260417,RP형,기관,23,76802,3601470696993,cma,2026-06-14T00:22:39+09:00
2026-04-17,20260417,RP형,개인,23,26413074,45817961496524,cma,2026-06-14T00:22:39+09:00
2026-04-17,20260417,MMF형,개인,12,2765249,4399259242855,cma,2026-06-14T00:22:39+09:00
2026-04-20,20260420,기타형,기관,14,56157,8176110950968,cma,2026-06-14T00:22:39+09:00
2026-04-20,20260420,MMF형,개인,12,2768674,4451780220436,cma,2026-06-14T00:22:39+09:00
2026-04-20,20260420,MMF형,기관,12,535,92139230351,cma,2026-06-14T00:22:39+09:00
2026-04-20,20260420,RP형,개인,23,26430202,46196879752941,cma,2026-06-14T00:22:39+09:00
2026-04-20,20260420,RP형,기관,23,76815,3668934139607,cma,2026-06-14T00:22:39+09:00
2026-04-20,20260420,기타형,개인,14,3328904,28138116587747,cma,2026-06-14T00:22:39+09:00
2026-04-20,20260420,발행어음형,개인,5,6700695,25591267325528,cma,2026-06-14T00:22:39+09:00
2026-04-20,20260420,발행어음형,기관,5,9086,832161304775,cma,2026-06-14T00:22:39+09:00
2026-04-20,20260420,종금형,개인,1,43234,90773058500,cma,2026-06-14T00:22:39+09:00
2026-04-20,20260420,종금형,기관,1,198,14116816991,cma,2026-06-14T00:22:39+09:00
2026-04-20,20260420,합계,개인,0,39271709,104468816945152,cma,2026-06-14T00:22:39+09:00
2026-04-20,20260420,합계,기관,0,142791,12783462442692,cma,2026-06-14T00:22:39+09:00
2026-04-21,20260421,MMF형,개인,12,2770207,4386497840145,cma,2026-06-14T00:22:39+09:00
2026-04-21,20260421,MMF형,기관,12,534,90557237195,cma,2026-06-14T00:22:39+09:00
2026-04-21,20260421,RP형,개인,23,26439455,45286944399795,cma,2026-06-14T00:22:39+09:00
2026-04-21,20260421,RP형,기관,23,76842,3671856470914,cma,2026-06-14T00:22:39+09:00
2026-04-21,20260421,기타형,개인,14,3329293,26307357296655,cma,2026-06-14T00:22:39+09:00
2026-04-21,20260421,발행어음형,개인,5,6702677,23651331931769,cma,2026-06-14T00:22:39+09:00
2026-04-21,20260421,발행어음형,기관,5,9091,833797636963,cma,2026-06-14T00:22:39+09:00
2026-04-21,20260421,종금형,개인,1,43243,90223917526,cma,2026-06-14T00:22:39+09:00
2026-04-21,20260421,종금형,기관,1,198,11043558305,cma,2026-06-14T00:22:39+09:00
2026-04-21,20260421,합계,개인,0,39284875,99722355385890,cma,2026-06-14T00:22:39+09:00
2026-04-21,20260421,합계,기관,0,142843,12755958311770,cma,2026-06-14T00:22:39+09:00
2026-04-21,20260421,기타형,기관,14,56178,8148703408393,cma,2026-06-14T00:22:39+09:00
2026-04-22,20260422,합계,기관,0,142903,12650716805183,cma,2026-06-14T00:22:39+09:00
2026-04-22,20260422,합계,개인,0,39296581,99658108476750,cma,2026-06-14T00:22:39+09:00
2026-04-22,20260422,종금형,기관,1,198,11039691133,cma,2026-06-14T00:22:39+09:00
2026-04-22,20260422,발행어음형,기관,5,9097,825701980313,cma,2026-06-14T00:22:39+09:00
2026-04-22,20260422,발행어음형,개인,5,6704490,23596606515244,cma,2026-06-14T00:22:39+09:00
2026-04-22,20260422,기타형,기관,14,56206,8071016287657,cma,2026-06-14T00:22:39+09:00
2026-04-22,20260422,기타형,개인,14,3329696,26299497897660,cma,2026-06-14T00:22:39+09:00
2026-04-22,20260422,RP형,기관,23,76868,3658572759021,cma,2026-06-14T00:22:39+09:00
2026-04-22,20260422,RP형,개인,23,26447515,45249369585765,cma,2026-06-14T00:22:39+09:00
2026-04-22,20260422,MMF형,기관,12,534,84386087059,cma,2026-06-14T00:22:39+09:00
2026-04-22,20260422,MMF형,개인,12,2771652,4422696937505,cma,2026-06-14T00:22:39+09:00
2026-04-22,20260422,종금형,개인,1,43228,89937540576,cma,2026-06-14T00:22:39+09:00
2026-04-23,20260423,MMF형,개인,12,2773076,4434519814069,cma,2026-06-14T00:22:39+09:00
2026-04-23,20260423,MMF형,기관,12,534,82865375425,cma,2026-06-14T00:22:39+09:00
2026-04-23,20260423,RP형,기관,23,76908,3693360417572,cma,2026-06-14T00:22:39+09:00
2026-04-23,20260423,기타형,개인,14,3330126,27809221110505,cma,2026-06-14T00:22:39+09:00
2026-04-23,20260423,기타형,기관,14,56228,8030868659322,cma,2026-06-14T00:22:39+09:00
2026-04-23,20260423,발행어음형,개인,5,6706391,25348509035336,cma,2026-06-14T00:22:39+09:00
2026-04-23,20260423,RP형,개인,23,26454973,46246691500636,cma,2026-06-14T00:22:39+09:00
2026-04-23,20260423,합계,기관,0,142966,12641893475268,cma,2026-06-14T00:22:39+09:00
2026-04-23,20260423,합계,개인,0,39307785,103929642573875,cma,2026-06-14T00:22:39+09:00
2026-04-23,20260423,종금형,기관,1,198,11162320960,cma,2026-06-14T00:22:39+09:00
2026-04-23,20260423,종금형,개인,1,43219,90701113329,cma,2026-06-14T00:22:39+09:00
2026-04-23,20260423,발행어음형,기관,5,9098,823636701989,cma,2026-06-14T00:22:39+09:00
2026-04-24,20260424,합계,개인,0,39321576,105139172339926,cma,2026-06-14T00:22:39+09:00
2026-04-24,20260424,종금형,기관,1,198,11098311408,cma,2026-06-14T00:22:39+09:00
2026-04-24,20260424,종금형,개인,1,43223,91815742025,cma,2026-06-14T00:22:39+09:00
2026-04-24,20260424,발행어음형,기관,5,9099,856078262396,cma,2026-06-14T00:22:39+09:00
2026-04-24,20260424,발행어음형,개인,5,6708550,25708729650137,cma,2026-06-14T00:22:39+09:00
2026-04-24,20260424,합계,기관,0,143021,12700384938480,cma,2026-06-14T00:22:39+09:00
2026-04-24,20260424,기타형,개인,14,3331136,28177959287417,cma,2026-06-14T00:22:39+09:00
2026-04-24,20260424,기타형,기관,14,56257,8123466173108,cma,2026-06-14T00:22:39+09:00
2026-04-24,20260424,MMF형,개인,12,2774458,4502420963515,cma,2026-06-14T00:22:39+09:00
2026-04-24,20260424,MMF형,기관,12,534,88510962529,cma,2026-06-14T00:22:39+09:00
2026-04-24,20260424,RP형,개인,23,26464209,46658246696832,cma,2026-06-14T00:22:39+09:00
2026-04-24,20260424,RP형,기관,23,76933,3621231229039,cma,2026-06-14T00:22:39+09:00
2026-04-27,20260427,합계,기관,0,143059,12558560107929,cma,2026-06-14T00:22:39+09:00
2026-04-27,20260427,MMF형,개인,12,2777776,4478705643283,cma,2026-06-14T00:22:39+09:00
2026-04-27,20260427,MMF형,기관,12,534,83965453342,cma,2026-06-14T00:22:39+09:00
2026-04-27,20260427,RP형,개인,23,26480004,46554086515734,cma,2026-06-14T00:22:39+09:00
2026-04-27,20260427,RP형,기관,23,76948,3518891948045,cma,2026-06-14T00:22:39+09:00
2026-04-27,20260427,기타형,개인,14,3331413,27909140291530,cma,2026-06-14T00:22:39+09:00
2026-04-27,20260427,기타형,기관,14,56276,8118289288124,cma,2026-06-14T00:22:39+09:00
2026-04-27,20260427,발행어음형,개인,5,6712610,25679623644481,cma,2026-06-14T00:22:39+09:00
2026-04-27,20260427,발행어음형,기관,5,9103,825840164931,cma,2026-06-14T00:22:39+09:00
2026-04-27,20260427,종금형,개인,1,43211,91667614531,cma,2026-06-14T00:22:39+09:00
2026-04-27,20260427,종금형,기관,1,198,11573253487,cma,2026-06-14T00:22:39+09:00
2026-04-27,20260427,합계,개인,0,39345014,104713223709559,cma,2026-06-14T00:22:39+09:00
2026-04-28,20260428,종금형,기관,1,197,11598758929,cma,2026-06-14T00:22:39+09:00
2026-04-28,20260428,MMF형,개인,12,2779215,4476022492760,cma,2026-06-14T00:22:39+09:00
2026-04-28,20260428,MMF형,기관,12,533,91686826068,cma,2026-06-14T00:22:39+09:00
2026-04-28,20260428,RP형,개인,23,26486537,45859316931571,cma,2026-06-14T00:22:39+09:00
2026-04-28,20260428,RP형,기관,23,76964,3497082613149,cma,2026-06-14T00:22:39+09:00
2026-04-28,20260428,기타형,개인,14,3331758,26824107156036,cma,2026-06-14T00:22:39+09:00
2026-04-28,20260428,기타형,기관,14,56294,8171106350061,cma,2026-06-14T00:22:39+09:00
2026-04-28,20260428,발행어음형,개인,5,6714466,24299709794159,cma,2026-06-14T00:22:39+09:00
2026-04-28,20260428,발행어음형,기관,5,9114,829509881570,cma,2026-06-14T00:22:39+09:00
2026-04-28,20260428,종금형,개인,1,43200,91141834451,cma,2026-06-14T00:22:39+09:00
2026-04-28,20260428,합계,기관,0,143102,12600984429777,cma,2026-06-14T00:22:39+09:00
2026-04-28,20260428,합계,개인,0,39355176,101550298208977,cma,2026-06-14T00:22:39+09:00
2026-04-29,20260429,합계,개인,0,39358669,100729020485743,cma,2026-06-14T00:22:39+09:00
2026-04-29,20260429,종금형,기관,1,197,11596218132,cma,2026-06-14T00:22:39+09:00
2026-04-29,20260429,종금형,개인,1,43187,90600649844,cma,2026-06-14T00:22:39+09:00
2026-04-29,20260429,발행어음형,기관,5,9119,816145756509,cma,2026-06-14T00:22:39+09:00
2026-04-29,20260429,발행어음형,개인,5,6716293,24326995875096,cma,2026-06-14T00:22:39+09:00
2026-04-29,20260429,기타형,기관,14,56310,7858640513752,cma,2026-06-14T00:22:39+09:00
2026-04-29,20260429,기타형,개인,14,3332197,25833123418300,cma,2026-06-14T00:22:39+09:00
2026-04-29,20260429,RP형,기관,23,76986,3499486081138,cma,2026-06-14T00:22:39+09:00
2026-04-29,20260429,RP형,개인,23,26486559,45989142917733,cma,2026-06-14T00:22:39+09:00
2026-04-29,20260429,MMF형,기관,12,533,89656320185,cma,2026-06-14T00:22:39+09:00
2026-04-29,20260429,MMF형,개인,12,2780433,4489157624770,cma,2026-06-14T00:22:39+09:00
2026-04-29,20260429,합계,기관,0,143145,12275524889716,cma,2026-06-14T00:22:39+09:00
2026-04-30,20260430,종금형,기관,1,198,11410923005,cma,2026-06-14T00:22:39+09:00
2026-04-30,20260430,종금형,개인,1,43193,91505181063,cma,2026-06-14T00:22:39+09:00
2026-04-30,20260430,발행어음형,기관,5,9116,829510633429,cma,2026-06-14T00:22:39+09:00
2026-04-30,20260430,발행어음형,개인,5,6718052,25809267372834,cma,2026-06-14T00:22:39+09:00
2026-04-30,20260430,기타형,기관,14,56337,7475855118176,cma,2026-06-14T00:22:39+09:00
2026-04-30,20260430,기타형,개인,14,3332685,26982846446348,cma,2026-06-14T00:22:39+09:00
2026-04-30,20260430,합계,기관,0,143222,11852321106133,cma,2026-06-14T00:22:39+09:00
2026-04-30,20260430,RP형,기관,23,77038,3443839742232,cma,2026-06-14T00:22:39+09:00
2026-04-30,20260430,RP형,개인,23,26499303,46696824253615,cma,2026-06-14T00:22:39+09:00
2026-04-30,20260430,MMF형,기관,12,533,91704689291,cma,2026-06-14T00:22:39+09:00
2026-04-30,20260430,MMF형,개인,12,2781571,4492169267853,cma,2026-06-14T00:22:39+09:00
2026-04-30,20260430,합계,개인,0,39374804,104072612521713,cma,2026-06-14T00:22:39+09:00
2026-05-04,20260504,기타형,기관,14,56365,7837099842144,cma,2026-06-14T00:22:39+09:00
2026-05-04,20260504,MMF형,기관,12,533,87011857956,cma,2026-06-14T00:22:39+09:00
2026-05-04,20260504,RP형,개인,23,26518043,46682297755694,cma,2026-06-14T00:22:39+09:00
2026-05-04,20260504,RP형,기관,23,77040,3481364777947,cma,2026-06-14T00:22:39+09:00
2026-05-04,20260504,기타형,개인,14,3333159,26923820577612,cma,2026-06-14T00:22:39+09:00
2026-05-04,20260504,발행어음형,개인,5,6723171,25885807072899,cma,2026-06-14T00:22:39+09:00
2026-05-04,20260504,발행어음형,기관,5,9121,834301593972,cma,2026-06-14T00:22:39+09:00
2026-05-04,20260504,종금형,개인,1,43173,91194560508,cma,2026-06-14T00:22:39+09:00
2026-05-04,20260504,종금형,기관,1,198,11475679634,cma,2026-06-14T00:22:39+09:00
2026-05-04,20260504,합계,개인,0,39403779,104091603963514,cma,2026-06-14T00:22:39+09:00
2026-05-04,20260504,합계,기관,0,143257,12251253751653,cma,2026-06-14T00:22:39+09:00
2026-05-04,20260504,MMF형,개인,12,2786233,4508483996801,cma,2026-06-14T00:22:39+09:00
2026-05-06,20260506,합계,기관,0,143319,12240669514584,cma,2026-06-14T00:22:39+09:00
2026-05-06,20260506,합계,개인,0,39432152,100479637663949,cma,2026-06-14T00:22:39+09:00
2026-05-06,20260506,종금형,기관,1,198,11362150469,cma,2026-06-14T00:22:39+09:00
2026-05-06,20260506,종금형,개인,1,43154,89806785762,cma,2026-06-14T00:22:39+09:00
2026-05-06,20260506,발행어음형,기관,5,9127,836937739176,cma,2026-06-14T00:22:39+09:00
2026-05-06,20260506,발행어음형,개인,5,6728695,24449415225230,cma,2026-06-14T00:22:39+09:00
2026-05-06,20260506,기타형,개인,14,3333836,25943978655255,cma,2026-06-14T00:22:39+09:00
2026-05-06,20260506,RP형,기관,23,77067,3421004052649,cma,2026-06-14T00:22:39+09:00
2026-05-06,20260506,RP형,개인,23,26536622,45534088367050,cma,2026-06-14T00:22:39+09:00
2026-05-06,20260506,MMF형,기관,12,533,113815919761,cma,2026-06-14T00:22:39+09:00
2026-05-06,20260506,MMF형,개인,12,2789845,4462348630652,cma,2026-06-14T00:22:39+09:00
2026-05-06,20260506,기타형,기관,14,56394,7857549652529,cma,2026-06-14T00:22:39+09:00
2026-05-07,20260507,MMF형,기관,12,533,111880841090,cma,2026-06-14T00:22:39+09:00
2026-05-07,20260507,RP형,개인,23,26548348,45481984798858,cma,2026-06-14T00:22:39+09:00
2026-05-07,20260507,RP형,기관,23,77100,3380639199672,cma,2026-06-14T00:22:39+09:00
2026-05-07,20260507,기타형,개인,14,3334199,26060561569035,cma,2026-06-14T00:22:39+09:00
2026-05-07,20260507,기타형,기관,14,56415,7777770925033,cma,2026-06-14T00:22:39+09:00
2026-05-07,20260507,발행어음형,개인,5,6731443,24390168501922,cma,2026-06-14T00:22:39+09:00
2026-05-07,20260507,발행어음형,기관,5,9127,836664973757,cma,2026-06-14T00:22:39+09:00
2026-05-07,20260507,종금형,개인,1,43142,89870421074,cma,2026-06-14T00:22:39+09:00
2026-05-07,20260507,종금형,기관,1,198,11273358232,cma,2026-06-14T00:22:39+09:00
2026-05-07,20260507,합계,개인,0,39449077,100476501540294,cma,2026-06-14T00:22:39+09:00
2026-05-07,20260507,합계,기관,0,143373,12118229297784,cma,2026-06-14T00:22:39+09:00
2026-05-07,20260507,MMF형,개인,12,2791945,4453916249405,cma,2026-06-14T00:22:39+09:00
2026-05-08,20260508,합계,기관,0,143421,12105201162605,cma,2026-06-14T00:22:39+09:00
2026-05-08,20260508,MMF형,개인,12,2793929,4453258816508,cma,2026-06-14T00:22:39+09:00
2026-05-08,20260508,MMF형,기관,12,533,105712730197,cma,2026-06-14T00:22:39+09:00
2026-05-08,20260508,RP형,개인,23,26559607,46818849801632,cma,2026-06-14T00:22:39+09:00
2026-05-08,20260508,RP형,기관,23,77111,3406205147360,cma,2026-06-14T00:22:39+09:00
2026-05-08,20260508,기타형,개인,14,3334742,27500496656861,cma,2026-06-14T00:22:39+09:00
2026-05-08,20260508,기타형,기관,14,56450,7749234489691,cma,2026-06-14T00:22:39+09:00
2026-05-08,20260508,발행어음형,개인,5,6734048,25696941825583,cma,2026-06-14T00:22:39+09:00
2026-05-08,20260508,발행어음형,기관,5,9130,832775082801,cma,2026-06-14T00:22:39+09:00
2026-05-08,20260508,종금형,개인,1,43144,90801414982,cma,2026-06-14T00:22:39+09:00
2026-05-08,20260508,종금형,기관,1,197,11273712556,cma,2026-06-14T00:22:39+09:00
2026-05-08,20260508,합계,개인,0,39465470,104560348515566,cma,2026-06-14T00:22:39+09:00
2026-05-11,20260511,MMF형,기관,12,533,95540034492,cma,2026-06-14T00:22:39+09:00
2026-05-11,20260511,RP형,개인,23,26589398,46355190997475,cma,2026-06-14T00:22:39+09:00
2026-05-11,20260511,RP형,기관,23,77140,3413958290319,cma,2026-06-14T00:22:39+09:00
2026-05-11,20260511,기타형,개인,14,3335145,27422932538753,cma,2026-06-14T00:22:39+09:00
2026-05-11,20260511,기타형,기관,14,56481,7687021688004,cma,2026-06-14T00:22:39+09:00
2026-05-11,20260511,발행어음형,개인,5,6739559,25627302843820,cma,2026-06-14T00:22:39+09:00
2026-05-11,20260511,발행어음형,기관,5,9131,828755578594,cma,2026-06-14T00:22:39+09:00
2026-05-11,20260511,종금형,개인,1,43121,90153013545,cma,2026-06-14T00:22:39+09:00
2026-05-11,20260511,종금형,기관,1,198,11189828058,cma,2026-06-14T00:22:39+09:00
2026-05-11,20260511,합계,개인,0,39506267,103947774866630,cma,2026-06-14T00:22:39+09:00
2026-05-11,20260511,합계,기관,0,143483,12036465419467,cma,2026-06-14T00:22:39+09:00
2026-05-11,20260511,MMF형,개인,12,2799044,4452195473037,cma,2026-06-14T00:22:39+09:00
2026-05-12,20260512,합계,기관,0,143550,11922866027675,cma,2026-06-14T00:22:39+09:00
2026-05-12,20260512,MMF형,기관,12,533,74887428248,cma,2026-06-14T00:22:39+09:00
2026-05-12,20260512,RP형,개인,23,26598824,43916275664894,cma,2026-06-14T00:22:39+09:00
2026-05-12,20260512,RP형,기관,23,77169,3427133296474,cma,2026-06-14T00:22:39+09:00
2026-05-12,20260512,기타형,개인,14,3335597,24857900556946,cma,2026-06-14T00:22:39+09:00
2026-05-12,20260512,기타형,기관,14,56517,7584972983544,cma,2026-06-14T00:22:39+09:00
2026-05-12,20260512,발행어음형,개인,5,6741787,22465759687151,cma,2026-06-14T00:22:39+09:00
2026-05-12,20260512,발행어음형,기관,5,9134,824781631542,cma,2026-06-14T00:22:39+09:00
2026-05-12,20260512,종금형,개인,1,43110,88526100210,cma,2026-06-14T00:22:39+09:00
2026-05-12,20260512,종금형,기관,1,197,11090687867,cma,2026-06-14T00:22:39+09:00
2026-05-12,20260512,합계,개인,0,39520258,95687024221576,cma,2026-06-14T00:22:39+09:00
2026-05-12,20260512,MMF형,개인,12,2800940,4358562212375,cma,2026-06-14T00:22:39+09:00
2026-05-13,20260513,합계,기관,0,143621,12021643100424,cma,2026-06-14T00:22:39+09:00
2026-05-13,20260513,MMF형,개인,12,2802945,4315954134241,cma,2026-06-14T00:22:39+09:00
2026-05-13,20260513,MMF형,기관,12,533,72299260954,cma,2026-06-14T00:22:39+09:00
2026-05-13,20260513,RP형,개인,23,26610544,43833754391264,cma,2026-06-14T00:22:39+09:00
2026-05-13,20260513,RP형,기관,23,77204,3445912580637,cma,2026-06-14T00:22:39+09:00
2026-05-13,20260513,기타형,개인,14,3336096,24474810889526,cma,2026-06-14T00:22:39+09:00
2026-05-13,20260513,기타형,기관,14,56549,7645093960254,cma,2026-06-14T00:22:39+09:00
2026-05-13,20260513,발행어음형,개인,5,6744294,22473348431298,cma,2026-06-14T00:22:39+09:00
2026-05-13,20260513,발행어음형,기관,5,9138,847226996358,cma,2026-06-14T00:22:39+09:00
2026-05-13,20260513,종금형,개인,1,43096,87872359395,cma,2026-06-14T00:22:39+09:00
2026-05-13,20260513,종금형,기관,1,197,11110302221,cma,2026-06-14T00:22:39+09:00
2026-05-13,20260513,합계,개인,0,39536975,95185740205724,cma,2026-06-14T00:22:39+09:00
2026-05-14,20260514,MMF형,개인,12,2804757,4331496927207,cma,2026-06-14T00:22:39+09:00
2026-05-14,20260514,MMF형,기관,12,533,75416182368,cma,2026-06-14T00:22:39+09:00
2026-05-14,20260514,RP형,개인,23,26621838,45472496194691,cma,2026-06-14T00:22:39+09:00
2026-05-14,20260514,RP형,기관,23,77243,3465004205737,cma,2026-06-14T00:22:39+09:00
2026-05-14,20260514,기타형,개인,14,3336664,26623491669343,cma,2026-06-14T00:22:39+09:00
2026-05-14,20260514,기타형,기관,14,56573,7752259622625,cma,2026-06-14T00:22:39+09:00
2026-05-14,20260514,발행어음형,개인,5,6746871,25133952390790,cma,2026-06-14T00:22:39+09:00
2026-05-14,20260514,발행어음형,기관,5,9142,844185254313,cma,2026-06-14T00:22:39+09:00
2026-05-14,20260514,종금형,개인,1,43086,87839833445,cma,2026-06-14T00:22:39+09:00
2026-05-14,20260514,종금형,기관,1,198,10101746375,cma,2026-06-14T00:22:39+09:00
2026-05-14,20260514,합계,개인,0,39553216,101649277015476,cma,2026-06-14T00:22:39+09:00
2026-05-14,20260514,합계,기관,0,143689,12146967011418,cma,2026-06-14T00:22:39+09:00
2026-05-15,20260515,합계,기관,0,143747,12073109843763,cma,2026-06-14T00:22:39+09:00
2026-05-15,20260515,MMF형,개인,12,2806252,4344609471374,cma,2026-06-14T00:22:39+09:00
2026-05-15,20260515,MMF형,기관,12,533,75318260939,cma,2026-06-14T00:22:39+09:00
2026-05-15,20260515,RP형,개인,23,26631764,44915526196416,cma,2026-06-14T00:22:39+09:00
2026-05-15,20260515,RP형,기관,23,77268,3434936273597,cma,2026-06-14T00:22:39+09:00
2026-05-15,20260515,기타형,개인,14,3337178,26475689943679,cma,2026-06-14T00:22:39+09:00
2026-05-15,20260515,기타형,기관,14,56604,7696045304050,cma,2026-06-14T00:22:39+09:00
2026-05-15,20260515,발행어음형,개인,5,6749156,24939819014596,cma,2026-06-14T00:22:39+09:00
2026-05-15,20260515,발행어음형,기관,5,9145,856769391398,cma,2026-06-14T00:22:39+09:00
2026-05-15,20260515,종금형,개인,1,43077,87248186527,cma,2026-06-14T00:22:39+09:00
2026-05-15,20260515,종금형,기관,1,197,10040613779,cma,2026-06-14T00:22:39+09:00
2026-05-15,20260515,합계,개인,0,39567427,100762892812592,cma,2026-06-14T00:22:39+09:00
2026-05-18,20260518,MMF형,개인,12,2809828,4325480896049,cma,2026-06-14T00:22:39+09:00
2026-05-18,20260518,MMF형,기관,12,534,74539560327,cma,2026-06-14T00:22:39+09:00
2026-05-18,20260518,RP형,개인,23,26650262,44845418325463,cma,2026-06-14T00:22:39+09:00
2026-05-18,20260518,RP형,기관,23,77287,3425505311915,cma,2026-06-14T00:22:39+09:00
2026-05-18,20260518,기타형,개인,14,3337620,26599897872153,cma,2026-06-14T00:22:39+09:00
2026-05-18,20260518,발행어음형,개인,5,6752694,24863902364106,cma,2026-06-14T00:22:39+09:00
2026-05-18,20260518,발행어음형,기관,5,9148,858339639721,cma,2026-06-14T00:22:39+09:00
2026-05-18,20260518,종금형,개인,1,43065,87554619645,cma,2026-06-14T00:22:39+09:00
2026-05-18,20260518,종금형,기관,1,197,10035205635,cma,2026-06-14T00:22:39+09:00
2026-05-18,20260518,합계,개인,0,39593469,100722254077416,cma,2026-06-14T00:22:39+09:00
2026-05-18,20260518,합계,기관,0,143798,12235047375155,cma,2026-06-14T00:22:39+09:00
2026-05-18,20260518,기타형,기관,14,56632,7866627657557,cma,2026-06-14T00:22:39+09:00
2026-05-19,20260519,합계,기관,0,143887,12303162981497,cma,2026-06-14T00:22:39+09:00
2026-05-19,20260519,합계,개인,0,39604001,101178035489317,cma,2026-06-14T00:22:39+09:00
2026-05-19,20260519,종금형,기관,1,197,10036392636,cma,2026-06-14T00:22:39+09:00
2026-05-19,20260519,종금형,개인,1,43049,87751712204,cma,2026-06-14T00:22:39+09:00
2026-05-19,20260519,발행어음형,기관,5,9153,878034699903,cma,2026-06-14T00:22:39+09:00
2026-05-19,20260519,발행어음형,개인,5,6754251,24922480254526,cma,2026-06-14T00:22:39+09:00
2026-05-19,20260519,기타형,기관,14,56675,7871979536844,cma,2026-06-14T00:22:39+09:00
2026-05-19,20260519,MMF형,개인,12,2810996,4329625228610,cma,2026-06-14T00:22:39+09:00
2026-05-19,20260519,기타형,개인,14,3338011,26976688128660,cma,2026-06-14T00:22:39+09:00
2026-05-19,20260519,RP형,기관,23,77328,3468860191328,cma,2026-06-14T00:22:39+09:00
2026-05-19,20260519,RP형,개인,23,26657694,44861490165317,cma,2026-06-14T00:22:39+09:00
2026-05-19,20260519,MMF형,기관,12,534,74252160786,cma,2026-06-14T00:22:39+09:00
2026-05-20,20260520,MMF형,개인,12,2812137,4313620977308,cma,2026-06-14T00:22:39+09:00
2026-05-20,20260520,RP형,개인,23,26665006,44739002729831,cma,2026-06-14T00:22:39+09:00
2026-05-20,20260520,RP형,기관,23,77353,3471747497891,cma,2026-06-14T00:22:39+09:00
2026-05-20,20260520,기타형,개인,14,3338281,25898312774603,cma,2026-06-14T00:22:39+09:00
2026-05-20,20260520,기타형,기관,14,56700,7704200636656,cma,2026-06-14T00:22:39+09:00
2026-05-20,20260520,발행어음형,개인,5,6756081,24403381654461,cma,2026-06-14T00:22:39+09:00
2026-05-20,20260520,발행어음형,기관,5,9155,870727241042,cma,2026-06-14T00:22:39+09:00
2026-05-20,20260520,종금형,개인,1,43044,87143850163,cma,2026-06-14T00:22:39+09:00
2026-05-20,20260520,종금형,기관,1,197,10568565638,cma,2026-06-14T00:22:39+09:00
2026-05-20,20260520,합계,개인,0,39614549,99441461986366,cma,2026-06-14T00:22:39+09:00
2026-05-20,20260520,합계,기관,0,143939,12134249028068,cma,2026-06-14T00:22:39+09:00
2026-05-20,20260520,MMF형,기관,12,534,77005086841,cma,2026-06-14T00:22:39+09:00
2026-05-21,20260521,합계,개인,0,39630070,98338692404711,cma,2026-06-14T00:22:39+09:00
2026-05-21,20260521,종금형,기관,1,197,9578813016,cma,2026-06-14T00:22:39+09:00
2026-05-21,20260521,종금형,개인,1,43047,87038834607,cma,2026-06-14T00:22:39+09:00
2026-05-21,20260521,발행어음형,기관,5,9158,856880861189,cma,2026-06-14T00:22:39+09:00
2026-05-21,20260521,발행어음형,개인,5,6758562,24234658370752,cma,2026-06-14T00:22:39+09:00
2026-05-21,20260521,기타형,개인,14,3338642,25358434672937,cma,2026-06-14T00:22:39+09:00
2026-05-21,20260521,RP형,기관,23,77379,3460812249495,cma,2026-06-14T00:22:39+09:00
2026-05-21,20260521,RP형,개인,23,26675907,44344271068119,cma,2026-06-14T00:22:39+09:00
2026-05-21,20260521,MMF형,기관,12,534,77278066975,cma,2026-06-14T00:22:39+09:00
2026-05-21,20260521,합계,기관,0,144003,12124996175737,cma,2026-06-14T00:22:39+09:00
2026-05-21,20260521,기타형,기관,14,56735,7720446185062,cma,2026-06-14T00:22:39+09:00
2026-05-21,20260521,MMF형,개인,12,2813912,4314289458296,cma,2026-06-14T00:22:39+09:00
2026-05-22,20260522,발행어음형,개인,5,6762657,24963535657957,cma,2026-06-14T00:22:39+09:00
2026-05-22,20260522,MMF형,기관,12,534,79540525701,cma,2026-06-14T00:22:39+09:00
2026-05-22,20260522,RP형,개인,23,26689961,44884139818445,cma,2026-06-14T00:22:39+09:00
2026-05-22,20260522,RP형,기관,23,77419,3519222468343,cma,2026-06-14T00:22:39+09:00
2026-05-22,20260522,기타형,개인,14,3339212,26322248641475,cma,2026-06-14T00:22:39+09:00
2026-05-22,20260522,기타형,기관,14,56750,7765475627350,cma,2026-06-14T00:22:39+09:00
2026-05-22,20260522,발행어음형,기관,5,9164,877803759350,cma,2026-06-14T00:22:39+09:00
2026-05-22,20260522,종금형,개인,1,43044,87321462896,cma,2026-06-14T00:22:39+09:00
2026-05-22,20260522,종금형,기관,1,197,9529963820,cma,2026-06-14T00:22:39+09:00
2026-05-22,20260522,합계,개인,0,39650997,100631364663357,cma,2026-06-14T00:22:39+09:00
2026-05-22,20260522,합계,기관,0,144064,12251572344564,cma,2026-06-14T00:22:39+09:00
2026-05-22,20260522,MMF형,개인,12,2816123,4374119082584,cma,2026-06-14T00:22:39+09:00
2026-05-26,20260526,합계,기관,0,144117,12243675545962,cma,2026-06-14T00:22:39+09:00
2026-05-26,20260526,합계,개인,0,39696714,97925902799937,cma,2026-06-14T00:22:39+09:00
2026-05-26,20260526,종금형,기관,1,197,9379860955,cma,2026-06-14T00:22:39+09:00
2026-05-26,20260526,종금형,개인,1,43033,86348177464,cma,2026-06-14T00:22:39+09:00
2026-05-26,20260526,발행어음형,기관,5,9168,873496806220,cma,2026-06-14T00:22:39+09:00
2026-05-26,20260526,발행어음형,개인,5,6769614,23694961786414,cma,2026-06-14T00:22:39+09:00
2026-05-26,20260526,기타형,개인,14,3339593,25206800195646,cma,2026-06-14T00:22:39+09:00
2026-05-26,20260526,RP형,기관,23,77441,3494478442621,cma,2026-06-14T00:22:39+09:00
2026-05-26,20260526,RP형,개인,23,26721455,44643123046020,cma,2026-06-14T00:22:39+09:00
2026-05-26,20260526,MMF형,기관,12,534,80638843378,cma,2026-06-14T00:22:39+09:00
2026-05-26,20260526,MMF형,개인,12,2823019,4294669594393,cma,2026-06-14T00:22:39+09:00
2026-05-26,20260526,기타형,기관,14,56777,7785681592788,cma,2026-06-14T00:22:39+09:00
2026-05-27,20260527,합계,개인,0,39716667,94057238404171,cma,2026-06-14T00:22:39+09:00
2026-05-27,20260527,종금형,기관,1,197,8888630534,cma,2026-06-14T00:22:39+09:00
2026-05-27,20260527,종금형,개인,1,43020,85379983778,cma,2026-06-14T00:22:39+09:00
2026-05-27,20260527,발행어음형,기관,5,9170,894870136307,cma,2026-06-14T00:22:39+09:00
2026-05-27,20260527,발행어음형,개인,5,6772603,22273033610973,cma,2026-06-14T00:22:39+09:00
2026-05-27,20260527,기타형,기관,14,56815,8042885656510,cma,2026-06-14T00:22:39+09:00
2026-05-27,20260527,기타형,개인,14,3340055,23898201245327,cma,2026-06-14T00:22:39+09:00
2026-05-27,20260527,RP형,기관,23,77469,3499199135398,cma,2026-06-14T00:22:39+09:00
2026-05-27,20260527,RP형,개인,23,26735622,43547651309505,cma,2026-06-14T00:22:39+09:00
2026-05-27,20260527,MMF형,기관,12,534,280564907579,cma,2026-06-14T00:22:39+09:00
2026-05-27,20260527,MMF형,개인,12,2825367,4252972254588,cma,2026-06-14T00:22:39+09:00
2026-05-27,20260527,합계,기관,0,144185,12726408466328,cma,2026-06-14T00:22:39+09:00
2026-05-28,20260528,MMF형,기관,12,534,281445636367,cma,2026-06-14T00:22:39+09:00
2026-05-28,20260528,MMF형,개인,12,2827355,4228240917327,cma,2026-06-14T00:22:39+09:00
2026-05-28,20260528,합계,기관,0,143725,12683239114192,cma,2026-06-14T00:22:39+09:00
2026-05-28,20260528,합계,개인,0,39193100,96057650327517,cma,2026-06-14T00:22:39+09:00
2026-05-28,20260528,종금형,기관,1,197,8914453438,cma,2026-06-14T00:22:39+09:00
2026-05-28,20260528,종금형,개인,1,43014,84756172242,cma,2026-06-14T00:22:39+09:00
2026-05-28,20260528,발행어음형,기관,5,9171,893230297437,cma,2026-06-14T00:22:39+09:00
2026-05-28,20260528,발행어음형,개인,5,6775210,23146251894374,cma,2026-06-14T00:22:39+09:00
2026-05-28,20260528,기타형,기관,14,56500,8013757255221,cma,2026-06-14T00:22:39+09:00
2026-05-28,20260528,기타형,개인,14,3039948,24796349254255,cma,2026-06-14T00:22:39+09:00
2026-05-28,20260528,RP형,기관,23,77323,3485891471729,cma,2026-06-14T00:22:39+09:00
2026-05-28,20260528,RP형,개인,23,26507573,43802052089319,cma,2026-06-14T00:22:39+09:00
2026-05-29,20260529,기타형,기관,14,56531,7817838746866,cma,2026-06-14T00:22:39+09:00
2026-05-29,20260529,RP형,개인,23,26521549,45189496133497,cma,2026-06-14T00:22:39+09:00
2026-05-29,20260529,RP형,기관,23,77374,3412703165767,cma,2026-06-14T00:22:39+09:00
2026-05-29,20260529,기타형,개인,14,3040639,26694664551080,cma,2026-06-14T00:22:39+09:00
2026-05-29,20260529,MMF형,개인,12,2829295,4267133393095,cma,2026-06-14T00:22:39+09:00
2026-05-29,20260529,발행어음형,개인,5,6778000,25005785664101,cma,2026-06-14T00:22:39+09:00
2026-05-29,20260529,발행어음형,기관,5,9174,880384123918,cma,2026-06-14T00:22:39+09:00
2026-05-29,20260529,종금형,개인,1,43010,85452065172,cma,2026-06-14T00:22:39+09:00
2026-05-29,20260529,종금형,기관,1,197,9157469279,cma,2026-06-14T00:22:39+09:00
2026-05-29,20260529,합계,개인,0,39212493,101242531806945,cma,2026-06-14T00:22:39+09:00
2026-05-29,20260529,합계,기관,0,143810,12398934745065,cma,2026-06-14T00:22:39+09:00
2026-05-29,20260529,MMF형,기관,12,534,278851239235,cma,2026-06-14T00:22:39+09:00
2026-06-01,20260601,MMF형,개인,12,2834815,4317921110874,cma,2026-06-14T00:22:39+09:00
2026-06-01,20260601,합계,기관,0,143853,12734393726451,cma,2026-06-14T00:22:39+09:00
2026-06-01,20260601,합계,개인,0,39250428,100971941726163,cma,2026-06-14T00:22:39+09:00
2026-06-01,20260601,종금형,기관,1,197,9133610034,cma,2026-06-14T00:22:39+09:00
2026-06-01,20260601,종금형,개인,1,42983,85186406492,cma,2026-06-14T00:22:39+09:00
2026-06-01,20260601,발행어음형,기관,5,9174,859946692789,cma,2026-06-14T00:22:39+09:00
2026-06-01,20260601,발행어음형,개인,5,6783919,25061940360862,cma,2026-06-14T00:22:39+09:00
2026-06-01,20260601,기타형,기관,14,56563,8165777618684,cma,2026-06-14T00:22:39+09:00
2026-06-01,20260601,기타형,개인,14,3041093,26489856831245,cma,2026-06-14T00:22:39+09:00
2026-06-01,20260601,RP형,기관,23,77385,3423467462757,cma,2026-06-14T00:22:39+09:00
2026-06-01,20260601,RP형,개인,23,26547618,45017037016690,cma,2026-06-14T00:22:39+09:00
2026-06-01,20260601,MMF형,기관,12,534,276068342187,cma,2026-06-14T00:22:39+09:00
2026-06-02,20260602,MMF형,개인,12,2837046,4329935284446,cma,2026-06-14T00:22:39+09:00
2026-06-02,20260602,합계,기관,0,143923,12741064301355,cma,2026-06-14T00:22:39+09:00
2026-06-02,20260602,합계,개인,0,39268463,100401075162237,cma,2026-06-14T00:22:39+09:00
2026-06-02,20260602,종금형,개인,1,42968,84948575637,cma,2026-06-14T00:22:39+09:00
2026-06-02,20260602,발행어음형,기관,5,9175,884605569688,cma,2026-06-14T00:22:39+09:00
2026-06-02,20260602,발행어음형,개인,5,6787079,24882248048520,cma,2026-06-14T00:22:39+09:00
2026-06-02,20260602,기타형,기관,14,56598,8116716795686,cma,2026-06-14T00:22:39+09:00
2026-06-02,20260602,기타형,개인,14,3041588,26161796875943,cma,2026-06-14T00:22:39+09:00
2026-06-02,20260602,RP형,기관,23,77419,3472970087850,cma,2026-06-14T00:22:39+09:00
2026-06-02,20260602,RP형,개인,23,26559782,44942146377691,cma,2026-06-14T00:22:39+09:00
2026-06-02,20260602,MMF형,기관,12,534,257614365295,cma,2026-06-14T00:22:39+09:00
2026-06-02,20260602,종금형,기관,1,197,9157482836,cma,2026-06-14T00:22:39+09:00
2026-06-04,20260604,합계,기관,0,143983,12702767775954,cma,2026-06-14T00:22:39+09:00
2026-06-04,20260604,합계,개인,0,39293930,100921025015166,cma,2026-06-14T00:22:39+09:00
2026-06-04,20260604,종금형,기관,1,197,9578482853,cma,2026-06-14T00:22:39+09:00
2026-06-04,20260604,종금형,개인,1,42950,84732048901,cma,2026-06-14T00:22:39+09:00
2026-06-04,20260604,발행어음형,기관,5,9180,888408327777,cma,2026-06-14T00:22:39+09:00
2026-06-04,20260604,발행어음형,개인,5,6791356,24813246063706,cma,2026-06-14T00:22:39+09:00
2026-06-04,20260604,MMF형,개인,12,2840518,4335840187603,cma,2026-06-14T00:22:39+09:00
2026-06-04,20260604,기타형,기관,14,56631,8173942022610,cma,2026-06-14T00:22:39+09:00
2026-06-04,20260604,MMF형,기관,12,534,144901431414,cma,2026-06-14T00:22:39+09:00
2026-06-04,20260604,RP형,개인,23,26577054,45292485445501,cma,2026-06-14T00:22:39+09:00
2026-06-04,20260604,RP형,기관,23,77441,3485937511300,cma,2026-06-14T00:22:39+09:00
2026-06-04,20260604,기타형,개인,14,3042052,26394721269455,cma,2026-06-14T00:22:39+09:00
2026-06-05,20260605,MMF형,개인,12,2842209,4329138727455,cma,2026-06-14T00:22:39+09:00
2026-06-05,20260605,MMF형,기관,12,534,117337943880,cma,2026-06-14T00:22:39+09:00
2026-06-05,20260605,RP형,개인,23,26586395,45200397814943,cma,2026-06-14T00:22:39+09:00
2026-06-05,20260605,RP형,기관,23,77475,3533575953629,cma,2026-06-14T00:22:39+09:00
2026-06-05,20260605,기타형,개인,14,3042616,26617781924698,cma,2026-06-14T00:22:39+09:00
2026-06-05,20260605,기타형,기관,14,56662,8209740087326,cma,2026-06-14T00:22:39+09:00
2026-06-05,20260605,발행어음형,개인,5,6795957,24798583296661,cma,2026-06-14T00:22:39+09:00
2026-06-05,20260605,발행어음형,기관,5,9183,892609891993,cma,2026-06-14T00:22:39+09:00
2026-06-05,20260605,종금형,개인,1,42943,83763029825,cma,2026-06-14T00:22:39+09:00
2026-06-05,20260605,종금형,기관,1,197,9903482319,cma,2026-06-14T00:22:39+09:00
2026-06-05,20260605,합계,개인,0,39310120,101029664793582,cma,2026-06-14T00:22:39+09:00
2026-06-05,20260605,합계,기관,0,144051,12763167359147,cma,2026-06-14T00:22:39+09:00
2026-06-08,20260608,합계,기관,0,144113,12613062164231,cma,2026-06-14T00:22:39+09:00
2026-06-08,20260608,MMF형,개인,12,2846194,4265533371535,cma,2026-06-14T00:22:39+09:00
2026-06-08,20260608,MMF형,기관,12,534,102037435664,cma,2026-06-14T00:22:39+09:00
2026-06-08,20260608,RP형,개인,23,26605626,44354807875469,cma,2026-06-14T00:22:39+09:00
2026-06-08,20260608,RP형,기관,23,77513,3523084198417,cma,2026-06-14T00:22:39+09:00
2026-06-08,20260608,기타형,개인,14,3042950,26091699477981,cma,2026-06-14T00:22:39+09:00
2026-06-08,20260608,기타형,기관,14,56684,8086102186995,cma,2026-06-14T00:22:39+09:00
2026-06-08,20260608,발행어음형,기관,5,9185,891975314778,cma,2026-06-14T00:22:39+09:00
2026-06-08,20260608,종금형,개인,1,42934,83419963422,cma,2026-06-14T00:22:39+09:00
2026-06-08,20260608,종금형,기관,1,197,9863028377,cma,2026-06-14T00:22:39+09:00
2026-06-08,20260608,합계,개인,0,39337643,99171176296745,cma,2026-06-14T00:22:39+09:00
2026-06-08,20260608,발행어음형,개인,5,6799939,24375715608338,cma,2026-06-14T00:22:39+09:00
2026-06-09,20260609,합계,기관,0,144169,12708452520790,cma,2026-06-14T00:22:39+09:00
2026-06-09,20260609,종금형,기관,1,197,10018235960,cma,2026-06-14T00:22:39+09:00
2026-06-09,20260609,종금형,개인,1,42937,83107081851,cma,2026-06-14T00:22:39+09:00
2026-06-09,20260609,발행어음형,기관,5,9190,891859751481,cma,2026-06-14T00:22:39+09:00
2026-06-09,20260609,발행어음형,개인,5,6802124,24411758738820,cma,2026-06-14T00:22:39+09:00
2026-06-09,20260609,기타형,기관,14,56709,8191164483041,cma,2026-06-14T00:22:39+09:00
2026-06-09,20260609,기타형,개인,14,3043292,26007591720176,cma,2026-06-14T00:22:39+09:00
2026-06-09,20260609,RP형,기관,23,77539,3524427091222,cma,2026-06-14T00:22:39+09:00
2026-06-09,20260609,RP형,개인,23,26614337,44216199373594,cma,2026-06-14T00:22:39+09:00
2026-06-09,20260609,MMF형,기관,12,534,90982959086,cma,2026-06-14T00:22:39+09:00
2026-06-09,20260609,MMF형,개인,12,2847795,4288459912329,cma,2026-06-14T00:22:39+09:00
2026-06-09,20260609,합계,개인,0,39350485,99007116826770,cma,2026-06-14T00:22:39+09:00
2026-06-10,20260610,MMF형,개인,12,2849231,4279565359063,cma,2026-06-14T00:22:39+09:00
2026-06-10,20260610,합계,기관,0,144240,12376242811275,cma,2026-06-14T00:22:39+09:00
2026-06-10,20260610,합계,개인,0,39362970,97388016346950,cma,2026-06-14T00:22:39+09:00
2026-06-10,20260610,종금형,기관,1,197,9699414377,cma,2026-06-14T00:22:39+09:00
2026-06-10,20260610,종금형,개인,1,42944,82632211935,cma,2026-06-14T00:22:39+09:00
2026-06-10,20260610,발행어음형,기관,5,9191,885670260139,cma,2026-06-14T00:22:39+09:00
2026-06-10,20260610,발행어음형,개인,5,6804238,23700628052193,cma,2026-06-14T00:22:39+09:00
2026-06-10,20260610,기타형,기관,14,56733,7870005305855,cma,2026-06-14T00:22:39+09:00
2026-06-10,20260610,기타형,개인,14,3043583,25351269891794,cma,2026-06-14T00:22:39+09:00
2026-06-10,20260610,RP형,기관,23,77585,3526312658952,cma,2026-06-14T00:22:39+09:00
2026-06-10,20260610,RP형,개인,23,26622974,43973920831965,cma,2026-06-14T00:22:39+09:00
2026-06-10,20260610,MMF형,기관,12,534,84555171952,cma,2026-06-14T00:22:39+09:00
