rank,recommendation,name,code,market,current_price,current_price_source,streak_days,streak_change_pct,avg_direction_run_days,value_buy_range,first_sell_target_range,low_3m,high_3m,return_1m_pct,trading_activity,price_elasticity,position_in_3m_range_pct,current_position,ma5_trend,ma20_trend,ma60_trend,ma120_trend,trend_text,avg_daily_move_pct,avg_daily_move_abs,avg_daily_move_text,supply_risk_note,corporate_value_note,technical_score,sector,theme,sector_theme,asof_date
1,🟡,코아스,071950,KOSPI,1727,NAVER_STOCK_MOBILE,7,-17.76,2.4,"1,406원~1,691원","2,015원~2,250원",1317.0,2760,-22.07,매우부족,탄력 불안정,28.4,중하단,↘,↘,↗,↘,5↘ 20↘ 60↗ 120↘,6.61,130,6.61% / ±130원,"수급부담 위험: BW,CB,CB발행,대량보유,신주인수권,유상증자",공개 참조자료상 영업적자 경고는 없음. PER·PBR·매출·영업이익 성장성은 종목별 추가 확인 필요,74,가구 제조업,사무용가구·금속가구 도매·제조,가구 제조업 / 사무용가구·금속가구 도매·제조,2026-08-14
2,🟢,포스코인터내셔널,047050,KOSPI,53300,NAVER_STOCK_MOBILE,5,-8.1,2.2,"49,950원~53,800원","58,100원~61,300원",44850.0,76700,7.31,보통,탄력 높음,26.5,중하단,↗,↗,↘,↘,5↗ 20↗ 60↘ 120↘,3.09,1738,"3.09% / ±1,738원",수급부담 주의: 대량보유,공개 참조자료상 영업적자 경고는 없음. PER·PBR·매출·영업이익 성장성은 종목별 추가 확인 필요,94,상품 중개업,영업활동의 주요 품목으로 에너지 사업내 천연가스 발전·태양력·풍력,상품 중개업 / 영업활동의 주요 품목으로 에너지 사업내 천연가스 발전·태양력·풍력,2026-08-14
3,🟢,롯데케미칼,011170,KOSPI,57200,NAVER_STOCK_MOBILE,5,-6.23,1.9,"53,000원~56,800원","61,900원~65,500원",52500.0,93100,-5.28,보통,탄력 보통,11.6,바닥권,↘,↘,↘,↘,5↘ 20↘ 60↘ 120↘,2.89,2025,"2.89% / ±2,025원",현재 참조자료상 특별한 수급부담 신호는 확인되지 않음. 외국인·기관 당일 순매수는 별도 확인 필요,공개 참조자료상 영업적자 경고는 없음. PER·PBR·매출·영업이익 성장성은 종목별 추가 확인 필요,87,기초 화학물질 제조업,폴리프로필렌·고밀도폴리에틸렌·에틸렌글리콜,기초 화학물질 제조업 / 폴리프로필렌·고밀도폴리에틸렌·에틸렌글리콜,2026-08-14
4,🟢,코오롱인더,120110,KOSPI,55300,NAVER_STOCK_MOBILE,4,-5.63,2.2,"49,950원~55,000원","60,800원~64,900원",43750.0,89800,4.31,보통,탄력 높음,25.1,중하단,↗,↗,↘,↘,5↗ 20↗ 60↘ 120↘,3.68,2295,"3.68% / ±2,295원","수급부담 경계: 대량보유,주요주주변동",공개 참조자료상 영업적자 경고는 없음. PER·PBR·매출·영업이익 성장성은 종목별 추가 확인 필요,89,화학섬유 제조업,산업자재·화학·필름,화학섬유 제조업 / 산업자재·화학·필름,2026-08-14
5,🟡,삼일제약,000520,KOSPI,6760,NAVER_STOCK_MOBILE,4,-7.02,2.2,"6,210원~6,720원","7,300원~7,720원",5500.0,8950,12.79,매우부족,탄력 높음,36.5,중간,↗,↗,↘,↘,5↗ 20↗ 60↘ 120↘,3.43,233,3.43% / ±233원,"수급부담 위험: CB,CB발행,대량보유,유상증자,주요주주변동",최근 공개 실적자료에서 영업적자 경고가 있어 낙폭만 보고 매수하기보다 실적 회복 확인이 필요,79,의약품 제조업,양약(부루펜·액티피드·포리부틴) 제조,의약품 제조업 / 양약(부루펜·액티피드·포리부틴) 제조,2026-08-14
6,🟡,진도,088790,KOSPI,2235,NAVER_STOCK_MOBILE,4,-6.09,1.7,"2,105원~2,240원","2,405원~2,525원",2065.0,3050,-8.48,매우부족,탄력 보통,17.3,중하단,→,↘,↘,→,5→ 20↘ 60↘ 120→,2.6,65,2.60% / ±65원,특별한 공개 수급부담 신호는 없지만 거래유동성 낮음에 주의,공개 참조자료상 영업적자 경고는 없음. PER·PBR·매출·영업이익 성장성은 종목별 추가 확인 필요,79,기타 전문 도매업,모피제품 제조·가공,기타 전문 도매업 / 모피제품 제조·가공,2026-08-14
7,🟡,동원수산,030720,KOSPI,6020,NAVER_STOCK_MOBILE,4,-5.35,1.9,"5,700원~6,040원","6,450원~6,740원",5110.0,7980,4.81,매우부족,탄력 보통,31.7,중하단,↗,↘,→,→,5↗ 20↘ 60→ 120→,2.68,160,2.68% / ±160원,"수급부담 경계: 대량보유,주요주주변동",공개 참조자료상 영업적자 경고는 없음. PER·PBR·매출·영업이익 성장성은 종목별 추가 확인 필요,79,어로 어업,원양어업·수산물 제조·가공,어로 어업 / 원양어업·수산물 제조·가공,2026-08-14
8,🟡,이화산업,000760,KOSPI,12480,NAVER_STOCK_MOBILE,4,-5.17,2.6,"11,750원~12,440원","13,290원~13,880원",10380.0,15950,-1.49,매우부족,탄력 보통,37.7,중간,↘,→,↘,↘,5↘ 20→ 60↘ 120↘,2.61,327,2.61% / ±327원,"수급부담 위험: 대량보유,주요주주변동,최대주주변경",공개 참조자료상 영업적자 경고는 없음. PER·PBR·매출·영업이익 성장성은 종목별 추가 확인 필요,79,기타 전문 도매업,염료(반응성염료·분산염료·범용염료,기타 전문 도매업 / 염료(반응성염료·분산염료·범용염료,2026-08-14
9,🟡,영풍,000670,KOSPI,38100,NAVER_STOCK_MOBILE,4,-5.11,2.1,"35,750원~38,400원","41,500원~43,700원",31000.0,65900,8.99,부족,탄력 보통,20.3,중하단,↗,↗,↘,↘,5↗ 20↗ 60↘ 120↘,2.82,1227,"2.82% / ±1,227원","수급부담 경계: 대량보유,주요주주변동",공개 참조자료상 영업적자 경고는 없음. PER·PBR·매출·영업이익 성장성은 종목별 추가 확인 필요,79,1차 비철금속 제조업,제1차 금속산업(아연괴·황산·카드뮴괴),1차 비철금속 제조업 / 제1차 금속산업(아연괴·황산·카드뮴괴),2026-08-14
10,🟡,솔루엠,248070,KOSPI,14770,NAVER_STOCK_MOBILE,4,-4.83,2.4,"14,100원~15,040원","16,150원~16,940원",11520.0,22250,3.26,부족,탄력 보통,30.3,중하단,↗,↗,↘,↘,5↗ 20↗ 60↘ 120↘,2.62,438,2.62% / ±438원,"수급부담 위험: 대량보유,유상증자,자사주처분,주요주주변동",공개 참조자료상 영업적자 경고는 없음. PER·PBR·매출·영업이익 성장성은 종목별 추가 확인 필요,79,전자부품 제조업,POWER·3in1 Board·ESL 등,전자부품 제조업 / POWER·3in1 Board·ESL 등,2026-08-14
11,🟡,일동제약,249420,KOSPI,15200,NAVER_STOCK_MOBILE,4,-4.34,2.4,"13,800원~15,050원","16,470원~17,500원",11250.0,26150,4.89,부족,탄력 높음,26.5,중하단,↗,↗,↘,↘,5↗ 20↗ 60↘ 120↘,3.34,570,3.34% / ±570원,특별한 공개 수급부담 신호는 없지만 거래유동성 낮음에 주의,공개 참조자료상 영업적자 경고는 없음. PER·PBR·매출·영업이익 성장성은 종목별 추가 확인 필요,79,의약품 제조업,아로나민·후루마린·큐란,의약품 제조업 / 아로나민·후루마린·큐란,2026-08-14
12,🟡,국제약품,002720,KOSPI,3355,NAVER_STOCK_MOBILE,4,-2.33,2.6,"3,205원~3,345원","3,530원~3,655원",2810.0,4385,-1.6,매우부족,탄력 보통,34.6,중하단,↗,→,↘,↘,5↗ 20→ 60↘ 120↘,1.98,69,1.98% / ±69원,"수급부담 경계: 대량보유,주요주주변동",공개 참조자료상 영업적자 경고는 없음. PER·PBR·매출·영업이익 성장성은 종목별 추가 확인 필요,79,의약품 제조업,항생제·안약·제약 제조,의약품 제조업 / 항생제·안약·제약 제조,2026-08-14
13,🟡,SG글로벌,001380,KOSPI,1362,NAVER_STOCK_MOBILE,4,-1.52,2.4,"1,274원~1,356원","1,455원~1,524원",1126.0,1935,1.03,매우부족,탄력 보통,29.2,중하단,↗,↗,↘,↘,5↗ 20↗ 60↘ 120↘,2.64,38,2.64% / ±38원,"수급부담 위험: 대량보유,주요주주변동,최대주주변경",공개 참조자료상 영업적자 경고는 없음. PER·PBR·매출·영업이익 성장성은 종목별 추가 확인 필요,79,자동차 신품 부품 제조업,자동차시트 및 자동차시트커버(Seat Trim Cover),자동차 신품 부품 제조업 / 자동차시트 및 자동차시트커버(Seat Trim Cover),2026-08-14
14,🟡,SG세계물산,004060,KOSPI,2470,NAVER_STOCK_MOBILE,4,-10.51,1.6,"2,275원~2,465원","2,680원~2,835원",2155.0,4540,2.68,매우부족,탄력 높음,13.2,바닥권,↗,↗,↘,↗,5↗ 20↗ 60↘ 120↗,3.21,86,3.21% / ±86원,"수급부담 위험: 대량보유,주요주주변동,최대주주변경",최근 공개 실적자료에서 영업적자 경고가 있어 낙폭만 보고 매수하기보다 실적 회복 확인이 필요,72,상품 종합 도매업,피복류·봉제품·P.E제품 수출입,상품 종합 도매업 / 피복류·봉제품·P.E제품 수출입,2026-08-14
15,⚠️,에이엔피,015260,KOSPI,263,NAVER_STOCK_MOBILE,4,-29.68,1.8,213원~278원,353원~406원,,710,-24.47,부족,탄력 불안정,,확인필요,↘,↘,↘,↘,5↘ 20↘ 60↘ 120↘,6.98,30,6.98% / ±30원,특별한 공개 수급부담 신호는 없지만 거래유동성 낮음·일중 변동성 큼에 주의,최근 공개 실적자료에서 영업적자 경고가 있어 낙폭만 보고 매수하기보다 실적 회복 확인이 필요,52,전자부품 제조업,전자부품(인쇄회로기판)·무정전 전원공급장치 제조,전자부품 제조업 / 전자부품(인쇄회로기판)·무정전 전원공급장치 제조,2026-08-14
16,🟢,메리츠금융지주,138040,KOSPI,116700,NAVER_STOCK_MOBILE,3,-5.74,2.4,"113,000원~117,400원","122,200원~125,800원",98000.0,128000,1.37,활발,탄력 보통,62.3,중간,↘,↗,↗,↘,5↘ 20↗ 60↗ 120↘,1.98,2220,"1.98% / ±2,220원","수급부담 경계: 대량보유,주요주주변동",공개 참조자료상 영업적자 경고는 없음. PER·PBR·매출·영업이익 성장성은 종목별 추가 확인 필요,80,기타 금융업,투자사업,기타 금융업 / 투자사업,2026-08-14
17,🟡,덴티움,145720,KOSPI,40700,NAVER_STOCK_MOBILE,3,-7.18,2.2,"38,000원~40,350원","43,150원~45,150원",35000.0,54600,-0.49,매우부족,탄력 보통,29.1,중하단,↗,↗,↘,↘,5↗ 20↗ 60↘ 120↘,2.56,1099,"2.56% / ±1,099원",수급부담 주의: 대량보유,공개 참조자료상 영업적자 경고는 없음. PER·PBR·매출·영업이익 성장성은 종목별 추가 확인 필요,74,의료용 기기 제조업,치과용 기기 제조업,의료용 기기 제조업 / 치과용 기기 제조업,2026-08-14
18,🟡,삼일씨엔에스,004440,KOSPI,5060,NAVER_STOCK_MOBILE,3,-4.71,2.4,"4,595원~5,060원","5,580원~5,960원",4200.0,7800,-5.54,매우부족,탄력 높음,23.9,중하단,↗,↘,↘,↘,5↗ 20↘ 60↘ 120↘,3.83,210,3.83% / ±210원,특별한 공개 수급부담 신호는 없지만 거래유동성 낮음에 주의,공개 참조자료상 영업적자 경고는 없음. PER·PBR·매출·영업이익 성장성은 종목별 추가 확인 필요,74,"시멘트, 석회, 플라스터 및 그 제품 제조업",PHC파일·강교·PC,"시멘트, 석회, 플라스터 및 그 제품 제조업 / PHC파일·강교·PC",2026-08-14
19,🟡,제일약품,271980,KOSPI,10070,NAVER_STOCK_MOBILE,3,-4.37,2.2,"9,610원~10,130원","10,770원~11,220원",8810.0,14340,3.23,매우부족,탄력 보통,22.8,중하단,↗,↗,↘,↘,5↗ 20↗ 60↘ 120↘,2.28,247,2.28% / ±247원,특별한 공개 수급부담 신호는 없지만 거래유동성 낮음에 주의,공개 참조자료상 영업적자 경고는 없음. PER·PBR·매출·영업이익 성장성은 종목별 추가 확인 필요,74,의약품 제조업,의약품,의약품 제조업 / 의약품,2026-08-14
20,🟡,세아제강,306200,KOSPI,132800,NAVER_STOCK_MOBILE,3,-3.98,2.1,"124,700원~131,800원","140,500원~146,500원",112000.0,168000,10.09,부족,탄력 보통,37.1,중간,↗,↗,↘,→,5↗ 20↗ 60↘ 120→,2.47,3355,"2.47% / ±3,355원","수급부담 경계: 대량보유,주요주주변동",공개 참조자료상 영업적자 경고는 없음. PER·PBR·매출·영업이익 성장성은 종목별 추가 확인 필요,74,1차 철강 제조업,강관,1차 철강 제조업 / 강관,2026-08-14
21,🟡,포스코스틸리온,058430,KOSPI,4710,NAVER_STOCK_MOBILE,3,-1.98,2.4,"4,305원~4,680원","5,100원~5,410원",3600.0,8030,3.05,부족,탄력 높음,25.1,중하단,↗,↗,↘,↘,5↗ 20↗ 60↘ 120↘,3.12,169,3.12% / ±169원,특별한 공개 수급부담 신호는 없지만 거래유동성 낮음에 주의,공개 참조자료상 영업적자 경고는 없음. PER·PBR·매출·영업이익 성장성은 종목별 추가 확인 필요,74,1차 철강 제조업,용융아연도금강판·용융알루미늄도금강판·칼라도장강판,1차 철강 제조업 / 용융아연도금강판·용융알루미늄도금강판·칼라도장강판,2026-08-14
22,🟡,조선내화,462520,KOSPI,13640,NAVER_STOCK_MOBILE,3,-1.8,1.6,"13,200원~13,540원","14,210원~14,650원",13070.0,16600,-10.0,매우부족,탄력 보통,16.1,중하단,↘,↘,↘,→,5↘ 20↘ 60↘ 120→,1.65,242,1.65% / ±242원,특별한 공개 수급부담 신호는 없지만 거래유동성 낮음에 주의,공개 참조자료상 영업적자 경고는 없음. PER·PBR·매출·영업이익 성장성은 종목별 추가 확인 필요,74,"내화, 비내화 요업제품 제조업",내화 요업제품,"내화, 비내화 요업제품 제조업 / 내화 요업제품",2026-08-14
23,🟡,SK바이오팜,326030,KOSPI,87300,NAVER_STOCK_MOBILE,3,-3.54,1.8,"81,400원~86,700원","93,000원~97,400원",73000.0,106200,10.47,보통,탄력 보통,43.1,중간,↗,↗,↘,↘,5↗ 20↗ 60↘ 120↘,2.86,2460,"2.86% / ±2,460원",현재 참조자료상 특별한 수급부담 신호는 확인되지 않음. 외국인·기관 당일 순매수는 별도 확인 필요,공개 참조자료상 영업적자 경고는 없음. PER·PBR·매출·영업이익 성장성은 종목별 추가 확인 필요,72,자연과학 및 공학 연구개발업,신경질환 및 정신질환을 포함한 중추신경 관련 신약 개발,자연과학 및 공학 연구개발업 / 신경질환 및 정신질환을 포함한 중추신경 관련 신약 개발,2026-08-14
24,⚠️,남선알미늄,008350,KOSPI,1029,NAVER_STOCK_MOBILE,3,-4.28,2.1,"945원~1,021원","1,107원~1,168원",881.0,2255,-3.91,부족,탄력 보통,10.8,바닥권,↗,↘,↘,↘,5↗ 20↘ 60↘ 120↘,2.63,34,2.63% / ±34원,수급부담 경계: 대량보유,최근 공개 실적자료에서 영업적자 경고가 있어 낙폭만 보고 매수하기보다 실적 회복 확인이 필요,67,1차 비철금속 제조업,알미늄샷시 제조·환경사업,1차 비철금속 제조업 / 알미늄샷시 제조·환경사업,2026-08-14
25,⚠️,대원제약,003220,KOSPI,7960,NAVER_STOCK_MOBILE,3,-3.52,2.2,"7,280원~7,900원","8,590원~9,090원",7060.0,13670,2.44,매우부족,탄력 높음,13.6,바닥권,↗,↗,↘,↘,5↗ 20↗ 60↘ 120↘,3.12,278,3.12% / ±278원,수급부담 주의: 주요주주변동,공개 참조자료상 영업적자 경고는 없음. PER·PBR·매출·영업이익 성장성은 종목별 추가 확인 필요,67,의약품 제조업,의약품(해열소염진통제·진해거담제·동맥경화용제,의약품 제조업 / 의약품(해열소염진통제·진해거담제·동맥경화용제,2026-08-14
26,⚠️,환인제약,016580,KOSPI,10140,NAVER_STOCK_MOBILE,3,-2.59,2.1,"9,870원~10,070원","10,480원~10,790원",9160.0,11740,2.21,매우부족,탄력 낮음,38.0,중간,↗,↗,↘,→,5↗ 20↗ 60↘ 120→,1.17,119,1.17% / ±119원,특별한 공개 수급부담 신호는 없지만 거래유동성 낮음에 주의,공개 참조자료상 영업적자 경고는 없음. PER·PBR·매출·영업이익 성장성은 종목별 추가 확인 필요,67,의약품 제조업,의약품(신경정신질환치료제·소화기관용약제·연고) 제조,의약품 제조업 / 의약품(신경정신질환치료제·소화기관용약제·연고) 제조,2026-08-14
27,⚠️,NPC우,004255,KOSPI,1872,NAVER_STOCK_MOBILE,3,-2.35,2.6,"1,815원~1,858원","1,933원~1,991원",1787.0,2355,-5.58,매우부족,탄력 낮음,15.0,바닥권,↗,↘,↘,↘,5↗ 20↘ 60↘ 120↘,1.22,25,1.22% / ±25원,특별한 공개 수급부담 신호는 없지만 거래유동성 낮음에 주의,공개 참조자료상 영업적자 경고는 없음. PER·PBR·매출·영업이익 성장성은 종목별 추가 확인 필요,67,,,,2026-08-14
28,⚠️,모나미,005360,KOSPI,1680,NAVER_STOCK_MOBILE,3,-12.91,2.4,"1,519원~1,751원","2,015원~2,205원",,4475,-12.6,보통,탄력 불안정,,확인필요,↗,↘,↗,→,5↗ 20↘ 60↗ 120→,5.3,105,5.30% / ±105원,특별한 공개 수급부담 신호는 없지만 일중 변동성 큼에 주의,최근 공개 실적자료에서 영업적자 경고가 있어 낙폭만 보고 매수하기보다 실적 회복 확인이 필요,65,생활용품 도매업,BP153(BALL POINT PEN)·P-3000(PLUS PEN)·유성매직,생활용품 도매업 / BP153(BALL POINT PEN)·P-3000(PLUS PEN)·유성매직,2026-08-14
29,⚠️,한성기업,003680,KOSPI,5900,NAVER_STOCK_MOBILE,3,-9.09,3.3,"5,290원~6,090원","7,000원~7,660원",,17340,-33.33,보통,탄력 높음,,확인필요,↘,↘,↗,↗,5↘ 20↘ 60↗ 120↗,4.74,365,4.74% / ±365원,현재 참조자료상 특별한 수급부담 신호는 확인되지 않음. 외국인·기관 당일 순매수는 별도 확인 필요,공개 참조자료상 영업적자 경고는 없음. PER·PBR·매출·영업이익 성장성은 종목별 추가 확인 필요,65,수산물 가공 및 저장 처리업,냉동식품·햄제품 제조·도매,수산물 가공 및 저장 처리업 / 냉동식품·햄제품 제조·도매,2026-08-14
30,⚠️,서흥,008490,KOSPI,24850,NAVER_STOCK_MOBILE,3,-13.26,1.9,"25,500원~27,050원","28,100원~29,100원",16000.0,30550,35.82,부족,탄력 높음,60.8,중간,↗,↗,↗,↗,5↗ 20↗ 60↗ 120↗,3.54,722,3.54% / ±722원,특별한 공개 수급부담 신호는 없지만 거래유동성 낮음에 주의,공개 참조자료상 영업적자 경고는 없음. PER·PBR·매출·영업이익 성장성은 종목별 추가 확인 필요,62,기타 화학제품 제조업,의약품(하드캅셀·건강보조식품·소프트캅셀),기타 화학제품 제조업 / 의약품(하드캅셀·건강보조식품·소프트캅셀),2026-08-14
31,⚠️,동아쏘시오홀딩스,000640,KOSPI,93000,NAVER_STOCK_MOBILE,3,-4.12,2.2,"90,400원~93,500원","97,200원~100,100원",74500.0,98800,13.87,부족,탄력 보통,76.1,중상단,↗,↗,→,↘,5↗ 20↗ 60→ 120↘,1.89,1611,"1.89% / ±1,611원",수급부담 주의: 주요주주변동,공개 참조자료상 영업적자 경고는 없음. PER·PBR·매출·영업이익 성장성은 종목별 추가 확인 필요,62,기타 금융업,의약품(피로회복제·박카스·병원용의약품),기타 금융업 / 의약품(피로회복제·박카스·병원용의약품),2026-08-14
32,⚠️,아세아제지,002310,KOSPI,7790,NAVER_STOCK_MOBILE,3,-3.35,2.2,"7,440원~7,720원","8,120원~8,360원",6800.0,8530,-1.02,매우부족,탄력 보통,57.2,중간,↗,↗,↘,↘,5↗ 20↗ 60↘ 120↘,1.89,145,1.89% / ±145원,특별한 공개 수급부담 신호는 없지만 거래유동성 낮음에 주의,공개 참조자료상 영업적자 경고는 없음. PER·PBR·매출·영업이익 성장성은 종목별 추가 확인 필요,62,"골판지, 종이 상자 및 종이용기 제조업",골판지원지·석고보드원지·크라프트원지,"골판지, 종이 상자 및 종이용기 제조업 / 골판지원지·석고보드원지·크라프트원지",2026-08-14
33,⚠️,일양약품,007570,KOSPI,8690,NAVER_STOCK_MOBILE,3,-3.34,2.4,"8,320원~8,610원","9,040원~9,310원",7290.0,10350,3.08,매우부족,탄력 보통,45.8,중간,↗,↗,↘,↘,5↗ 20↗ 60↘ 120↘,1.83,153,1.83% / ±153원,"수급부담 위험: 대량보유,주요주주변동,최대주주변경",최근 공개 실적자료에서 영업적자 경고가 있어 낙폭만 보고 매수하기보다 실적 회복 확인이 필요,62,의약품 제조업,일반의약품(원비디·영비천·아진탈,의약품 제조업 / 일반의약품(원비디·영비천·아진탈,2026-08-14
34,⚠️,무림페이퍼,009200,KOSPI,1550,NAVER_STOCK_MOBILE,3,-2.02,2.4,"1,473원~1,535원","1,620원~1,676원",1256.0,1910,8.69,매우부족,탄력 보통,45.0,중간,↗,↗,↘,↘,5↗ 20↗ 60↘ 120↘,2.09,31,2.09% / ±31원,특별한 공개 수급부담 신호는 없지만 거래유동성 낮음에 주의,공개 참조자료상 영업적자 경고는 없음. PER·PBR·매출·영업이익 성장성은 종목별 추가 확인 필요,62,"펄프, 종이 및 판지 제조업",지류·아트지·백상지 제조,"펄프, 종이 및 판지 제조업 / 지류·아트지·백상지 제조",2026-08-14
35,⚠️,보령,003850,KOSPI,9170,NAVER_STOCK_MOBILE,3,-0.65,2.1,"8,660원~9,090원","9,460원~9,780원",7410.0,10040,12.09,매우부족,탄력 보통,66.9,중상단,↗,↗,↘,→,5↗ 20↗ 60↘ 120→,2.43,209,2.43% / ±209원,수급부담 주의: 대량보유,공개 참조자료상 영업적자 경고는 없음. PER·PBR·매출·영업이익 성장성은 종목별 추가 확인 필요,62,의약품 제조업,의약품(제산제(겔포스)·구심·용각산,의약품 제조업 / 의약품(제산제(겔포스)·구심·용각산,2026-08-14
36,⚠️,에이프로젠,007460,KOSPI,2570,NAVER_STOCK_MOBILE,3,-4.28,2.4,"2,245원~2,555원","2,910원~3,170원",1961.0,7800,17.38,매우부족,탄력 높음,10.4,바닥권,↗,↗,↘,↗,5↗ 20↗ 60↘ 120↗,4.23,142,4.23% / ±142원,"수급부담 위험: CB,CB발행,대량보유,유상증자",최근 공개 실적자료에서 영업적자 경고가 있어 낙폭만 보고 매수하기보다 실적 회복 확인이 필요,60,의약품 제조업,단열장치·철구조물·가열로,의약품 제조업 / 단열장치·철구조물·가열로,2026-08-14
37,⚠️,동원시스템즈우,014825,KOSPI,13710,NAVER_STOCK_MOBILE,3,-3.31,1.9,"13,410원~13,730원","14,290원~14,710원",,16440,3.82,매우부족,탄력 낮음,,확인필요,↗,↗,↘,↘,5↗ 20↗ 60↘ 120↘,1.29,183,1.29% / ±183원,특별한 공개 수급부담 신호는 없지만 거래유동성 낮음에 주의,공개 참조자료상 영업적자 경고는 없음. PER·PBR·매출·영업이익 성장성은 종목별 추가 확인 필요,55,,,,2026-08-14
38,⚠️,쿠쿠홀딩스,192400,KOSPI,26350,NAVER_STOCK_MOBILE,3,-2.04,2.1,"25,800원~26,400원","27,450원~28,250원",23300.0,29100,4.31,매우부족,탄력 낮음,52.6,중간,↗,↗,→,→,5↗ 20↗ 60→ 120→,1.36,347,1.36% / ±347원,특별한 공개 수급부담 신호는 없지만 거래유동성 낮음에 주의,공개 참조자료상 영업적자 경고는 없음. PER·PBR·매출·영업이익 성장성은 종목별 추가 확인 필요,55,기타 금융업,주방용 전기기기 제조업,기타 금융업 / 주방용 전기기기 제조업,2026-08-14
39,⚠️,방림,003610,KOSPI,5560,NAVER_STOCK_MOBILE,3,-1.42,2.0,"5,420원~5,510원","5,740원~5,910원",4855.0,5700,7.74,매우부족,탄력 낮음,83.4,중상단,↗,↗,↗,↘,5↗ 20↗ 60↗ 120↘,1.12,59,1.12% / ±59원,특별한 공개 수급부담 신호는 없지만 거래유동성 낮음에 주의,공개 참조자료상 영업적자 경고는 없음. PER·PBR·매출·영업이익 성장성은 종목별 추가 확인 필요,55,직물직조 및 직물제품 제조업,P·C혼방직물·면방적,직물직조 및 직물제품 제조업 / P·C혼방직물·면방적,2026-08-14
40,⚠️,넥센우,005725,KOSPI,4305,NAVER_STOCK_MOBILE,3,-0.58,2.4,"4,165원~4,265원","4,440원~4,570원",,4800,2.62,매우부족,탄력 낮음,,확인필요,↗,→,↘,↘,5↗ 20→ 60↘ 120↘,1.31,57,1.31% / ±57원,특별한 공개 수급부담 신호는 없지만 거래유동성 낮음에 주의,공개 참조자료상 영업적자 경고는 없음. PER·PBR·매출·영업이익 성장성은 종목별 추가 확인 필요,55,,,,2026-08-14
41,⚠️,KEC,092220,KOSPI,2735,NAVER_STOCK_MOBILE,3,-3.19,2.1,"2,180원~2,720원","3,335원~3,780원",,8770,-3.62,매우부족,탄력 불안정,,확인필요,↗,↘,↗,↗,5↗ 20↘ 60↗ 120↗,8.26,246,8.26% / ±246원,특별한 공개 수급부담 신호는 없지만 거래유동성 낮음·일중 변동성 큼에 주의,최근 공개 실적자료에서 영업적자 경고가 있어 낙폭만 보고 매수하기보다 실적 회복 확인이 필요,47,반도체 제조업,반도체 제조,반도체 제조업 / 반도체 제조,2026-08-14
42,⚠️,메타케어,118000,KOSPI,1387,NAVER_STOCK_MOBILE,3,-3.14,2.4,"1,209원~1,369원","1,551원~1,683원",,2080,16.89,매우부족,탄력 불안정,,확인필요,↗,↗,↗,↗,5↗ 20↗ 60↗ 120↗,16.33,73,16.33% / ±73원,"수급부담 위험: 대량보유,신주인수권,신주인수권행사,유상증자,주요주주변동",공개 참조자료상 영업적자 경고는 없음. PER·PBR·매출·영업이익 성장성은 종목별 추가 확인 필요,47,기계장비 및 관련 물품 도매업,의약품·의료소모품·의료기기 도매,기계장비 및 관련 물품 도매업 / 의약품·의료소모품·의료기기 도매,2026-08-14
