date,market,total_count,up_count,down_count,flat_count,up_ratio_pct,down_ratio_pct,up_down_ratio,total_trading_value,total_market_cap,top2_market_cap_ratio_pct,top10_market_cap_ratio_pct,samsung_hynix_market_cap_ratio_pct
2025-11-10,KOSDAQ,0,0,0,0,,,,5048201711221,281109973738336,15.29,29.03,
2025-11-11,KOSDAQ,1030,315,608,107,30.58,59.03,0.518,6573089147289,278710670516094,15.18,28.8,
2025-11-12,KOSDAQ,1030,757,177,96,73.5,17.18,4.277,6497362116938,287510972230357,15.46,29.64,
2025-11-13,KOSDAQ,1029,483,435,111,46.94,42.27,1.11,6994732893339,289817247855339,15.53,30.39,
2025-11-14,KOSDAQ,1030,202,725,103,19.61,70.39,0.279,6752387400700,284688977227898,15.59,30.87,
2025-11-17,KOSDAQ,1029,387,546,96,37.61,53.06,0.709,5124994269617,286406402256859,15.51,31.04,
2025-11-18,KOSDAQ,1030,134,817,79,13.01,79.32,0.164,5906286998716,280314588057484,15.73,31.4,
2025-11-19,KOSDAQ,1031,348,587,96,33.75,56.94,0.593,4831834108275,277207926161747,15.56,31.21,
2025-11-20,KOSDAQ,1031,749,185,97,72.65,17.94,4.049,5350780734584,285252935109721,15.43,31.34,
2025-11-21,KOSDAQ,1032,147,801,84,14.24,77.62,0.184,5684052282457,278342599798032,15.26,31.72,
2025-11-24,KOSDAQ,1033,330,596,107,31.95,57.7,0.554,5020699787835,275730883684804,15.14,31.37,
2025-11-25,KOSDAQ,1033,430,496,107,41.63,48.02,0.867,4970985509155,275305171623612,14.95,30.94,
2025-11-26,KOSDAQ,1032,752,189,91,72.87,18.31,3.979,5528230388957,283039803697872,14.98,31.04,
2025-11-27,KOSDAQ,1032,480,464,88,46.51,44.96,1.034,6023218066991,284456923169208,14.85,30.84,
2025-11-28,KOSDAQ,1032,795,144,93,77.03,13.95,5.521,7577867885552,297801399311830,14.5,31.53,
2025-12-01,KOSDAQ,1032,477,442,113,46.22,42.83,1.079,7140240999791,300992283074682,14.8,31.52,
2025-12-02,KOSDAQ,1032,588,341,103,56.98,33.04,1.724,6894449822689,302552106424149,14.36,31.04,
2025-12-03,KOSDAQ,1032,560,350,122,54.26,33.91,1.6,6750667516346,303405062208090,14.26,30.82,
2025-12-04,KOSDAQ,1032,333,606,93,32.27,58.72,0.55,8639966612071,303883983068177,14.22,30.99,
2025-12-05,KOSDAQ,1032,496,433,103,48.06,41.96,1.145,8436966798334,301428890672621,13.28,29.64,
2025-12-08,KOSDAQ,1032,408,514,110,39.53,49.81,0.794,6443007227180,301301970434971,13.76,29.82,
2025-12-09,KOSDAQ,1032,372,539,121,36.05,52.23,0.69,6314428978082,303710254868529,13.92,29.98,
2025-12-10,KOSDAQ,1032,362,573,97,35.08,55.52,0.632,6300647719979,305021369765026,13.76,30.24,
2025-12-11,KOSDAQ,1032,525,409,98,50.87,39.63,1.284,7095429545633,305234570868411,13.52,29.86,
2025-12-12,KOSDAQ,1033,491,434,108,47.53,42.01,1.131,7469472307419,305127575261242,13.23,29.35,
2025-12-15,KOSDAQ,1035,384,548,103,37.1,52.95,0.701,6221466225195,305886561040938,13.37,29.58,
2025-12-16,KOSDAQ,1035,178,790,67,17.2,76.33,0.225,7116008741286,298984075330440,12.99,29.18,
2025-12-17,KOSDAQ,1035,462,478,95,44.64,46.18,0.967,8127602033074,296582471661621,13.06,28.77,
2025-12-18,KOSDAQ,1036,243,697,96,23.46,67.28,0.349,6960530702552,294965296845390,12.93,28.67,
2025-12-19,KOSDAQ,1037,663,280,94,63.93,27.0,2.368,7398418566725,301178606906150,12.99,28.85,
2025-12-22,KOSDAQ,1037,640,297,100,61.72,28.64,2.155,8477532280109,306105181535566,12.76,28.43,
2025-12-23,KOSDAQ,1037,199,740,98,19.19,71.36,0.269,8036926885178,302989531568895,12.86,28.85,
2025-12-24,KOSDAQ,1037,342,583,112,32.98,56.22,0.587,8663431744926,303089463784701,12.68,28.52,
2025-12-26,KOSDAQ,1038,410,528,100,39.5,50.87,0.777,7581393877763,305530666609185,12.69,28.78,
2025-12-29,KOSDAQ,1037,517,413,107,49.86,39.83,1.252,7206783985496,310788906054481,12.75,28.68,
2025-12-30,KOSDAQ,1038,361,578,99,34.78,55.68,0.625,6249157422282,308211624266381,12.46,28.41,
2026-01-02,KOSDAQ,1038,674,268,96,64.93,25.82,2.515,6588532047482,313967563200294,12.2,27.78,
2026-01-05,KOSDAQ,1038,472,474,92,45.47,45.66,0.996,7604704135547,318148277816674,12.36,27.96,
2026-01-06,KOSDAQ,1038,337,602,99,32.47,58.0,0.56,6822451849283,316625220411372,12.59,27.95,
2026-01-07,KOSDAQ,1038,249,704,85,23.99,67.82,0.354,7386150102692,315022847998166,12.56,28.28,
2026-01-08,KOSDAQ,1038,238,715,85,22.93,68.88,0.333,6668531607030,315544092047630,12.65,28.63,
2026-01-09,KOSDAQ,1038,476,450,112,45.86,43.35,1.058,6031259077082,317718173064792,12.97,28.8,
2026-01-12,KOSDAQ,1038,516,424,98,49.71,40.85,1.217,6445574797525,315980354159462,12.73,28.33,
2026-01-13,KOSDAQ,1038,393,553,92,37.86,53.28,0.711,6007820307326,314945404219237,12.95,28.24,
2026-01-14,KOSDAQ,1033,370,552,111,35.82,53.44,0.67,5203342251902,312348848840943,12.69,27.99,
2026-01-15,KOSDAQ,1034,514,429,91,49.71,41.49,1.198,6420845808432,315907192101903,12.63,28.11,
2026-01-16,KOSDAQ,1034,321,638,75,31.04,61.7,0.503,8851937344208,317787761814364,13.21,28.64,
2026-01-19,KOSDAQ,1034,467,487,80,45.16,47.1,0.959,7220368908381,322189130575905,12.92,28.34,
2026-01-20,KOSDAQ,1034,652,300,82,63.06,29.01,2.173,8868076602969,324661751443803,12.75,28.24,
2026-01-21,KOSDAQ,1034,213,750,71,20.6,72.53,0.284,12517270037353,313754070453741,11.36,26.83,
2026-01-22,KOSDAQ,1034,563,379,92,54.45,36.65,1.485,10085345511956,319953919269565,11.46,26.89,
2026-01-23,KOSDAQ,1034,659,287,88,63.73,27.76,2.296,9252749436038,329342688222229,11.47,27.19,
2026-01-26,KOSDAQ,1033,786,166,81,76.09,16.07,4.735,14150599425970,354548210547175,11.89,28.98,
2026-01-27,KOSDAQ,1032,500,439,93,48.45,42.54,1.139,9219794725496,358057637946140,11.93,28.97,
2026-01-28,KOSDAQ,1030,558,383,89,54.17,37.18,1.457,11834169258890,372847894747314,12.25,29.35,
2026-01-29,KOSDAQ,1029,564,379,86,54.81,36.83,1.488,12842329082815,383149463890507,12.28,29.84,
2026-01-30,KOSDAQ,1029,273,687,69,26.53,66.76,0.397,11849260723906,376461368314902,11.9,28.83,
2026-02-02,KOSDAQ,1029,164,792,73,15.94,76.97,0.207,9043213184104,358998892327395,11.72,28.61,
2026-02-03,KOSDAQ,1029,787,172,70,76.48,16.72,4.576,8432370680437,372729966592090,11.53,28.53,
2026-02-04,KOSDAQ,1028,553,376,99,53.79,36.58,1.471,7288022213835,372071100203629,11.53,28.25,
2026-02-05,KOSDAQ,1028,231,724,73,22.47,70.43,0.319,7592545671213,358700330907309,11.38,28.0,
2026-02-06,KOSDAQ,1028,208,743,77,20.23,72.28,0.28,7005609493432,347756250018159,11.13,27.45,
2026-02-09,KOSDAQ,1028,785,162,81,76.36,15.76,4.846,6526882571170,363337681732741,11.24,27.62,
2026-02-10,KOSDAQ,1027,566,382,79,55.11,37.2,1.482,5977101955732,359679659238515,11.12,27.23,
2026-02-11,KOSDAQ,1027,427,504,96,41.58,49.07,0.847,5908188773360,360561519442754,11.14,27.21,
2026-02-12,KOSDAQ,1027,478,455,94,46.54,44.3,1.051,6244257831566,364451472678859,11.28,27.61,
2026-02-13,KOSDAQ,1027,206,747,74,20.06,72.74,0.276,5587244403140,356092022021489,11.13,27.28,
2026-02-19,KOSDAQ,1027,577,378,72,56.18,36.81,1.526,7416846855674,371168962069074,11.57,28.15,
2026-02-20,KOSDAQ,1027,310,632,85,30.19,61.54,0.491,5582184258737,367422154396447,11.55,28.12,
2026-02-23,KOSDAQ,1027,480,462,85,46.74,44.99,1.039,6717522998391,368196966954065,11.47,28.22,
2026-02-24,KOSDAQ,1027,540,408,79,52.58,39.73,1.324,7758812939955,372806116359519,11.46,28.1,
2026-02-25,KOSDAQ,1027,367,581,79,35.74,56.57,0.632,7617863460041,373542775990394,11.41,28.22,
2026-02-26,KOSDAQ,1027,262,693,72,25.51,67.48,0.378,8632645387654,379153382405714,11.35,29.04,
2026-02-27,KOSDAQ,1027,298,648,81,29.02,63.1,0.46,7645425344187,381123034581593,11.41,29.07,
2026-03-03,KOSDAQ,1027,102,865,60,9.93,84.23,0.118,8388453410638,363487611640701,11.01,28.98,
2026-03-04,KOSDAQ,1026,11,960,55,1.07,93.57,0.011,7901475987574,310980667982546,10.92,28.67,
2026-03-05,KOSDAQ,1025,941,28,56,91.8,2.73,33.607,6459592743003,353794780644001,11.03,29.23,
2026-03-06,KOSDAQ,1025,716,239,70,69.85,23.32,2.996,6438388651899,368048753488275,10.8,29.1,
2026-03-09,KOSDAQ,1026,80,886,60,7.8,86.35,0.09,5958184547059,349951077901339,11.26,29.42,
2026-03-10,KOSDAQ,1026,807,153,66,78.65,14.91,5.275,6257539080554,360553220063222,11.08,28.67,
2026-03-11,KOSDAQ,1026,646,295,85,62.96,28.75,2.19,7370531260240,360084089527191,10.71,27.94,
2026-03-12,KOSDAQ,1026,578,360,88,56.34,35.09,1.606,5671200002302,364084293729247,10.79,27.99,
2026-03-13,KOSDAQ,1026,519,416,91,50.58,40.55,1.248,7433289110900,366950097139762,10.37,27.86,
2026-03-16,KOSDAQ,1024,284,659,81,27.73,64.36,0.431,5962788587771,362124995569067,10.31,27.8,
2026-03-17,KOSDAQ,1024,563,367,94,54.98,35.84,1.534,6630607130291,361722683278776,10.48,27.89,
2026-03-18,KOSDAQ,1023,543,394,86,53.08,38.51,1.378,7355693470008,368420125379543,10.37,27.77,
2026-03-19,KOSDAQ,1023,227,720,76,22.19,70.38,0.315,6194139355634,360605960626769,10.49,27.67,
2026-03-20,KOSDAQ,1023,653,292,78,63.83,28.54,2.236,7029448288352,364641863764066,10.34,27.27,
2026-03-23,KOSDAQ,1024,108,853,63,10.55,83.3,0.127,5654466702865,341309197854654,10.32,26.85,
2026-03-24,KOSDAQ,1024,710,233,81,69.34,22.75,3.047,6263063815622,349162934132493,10.86,27.6,
2026-03-25,KOSDAQ,1024,735,210,79,71.78,20.51,3.5,7635551529453,359695861170223,10.86,27.26,
2026-03-26,KOSDAQ,1025,224,723,78,21.85,70.54,0.31,7493882064390,355409901552243,11.21,27.9,
2026-03-27,KOSDAQ,1025,484,432,109,47.22,42.15,1.12,6166345702215,358480866947527,11.22,28.08,
2026-03-30,KOSDAQ,1025,206,743,76,20.1,72.49,0.277,4888506104052,344721609070622,11.28,28.04,
2026-03-31,KOSDAQ,1025,130,821,74,12.68,80.1,0.158,6058757286394,331535292196787,11.19,27.98,
2026-04-01,KOSDAQ,1026,869,88,69,84.7,8.58,9.875,5370867231805,352940648689244,11.06,27.79,
2026-04-02,KOSDAQ,1026,76,895,55,7.41,87.23,0.085,5808176373649,334196121480879,11.4,27.88,
2026-04-03,KOSDAQ,1024,646,281,97,63.09,27.44,2.299,4064753509506,334611577982562,11.48,27.81,
2026-04-06,KOSDAQ,1023,318,627,78,31.09,61.29,0.507,4122631142621,328616027970499,11.85,27.89,
2026-04-07,KOSDAQ,1023,286,633,104,27.96,61.88,0.452,4092344660917,325872099795531,11.86,27.96,
2026-04-08,KOSDAQ,1023,793,150,80,77.52,14.66,5.287,5157158930045,342357626512906,11.81,27.92,
2026-04-09,KOSDAQ,1023,290,641,92,28.35,62.66,0.452,4173716503885,338622067206013,11.8,27.88,
2026-04-10,KOSDAQ,1023,767,162,94,74.98,15.84,4.735,4698541923286,343753762237199,11.36,27.4,
2026-04-13,KOSDAQ,1023,492,420,111,48.09,41.06,1.171,5593649945724,346482707705913,11.08,26.92,
2026-04-14,KOSDAQ,1023,724,183,116,70.77,17.89,3.956,7043355064171,353433186750494,10.82,26.41,
2026-04-15,KOSDAQ,1021,676,247,98,66.21,24.19,2.737,7211464054648,363470171906830,10.94,26.8,
2026-04-16,KOSDAQ,1021,651,259,111,63.76,25.37,2.514,8212824732220,368448528737288,10.81,26.65,
2026-04-17,KOSDAQ,1021,499,398,124,48.87,38.98,1.254,8264709138142,370636270993422,10.78,26.5,
2026-04-20,KOSDAQ,1021,405,499,117,39.67,48.87,0.812,7442577064280,372656938580565,10.85,26.69,
2026-04-21,KOSDAQ,1020,356,543,121,34.9,53.24,0.656,8402470737271,371085167955955,11.14,26.51,
2026-04-22,KOSDAQ,1020,419,480,121,41.08,47.06,0.873,7913489493058,373008759096455,10.88,25.83,
2026-04-23,KOSDAQ,1020,307,599,114,30.1,58.73,0.513,7966023408018,371998655433521,10.55,26.0,
2026-04-24,KOSDAQ,1020,622,281,117,60.98,27.55,2.214,7384200016133,379608977474674,10.56,25.87,
2026-04-27,KOSDAQ,1020,518,380,122,50.78,37.25,1.363,8350714673769,388773236279022,10.44,26.28,
2026-04-28,KOSDAQ,1020,306,602,112,30.0,59.02,0.508,7733804821847,384524611972989,10.67,26.1,
2026-04-29,KOSDAQ,1020,448,448,124,43.92,43.92,1.0,6792715824970,385894090856827,10.66,25.95,
2026-04-30,KOSDAQ,1020,231,672,117,22.65,65.88,0.344,7199290408809,377023870306334,10.58,25.73,
2026-05-04,KOSDAQ,1020,446,455,119,43.73,44.61,0.98,7384626821924,382952711181299,10.72,25.85,
2026-05-06,KOSDAQ,1020,240,672,108,23.53,65.88,0.357,9377326085578,381044621412810,10.97,26.12,
2026-05-07,KOSDAQ,1019,239,667,113,23.45,65.46,0.358,7994380615917,379085049674398,11.11,26.62,
2026-05-08,KOSDAQ,1017,407,490,120,40.02,48.18,0.831,8902709132056,384675140120335,10.78,26.93,
2026-05-11,KOSDAQ,1017,253,667,97,24.88,65.59,0.379,9654122166809,386160527407079,10.13,26.95,
2026-05-12,KOSDAQ,1018,183,739,96,17.98,72.59,0.248,10900360485225,378590719601350,10.15,27.26,
2026-05-13,KOSDAQ,1018,379,519,120,37.23,50.98,0.73,8225427728822,378173964214497,10.11,26.92,
2026-05-14,KOSDAQ,1018,445,453,120,43.71,44.5,0.982,7021601254920,382199007613736,10.74,27.01,
2026-05-15,KOSDAQ,1019,110,803,106,10.79,78.8,0.137,9637792985207,362795511943347,10.58,27.04,
2026-05-18,KOSDAQ,1019,246,671,102,24.14,65.85,0.367,7533207744932,353953346502251,10.67,26.44,
2026-05-19,KOSDAQ,1017,226,689,102,22.22,67.75,0.328,7780112258569,346364352782924,10.82,26.51,
2026-05-20,KOSDAQ,1018,164,767,87,16.11,75.34,0.214,7119556166392,337599563749052,10.83,26.41,
2026-05-21,KOSDAQ,1019,617,297,105,60.55,29.15,2.077,6627690911497,353151139683480,10.74,26.55,
2026-05-22,KOSDAQ,1019,815,124,80,79.98,12.17,6.573,7201291227319,369752170422083,11.0,26.88,
2026-05-26,KOSDAQ,1019,330,603,86,32.38,59.18,0.547,8328293937674,372852624267576,11.03,26.7,
2026-05-27,KOSDAQ,1019,114,834,71,11.19,81.84,0.137,8665031519548,362527858570895,11.47,27.42,
2026-05-28,KOSDAQ,1019,207,723,89,20.31,70.95,0.286,7389233242790,353756566650276,11.64,27.42,
2026-05-29,KOSDAQ,1019,171,773,75,16.78,75.86,0.221,7063571364013,345411357039876,11.87,27.76,
2026-06-01,KOSDAQ,1019,127,819,73,12.46,80.37,0.155,7206611984750,336983723214817,11.83,28.52,
2026-06-02,KOSDAQ,1019,243,691,85,23.85,67.81,0.352,5742599949751,329080149431187,11.7,28.76,
2026-06-04,KOSDAQ,1019,454,483,82,44.55,47.4,0.94,4510028127191,332942052992278,11.38,28.22,
2026-06-05,KOSDAQ,1018,216,722,80,21.22,70.92,0.299,5504196022067,318602019116883,11.12,27.81,
2026-06-08,KOSDAQ,1018,42,904,72,4.13,88.8,0.046,4302334269032,289290934308127,10.76,27.2,
2025-11-10,KOSPI,0,0,0,0,,,,2812963909776,691842227784179,28.31,63.68,0.0
2025-11-11,KOSPI,205,81,108,16,39.51,52.68,0.75,3488481541866,695479393844545,28.41,64.07,0.0
2025-11-12,KOSPI,205,165,32,8,80.49,15.61,5.156,2957437970125,704683136386243,28.12,63.84,0.0
2025-11-13,KOSPI,205,115,67,23,56.1,32.68,1.716,3087478175556,712798912296218,28.1,63.92,0.0
2025-11-14,KOSPI,205,36,155,14,17.56,75.61,0.232,3094457880836,695420382430903,28.08,63.67,0.0
2025-11-17,KOSPI,205,77,109,19,37.56,53.17,0.706,2143020554006,697211669404166,28.0,63.79,0.0
2025-11-18,KOSPI,205,21,175,9,10.24,85.37,0.12,2303733722728,677718525473259,28.12,63.74,0.0
2025-11-19,KOSPI,205,113,78,14,55.12,38.05,1.449,2495406086420,673081243431150,28.12,63.31,0.0
2025-11-20,KOSPI,205,160,32,13,78.05,15.61,5.0,2236319810712,680844583186801,27.92,63.23,0.0
2025-11-21,KOSPI,205,36,155,14,17.56,75.61,0.232,1963424149779,662422334457822,28.15,62.83,0.0
2025-11-24,KOSPI,205,66,124,15,32.2,60.49,0.532,5177984226904,655593366679744,27.34,62.41,0.0
2025-11-25,KOSPI,205,79,115,11,38.54,56.1,0.687,2458503480995,649618939534903,26.49,62.44,0.0
2025-11-26,KOSPI,205,168,27,10,81.95,13.17,6.222,2788555840543,665281859749022,26.81,62.43,0.0
2025-11-27,KOSPI,205,97,99,9,47.32,48.29,0.98,1985212988469,666747168679022,26.8,62.46,0.0
2025-11-28,KOSPI,204,127,61,16,62.25,29.9,2.082,2165440279954,655400204785557,25.92,61.67,0.0
2025-12-01,KOSPI,204,86,98,20,42.16,48.04,0.878,2184234051350,654293405339547,26.44,61.85,0.0
2025-12-02,KOSPI,204,139,45,20,68.14,22.06,3.089,2397952955663,664397292592825,26.14,62.03,0.0
2025-12-03,KOSPI,204,140,47,17,68.63,23.04,2.979,1941463103470,670812739895886,25.99,62.1,0.0
2025-12-04,KOSPI,204,68,122,14,33.33,59.8,0.557,2577320300899,667663449250438,26.02,61.91,0.0
2025-12-05,KOSPI,204,122,67,15,59.8,32.84,1.821,2703666123722,675275116421946,26.01,61.98,0.0
2025-12-08,KOSPI,204,67,118,19,32.84,57.84,0.568,2715195094640,683349393892246,26.5,62.34,0.0
2025-12-09,KOSPI,204,87,106,11,42.65,51.96,0.821,2433224564705,686155678365498,26.32,62.41,0.0
2025-12-10,KOSPI,204,60,129,15,29.41,63.24,0.465,2604302697809,682431674160747,26.43,62.42,0.0
2025-12-11,KOSPI,204,109,83,12,53.43,40.69,1.313,4744837105793,680517012028244,26.69,62.27,0.0
2025-12-12,KOSPI,204,145,46,13,71.08,22.55,3.152,3578801026299,690239895080030,26.45,62.03,0.0
2025-12-15,KOSPI,204,70,119,15,34.31,58.33,0.588,3402631918332,693134817088418,26.77,62.46,0.0
2025-12-16,KOSPI,205,49,148,8,23.9,72.2,0.331,3127451841201,678997972897036,26.61,62.25,0.0
2025-12-17,KOSPI,205,105,86,14,51.22,41.95,1.221,2426653479336,677383362530658,26.31,62.04,0.0
2025-12-18,KOSPI,205,31,162,12,15.12,79.02,0.191,2571663555575,659766831360371,25.62,61.7,0.0
2025-12-19,KOSPI,205,141,47,17,68.78,22.93,3.0,3178132239068,669424380371555,25.23,61.45,0.0
2025-12-22,KOSPI,205,120,70,15,58.54,34.15,1.714,2184911414705,677141571954350,25.25,61.52,0.0
2025-12-23,KOSPI,205,43,150,12,20.98,73.17,0.287,2460609153971,676769873905300,25.18,61.59,0.0
2025-12-24,KOSPI,205,74,111,20,36.1,54.15,0.667,2120368462384,673776290453460,25.18,61.55,0.0
2025-12-26,KOSPI,205,57,136,12,27.8,66.34,0.419,1868845806961,666617402770980,25.21,61.81,0.0
2025-12-29,KOSPI,205,66,127,12,32.2,61.95,0.52,1998044581824,673619841086966,24.92,61.94,0.0
2025-12-30,KOSPI,205,71,114,20,34.63,55.61,0.623,1970747853828,670172336440547,24.57,61.78,0.0
2026-01-02,KOSPI,205,85,109,11,41.46,53.17,0.78,2526307411471,672380572646458,24.15,61.82,0.0
2026-01-05,KOSPI,205,86,104,15,41.95,50.73,0.827,2847728583167,684781128197024,24.27,62.36,0.0
2026-01-06,KOSPI,205,102,86,17,49.76,41.95,1.186,3705751085542,692823338616159,24.27,62.58,0.0
2026-01-07,KOSPI,204,44,146,14,21.57,71.57,0.301,4176230015224,689287382378707,24.44,62.7,0.0
2026-01-08,KOSPI,204,38,157,9,18.63,76.96,0.242,3631283712310,695570042277245,24.86,63.34,0.0
2026-01-09,KOSPI,204,116,78,10,56.86,38.24,1.487,4534858551875,705561180079223,24.36,62.8,0.0
2026-01-12,KOSPI,204,109,80,15,53.43,39.22,1.363,3508312021597,713378849372928,24.49,62.99,0.0
2026-01-13,KOSPI,204,96,99,9,47.06,48.53,0.97,4665096335264,729594274957417,24.74,63.21,0.0
2026-01-14,KOSPI,204,127,69,8,62.25,33.82,1.841,3687619092363,731077101672119,24.67,63.24,0.0
2026-01-15,KOSPI,204,105,86,13,51.47,42.16,1.221,4103782135254,738249521258447,24.75,63.08,0.0
2026-01-16,KOSPI,204,79,110,15,38.73,53.92,0.718,3933052149796,738528163437738,24.59,63.35,0.0
2026-01-19,KOSPI,204,91,101,12,44.61,49.51,0.901,4056476081149,743918706077198,24.49,63.2,0.0
2026-01-20,KOSPI,204,144,53,7,70.59,25.98,2.717,4531409273648,750285046538895,24.41,62.98,0.0
2026-01-21,KOSPI,204,37,158,9,18.14,77.45,0.234,4241629999717,742461321545124,24.11,63.01,0.0
2026-01-22,KOSPI,204,138,53,13,67.65,25.98,2.604,4649947636949,746455520794128,24.1,62.68,0.0
2026-01-23,KOSPI,204,151,41,12,74.02,20.1,3.683,4241821604480,753867817889308,23.85,62.37,0.0
2026-01-26,KOSPI,204,116,76,12,56.86,37.25,1.526,4105579223235,755188141123302,23.97,61.9,0.0
2026-01-27,KOSPI,204,97,94,13,47.55,46.08,1.032,4061992505361,761087957043975,23.45,62.08,0.0
2026-01-28,KOSPI,204,94,94,16,46.08,46.08,1.0,4853729454041,771083029782691,23.83,62.35,0.0
2026-01-29,KOSPI,204,119,67,18,58.33,32.84,1.776,4737871947600,774140439891859,23.21,62.1,0.0
2026-01-30,KOSPI,204,66,123,15,32.35,60.29,0.537,4772903333866,769165848443514,22.61,62.22,0.0
2026-02-02,KOSPI,204,18,180,6,8.82,88.24,0.1,4840482487295,736702648986628,22.82,61.78,0.0
2026-02-03,KOSPI,204,180,14,10,88.24,6.86,12.857,5678031914035,772512331544984,22.32,62.04,0.0
2026-02-04,KOSPI,204,166,33,5,81.37,16.18,5.03,5733677376464,787961814259081,22.29,62.15,0.0
2026-02-05,KOSPI,204,73,121,10,35.78,59.31,0.603,6144564230165,765973021134690,22.34,61.47,0.0
2026-02-06,KOSPI,204,48,147,9,23.53,72.06,0.327,5349480687273,753117596968659,22.21,61.49,0.0
2026-02-09,KOSPI,204,147,43,14,72.06,21.08,3.419,4097649580118,778922283337978,21.92,61.68,0.0
2026-02-10,KOSPI,204,141,49,14,69.12,24.02,2.878,4211035272507,781280299131699,21.83,61.3,0.0
2026-02-11,KOSPI,204,114,75,15,55.88,36.76,1.52,4009556070066,794262468685117,21.53,61.41,0.0
2026-02-12,KOSPI,204,131,65,8,64.22,31.86,2.015,4553024651670,811847303276128,21.62,61.64,0.0
2026-02-13,KOSPI,204,70,123,11,34.31,60.29,0.569,4511530215662,802252314586181,21.39,61.58,0.0
2026-02-19,KOSPI,204,141,55,8,69.12,26.96,2.564,3913275085812,817486514188907,21.29,61.53,0.0
2026-02-20,KOSPI,204,119,74,11,58.33,36.27,1.608,4749495334859,834645634148398,20.88,61.9,0.0
2026-02-23,KOSPI,204,105,90,9,51.47,44.12,1.167,4191122363999,835260482002548,20.61,61.87,0.0
2026-02-24,KOSPI,204,93,92,19,45.59,45.1,1.011,4428951142205,843401487828987,21.11,61.95,0.0
2026-02-25,KOSPI,204,96,94,14,47.06,46.08,1.021,6207157638266,853836504836255,21.68,62.04,0.0
2026-02-26,KOSPI,204,47,148,9,23.04,72.55,0.318,5421823519378,859639480417956,22.06,62.39,0.0
2026-02-27,KOSPI,204,52,138,14,25.49,67.65,0.377,7185544237359,846432002212944,21.87,62.14,0.0
2026-03-03,KOSPI,204,14,183,7,6.86,89.71,0.077,7125599063103,807188339111503,21.03,62.21,0.0
2026-03-04,KOSPI,204,3,197,4,1.47,96.57,0.015,7970815512724,710657848792629,21.32,62.22,0.0
2026-03-05,KOSPI,204,196,4,4,96.08,1.96,49.0,7220960485310,777503304762706,20.99,62.48,0.0
2026-03-06,KOSPI,205,108,85,12,52.68,41.46,1.271,5764596693532,781496668656301,21.04,62.05,0.0
2026-03-09,KOSPI,205,16,185,4,7.8,90.24,0.086,4723729752267,752955542605351,20.88,62.12,0.0
2026-03-10,KOSPI,205,155,38,12,75.61,18.54,4.079,4543437634160,773945653331771,20.62,62.14,0.0
2026-03-11,KOSPI,205,144,56,5,70.24,27.32,2.571,3697998475785,783955123526690,20.81,62.24,0.0
2026-03-12,KOSPI,205,118,76,11,57.56,37.07,1.553,4464244338891,787290861172753,20.97,62.2,0.0
2026-03-13,KOSPI,205,93,103,9,45.37,50.24,0.903,3781686794510,774691259614658,20.66,61.7,0.0
2026-03-16,KOSPI,205,40,156,9,19.51,76.1,0.256,2894392101758,766964550310128,20.85,62.07,0.0
2026-03-17,KOSPI,205,139,51,15,67.8,24.88,2.725,3496717748905,782304258847032,21.29,62.19,0.0
2026-03-18,KOSPI,205,135,59,11,65.85,28.78,2.288,3475499334440,803640949843911,21.52,62.36,0.0
2026-03-19,KOSPI,205,42,146,17,20.49,71.22,0.288,4129065816563,789430448597360,21.22,62.07,0.0
2026-03-20,KOSPI,205,157,39,9,76.59,19.02,4.026,5671617746518,795428088172036,21.14,61.66,0.0
2026-03-23,KOSPI,205,14,185,6,6.83,90.24,0.076,4615284334596,744225438374394,21.08,61.4,0.0
2026-03-24,KOSPI,205,148,47,10,72.2,22.93,3.149,3750246625289,768443359817166,22.18,62.13,0.0
2026-03-25,KOSPI,205,161,27,17,78.54,13.17,5.963,4374774349684,789518920504632,21.8,62.15,0.0
2026-03-26,KOSPI,205,46,148,11,22.44,72.2,0.311,4959280390225,773233016584605,21.17,61.92,0.0
2026-03-27,KOSPI,205,98,92,15,47.8,44.88,1.065,3236967607328,772115040932501,21.58,61.39,0.0
2026-03-30,KOSPI,205,26,170,9,12.68,82.93,0.153,3556941721717,750744474241395,22.21,61.24,0.0
2026-03-31,KOSPI,205,27,170,8,13.17,82.93,0.159,4476868206270,727609912232715,22.26,60.76,0.0
2026-04-01,KOSPI,205,177,17,11,86.34,8.29,10.412,4706860342112,760418779848155,22.09,60.78,0.0
2026-04-02,KOSPI,205,23,172,10,11.22,83.9,0.134,4753587122793,739213700982570,22.73,61.3,0.0
2026-04-03,KOSPI,205,140,52,13,68.29,25.37,2.692,4491292021900,746748684739159,22.12,61.29,0.0
2026-04-06,KOSPI,205,85,106,14,41.46,51.71,0.802,3228975955984,750628070375006,22.45,61.45,0.0
2026-04-07,KOSPI,205,57,131,17,27.8,63.9,0.435,3507893172524,747812844156474,22.6,61.83,0.0
2026-04-08,KOSPI,205,172,18,15,83.9,8.78,9.556,4522582307045,784721573565993,21.84,61.94,0.0
2026-04-09,KOSPI,205,91,93,21,44.39,45.37,0.978,4026517698380,784377575640035,21.99,61.83,0.0
2026-04-10,KOSPI,205,156,33,16,76.1,16.1,4.727,3185683633983,790260936908481,21.69,61.58,0.0
2026-04-13,KOSPI,205,91,93,21,44.39,45.37,0.978,2858311109037,785542285627779,21.71,61.53,0.0
2026-04-14,KOSPI,205,135,56,14,65.85,27.32,2.411,3865274794515,799841364184071,22.27,61.9,0.0
2026-04-15,KOSPI,205,122,62,21,59.51,30.24,1.968,4121597169254,812613043249311,22.56,61.86,0.0
2026-04-16,KOSPI,204,152,36,16,74.51,17.65,4.222,3352163037504,828410483845466,22.74,62.05,0.0
2026-04-17,KOSPI,204,106,75,23,51.96,36.76,1.413,3049318951901,829834952572219,22.63,62.0,0.0
2026-04-20,KOSPI,204,78,113,13,38.24,55.39,0.69,3119896208324,834728756915208,23.11,62.35,0.0
2026-04-21,KOSPI,204,105,82,17,51.47,40.2,1.28,4805613708162,856180555917505,24.13,62.83,0.0
2026-04-22,KOSPI,204,105,85,14,51.47,41.67,1.235,5413937386203,868313352764038,24.0,62.94,0.0
2026-04-23,KOSPI,204,90,98,16,44.12,48.04,0.918,5529999250207,866869795859916,23.67,62.86,0.0
2026-04-24,KOSPI,204,146,45,13,71.57,22.06,3.244,5049449438948,886867305488399,23.48,63.06,0.0
2026-04-27,KOSPI,204,101,89,14,49.51,43.63,1.135,5088315108035,896755990896950,23.72,63.16,0.0
2026-04-28,KOSPI,204,91,93,20,44.61,45.59,0.978,5279325040304,899856283225160,24.17,63.06,0.0
2026-04-29,KOSPI,204,107,79,18,52.45,38.73,1.354,5291295098571,906926405104101,24.28,63.28,0.0
2026-04-30,KOSPI,204,43,148,13,21.08,72.55,0.291,5302128949033,898819631685367,24.34,63.56,0.0
2026-05-04,KOSPI,203,78,113,12,38.42,55.67,0.69,5832681212193,928015358798781,25.99,64.37,0.0
2026-05-06,KOSPI,203,33,159,11,16.26,78.33,0.208,7457096282781,943134693149110,27.2,65.18,0.0
2026-05-07,KOSPI,203,86,97,20,42.36,47.78,0.887,6633474690262,948361819310300,27.21,65.61,0.0
2026-05-08,KOSPI,203,89,98,16,43.84,48.28,0.908,5608912675148,943786257686665,27.17,65.09,0.0
2026-05-11,KOSPI,203,35,158,10,17.24,77.83,0.222,6577859162702,952356280722643,27.95,65.44,0.0
2026-05-12,KOSPI,203,28,166,9,13.79,81.77,0.169,7412185514786,926246180104211,27.23,65.21,0.0
2026-05-13,KOSPI,203,52,139,12,25.62,68.47,0.374,5794572690136,930174907622416,27.7,65.47,0.0
2026-05-14,KOSPI,203,152,39,12,74.88,19.21,3.897,6064213172272,934493652875651,27.6,64.65,0.0
2026-05-15,KOSPI,203,36,152,15,17.73,74.88,0.237,7123455386996,892353797809935,27.17,64.4,0.0
2026-05-18,KOSPI,203,42,151,10,20.69,74.38,0.278,4739498536459,876291718510538,27.35,64.52,0.0
2026-05-19,KOSPI,203,44,147,12,21.67,72.41,0.299,4470809491128,850271335375148,26.84,64.21,0.0
2026-05-20,KOSPI,203,14,179,10,6.9,88.18,0.078,4208202748369,841125162182009,26.84,64.73,0.0
2026-05-21,KOSPI,203,140,51,12,68.97,25.12,2.745,4309666890740,892292021056305,27.95,65.45,0.0
2026-05-22,KOSPI,203,174,20,9,85.71,9.85,8.7,3875500867964,907668823349211,27.5,65.21,0.0
2026-05-26,KOSPI,203,49,143,11,24.14,70.44,0.343,4495831934344,911261269005855,27.36,65.47,0.0
2026-05-27,KOSPI,203,12,182,9,5.91,89.66,0.066,5496100296458,907301372575399,28.45,65.84,0.0
2026-05-28,KOSPI,203,46,146,11,22.66,71.92,0.315,5467111436377,901567588116962,29.58,66.11,0.0
2026-05-29,KOSPI,203,38,153,12,18.72,75.37,0.248,9310540539733,908899642669134,29.69,66.43,0.0
2026-06-01,KOSPI,203,45,149,9,22.17,73.4,0.302,7044926007044,914513766642316,29.77,66.47,0.0
2026-06-02,KOSPI,203,61,134,8,30.05,66.01,0.455,7126910697174,912944791511717,30.8,66.9,0.0
2026-06-04,KOSPI,203,102,92,9,50.25,45.32,1.109,5272955933526,910692926936192,30.56,66.58,0.0
2026-06-05,KOSPI,203,57,137,9,28.08,67.49,0.416,5142979790175,889763017775214,29.54,66.52,0.0
2026-06-08,KOSPI,203,7,190,6,3.45,93.6,0.037,4320048916737,819920254801799,29.08,65.97,0.0
