basis_date,market,ticker,name,status,benchmark_ticker,benchmark_name,rs_sector_1m_pp,rs_sector_3m_pp,missing_reason
2026-09-11,KOSPI,000270,기아,READY,1015,운송장비·부품,0.1482,3.624,
2026-09-11,KOSPI,000370,한화손해보험,READY,1025,보험,28.8852,38.8226,
2026-09-11,KOSPI,000500,가온전선,READY,1013,전기전자,46.6188,-7.8141,
2026-09-11,KOSPI,000540,흥국화재,READY,1025,보험,1.0659,4.6498,
2026-09-11,KOSPI,000640,동아쏘시오홀딩스,READY,1021,금융,-12.4463,11.5688,
2026-09-11,KOSPI,000650,천일고속,READY,1019,운송·창고,-11.5555,-36.1714,
2026-09-11,KOSPI,000660,SK하이닉스,READY,1013,전기전자,12.1991,0.0354,
2026-09-11,KOSPI,000810,삼성화재,READY,1025,보험,-1.4518,7.5717,
2026-09-11,KOSPI,000880,한화,READY,1008,화학,61.5747,15.0504,
2026-09-11,KOSPI,000990,DB하이텍,READY,1013,전기전자,-1.4395,-18.0391,
2026-09-11,KOSPI,001020,페이퍼코리아,READY,1007,종이·목재,13.657,-4.3471,
2026-09-11,KOSPI,001045,CJ우,READY,1021,금융,-13.9461,-5.4903,
2026-09-11,KOSPI,001060,JW중외제약,READY,1009,제약,12.4813,-6.6726,
2026-09-11,KOSPI,001200,유진투자증권,READY,1024,증권,3.3363,22.5595,
2026-09-11,KOSPI,001210,금호전기,READY,1013,전기전자,190.1883,2439.1458,
2026-09-11,KOSPI,001290,상상인증권,READY,1024,증권,299.7461,404.9926,
2026-09-11,KOSPI,001420,태원물산,READY,1015,운송장비·부품,9.1074,49.3424,
2026-09-11,KOSPI,001440,대한전선,READY,1013,전기전자,-10.7185,-6.3716,
2026-09-11,KOSPI,001527,동양2우B,READY,1010,비금속,-13.7597,-19.8615,
2026-09-11,KOSPI,001530,DI동일,READY,1016,유통,4.5797,30.9799,
2026-09-11,KOSPI,001560,제일연마,READY,1010,비금속,0.5072,-9.1127,
2026-09-11,KOSPI,001770,SHD,READY,1011,금속,30.9214,-26.4784,
2026-09-11,KOSPI,001820,삼화콘덴서,READY,1013,전기전자,47.6448,16.8666,
2026-09-11,KOSPI,002210,동성제약,READY,1009,제약,-2.6219,37.7599,
2026-09-11,KOSPI,002380,KCC,READY,1008,화학,5.6211,-2.7207,
2026-09-11,KOSPI,002420,우양피앤엘,READY,1016,유통,-10.5111,12.0814,
2026-09-11,KOSPI,002450,삼익악기,READY,1027,제조,-12.5639,3.2739,
2026-09-11,KOSPI,002990,금호건설,READY,1018,건설,14.5678,287.6364,
2026-09-11,KOSPI,003010,혜인,READY,1016,유통,31.6157,114.2263,
2026-09-11,KOSPI,003230,삼양식품,READY,1005,음식료·담배,4.1446,9.9825,
2026-09-11,KOSPI,003280,흥아해운,READY,1019,운송·창고,7.5271,-7.937,
2026-09-11,KOSPI,003350,한국화장품제조,READY,1008,화학,49.6664,89.4179,
2026-09-11,KOSPI,003490,대한항공,READY,1019,운송·창고,7.2879,7.3382,
2026-09-11,KOSPI,003495,대한항공우,READY,1019,운송·창고,-0.4123,-7.9938,
2026-09-11,KOSPI,003530,한화투자증권,READY,1024,증권,9.8409,10.7871,
2026-09-11,KOSPI,003540,대신증권,READY,1024,증권,8.6728,18.5745,
2026-09-11,KOSPI,003550,LG,READY,1021,금융,-2.0734,6.1472,
2026-09-11,KOSPI,003580,HLB글로벌,READY,1016,유통,-1.242,24.9514,
2026-09-11,KOSPI,003670,포스코퓨처엠,READY,1013,전기전자,3.1419,14.1157,
2026-09-11,KOSPI,004170,신세계,READY,1016,유통,-12.9441,-33.4762,
2026-09-11,KOSPI,004310,현대약품,READY,1009,제약,64.5855,64.3287,
2026-09-11,KOSPI,004370,농심,READY,1005,음식료·담배,7.0347,11.8423,
2026-09-11,KOSPI,004490,세방전지,READY,1013,전기전자,-5.1549,32.025,
2026-09-11,KOSPI,004545,깨끗한나라우,READY,1007,종이·목재,-14.9213,-58.8178,
2026-09-11,KOSPI,004710,한솔테크닉스,READY,1013,전기전자,-2.3634,-9.5194,
2026-09-11,KOSPI,004770,써니전자,READY,1013,전기전자,7.9446,42.8917,
2026-09-11,KOSPI,004870,티웨이홀딩스,READY,1010,비금속,-14.1626,317.5047,
2026-09-11,KOSPI,004910,조광페인트,READY,1008,화학,-9.2415,-0.7013,
2026-09-11,KOSPI,005320,온타이드,READY,1016,유통,46.1116,21.5409,
2026-09-11,KOSPI,005380,현대차,READY,1015,운송장비·부품,0.7948,-13.4594,
2026-09-11,KOSPI,005385,현대차우,READY,1015,운송장비·부품,-2.0597,0.0821,
2026-09-11,KOSPI,005387,현대차2우B,READY,1015,운송장비·부품,-3.5968,-0.8844,
2026-09-11,KOSPI,005389,현대차3우B,READY,1015,운송장비·부품,-1.918,2.1577,
2026-09-11,KOSPI,005490,POSCO홀딩스,READY,1011,금속,4.0286,-2.7835,
2026-09-11,KOSPI,005500,삼진제약,READY,1009,제약,9.8104,-9.4322,
2026-09-11,KOSPI,005820,원림,READY,1006,섬유·의류,-0.5434,13.6763,
2026-09-11,KOSPI,005830,DB손해보험,READY,1025,보험,8.0629,41.0312,
2026-09-11,KOSPI,005930,삼성전자,READY,1013,전기전자,-6.6081,0.5801,
2026-09-11,KOSPI,005935,삼성전자우,READY,1013,전기전자,-7.6891,13.6874,
2026-09-11,KOSPI,006110,삼아알미늄,READY,1011,금속,18.3007,3.5871,
2026-09-11,KOSPI,006220,제주은행,READY,1021,금융,5.2193,-14.1519,
2026-09-11,KOSPI,006260,LS,READY,1021,금융,-6.8817,-12.9618,
2026-09-11,KOSPI,006360,GS건설,READY,1018,건설,-2.6652,37.0154,
2026-09-11,KOSPI,006370,대구백화점,READY,1016,유통,-33.0417,-22.5159,
2026-09-11,KOSPI,006380,카프로,READY,1008,화학,-98.9891,-98.4226,
2026-09-11,KOSPI,006400,삼성SDI,READY,1013,전기전자,3.6484,23.1188,
2026-09-11,KOSPI,006490,프리티,READY,1020,통신,164.229,713.8617,
2026-09-11,KOSPI,006650,대한유화,READY,1008,화학,11.4141,-17.1686,
2026-09-11,KOSPI,006800,미래에셋증권,READY,1024,증권,-0.5239,-11.0705,
2026-09-11,KOSDAQ,007390,네이처셀,NOT_SUPPORTED_CURRENT_CONTRACT,,,,,CURRENT_OFFICIAL_SECTOR_RS_CONTRACT_IS_KOSPI_ONLY
2026-09-11,KOSPI,007660,이수페타시스,READY,1013,전기전자,10.212,2.9953,
2026-09-11,KOSPI,007810,코리아써키트,READY,1013,전기전자,-28.2016,-49.4994,
2026-09-11,KOSPI,008060,대덕,READY,1021,금융,-11.1666,-24.3959,
2026-09-11,KOSPI,008770,호텔신라,READY,1016,유통,-9.7064,-13.0493,
2026-09-11,KOSPI,008930,한미사이언스,READY,1021,금융,2.923,70.2879,
2026-09-11,KOSPI,009150,삼성전기,READY,1013,전기전자,-4.0238,-8.6469,
2026-09-11,KOSPI,009200,무림페이퍼,READY,1007,종이·목재,-6.7506,-1.5333,
2026-09-11,KOSPI,009420,한올바이오파마,READY,1009,제약,-0.8028,-12.5217,
2026-09-11,KOSPI,009540,HD한국조선해양,READY,1021,금융,-14.1173,-1.1671,
2026-09-11,KOSPI,010120,LS ELECTRIC,READY,1013,전기전자,-14.2199,2.8976,
2026-09-11,KOSPI,010130,고려아연,READY,1011,금속,-2.3368,5.2091,
2026-09-11,KOSPI,010140,삼성중공업,READY,1015,운송장비·부품,4.0467,7.0552,
2026-09-11,KOSDAQ,010170,대한광통신,NOT_SUPPORTED_CURRENT_CONTRACT,,,,,CURRENT_OFFICIAL_SECTOR_RS_CONTRACT_IS_KOSPI_ONLY
2026-09-11,KOSPI,010580,에스엠벡셀,READY,1015,운송장비·부품,69.0428,44.9582,
2026-09-11,KOSPI,010950,S-Oil,READY,1008,화학,3.6644,30.9247,
2026-09-11,KOSPI,011070,LG이노텍,READY,1013,전기전자,-16.0517,-35.5562,
2026-09-11,KOSPI,011200,HMM,READY,1019,운송·창고,-5.0377,1.2144,
2026-09-11,KOSPI,011780,금호석유화학,READY,1008,화학,-4.2301,2.6429,
2026-09-11,KOSPI,012160,영흥,READY,1011,금속,-6.3598,493.0161,
2026-09-11,KOSPI,012170,아센디오,READY,1047,오락·문화,289.9744,194.2348,
2026-09-11,KOSPI,012280,영화금속,READY,1015,운송장비·부품,375.9937,371.875,
2026-09-11,KOSPI,012330,현대모비스,READY,1015,운송장비·부품,-10.2637,-5.3944,
2026-09-11,KOSPI,012450,한화에어로스페이스,READY,1015,운송장비·부품,4.3333,29.0777,
2026-09-11,KOSPI,012690,모나리자,READY,1007,종이·목재,-4.6322,-15.8257,
2026-09-11,KOSPI,012750,에스원,READY,1026,일반서비스,-1.1071,3.4166,
2026-09-11,KOSPI,013360,일성건설,READY,1018,건설,-23.8849,10.1187,
2026-09-11,KOSPI,013570,디와이,READY,1021,금융,-4.3122,15.5564,
2026-09-11,KOSPI,014160,대영포장,READY,1007,종이·목재,-8.9534,-20.7095,
2026-09-11,KOSPI,014990,인디에프,READY,1006,섬유·의류,126.0186,775.1837,
2026-09-11,KOSPI,017670,SK텔레콤,READY,1020,통신,3.7797,0.0479,
2026-09-11,KOSPI,018260,삼성에스디에스,READY,1046,IT 서비스,1.8485,10.9038,
2026-09-11,KOSPI,019680,대교,READY,1026,일반서비스,50.939,57.2712,
2026-09-11,KOSPI,020000,한섬,READY,1006,섬유·의류,-3.1649,-21.4773,
2026-09-11,KOSPI,020120,키다리스튜디오,READY,1046,IT 서비스,132.6545,163.1847,
2026-09-11,KOSPI,020560,아시아나항공,READY,1019,운송·창고,6.8036,3.5075,
2026-09-11,KOSPI,021240,코웨이,READY,1026,일반서비스,-9.6939,0.7671,
2026-09-11,KOSPI,022100,포스코DX,READY,1026,일반서비스,-2.7538,-20.9769,
2026-09-11,KOSPI,023960,에쓰씨엔지니어링,READY,1018,건설,-7.5503,0.2383,
2026-09-11,KOSPI,024720,콜마홀딩스,READY,1021,금융,-11.5515,16.7585,
2026-09-11,KOSPI,025860,남해화학,READY,1008,화학,1.7863,-2.8249,
2026-09-11,KOSPI,028050,삼성E&A,READY,1026,일반서비스,-3.047,9.2537,
2026-09-11,KOSPI,028260,삼성물산,READY,1016,유통,4.6723,2.6747,
2026-09-11,KOSPI,028670,팬오션,READY,1019,운송·창고,2.9828,11.325,
2026-09-11,KOSPI,029530,신도리코,READY,1013,전기전자,-19.7149,5.4575,
2026-09-11,KOSPI,029780,삼성카드,READY,1021,금융,-9.6552,-2.0035,
2026-09-11,KOSPI,032830,삼성생명,READY,1025,보험,-2.2545,-11.6508,
2026-09-11,KOSPI,033240,자화전자,READY,1013,전기전자,-15.1426,-8.6378,
2026-09-11,KOSPI,033780,KT&G,READY,1005,음식료·담배,-2.2718,-5.8763,
2026-09-11,KOSPI,034020,두산에너빌리티,READY,1012,기계·장비,7.0381,9.6459,
2026-09-11,KOSPI,034730,SK,READY,1021,금융,5.6897,3.2351,
2026-09-11,KOSPI,035420,NAVER,READY,1046,IT 서비스,4.4619,6.1414,
2026-09-11,KOSPI,035720,카카오,READY,1046,IT 서비스,-7.2668,1.7402,
2026-09-11,KOSPI,036570,NC,READY,1046,IT 서비스,-11.6029,-7.0076,
2026-09-11,KOSPI,036580,팜스코,READY,1005,음식료·담배,-2.8788,2.4763,
2026-09-11,KOSDAQ,036930,주성엔지니어링,NOT_SUPPORTED_CURRENT_CONTRACT,,,,,CURRENT_OFFICIAL_SECTOR_RS_CONTRACT_IS_KOSPI_ONLY
2026-09-11,KOSPI,039490,키움증권,READY,1024,증권,-2.0826,4.8752,
2026-09-11,KOSDAQ,041190,우리기술투자,NOT_SUPPORTED_CURRENT_CONTRACT,,,,,CURRENT_OFFICIAL_SECTOR_RS_CONTRACT_IS_KOSPI_ONLY
2026-09-11,KOSPI,042660,한화오션,READY,1015,운송장비·부품,2.0614,4.3841,
2026-09-11,KOSPI,042700,한미반도체,READY,1012,기계·장비,-1.0709,-13.4558,
2026-09-11,KOSPI,044380,주연테크,READY,1013,전기전자,-41.6578,-44.1772,
2026-09-11,KOSPI,047040,대우건설,READY,1018,건설,1.3817,-12.6696,
2026-09-11,KOSPI,047050,포스코인터내셔널,READY,1016,유통,0.9931,12.474,
2026-09-11,KOSPI,047810,한국항공우주,READY,1015,운송장비·부품,2.1916,14.4364,
2026-09-11,KOSPI,051905,LG생활건강우,READY,1008,화학,-10.6749,0.7739,
2026-09-11,KOSPI,051910,LG화학,READY,1008,화학,-2.6328,-15.4454,
2026-09-11,KOSPI,052690,한전기술,READY,1026,일반서비스,45.3755,27.873,
2026-09-11,KOSPI,055550,신한지주,READY,1021,금융,2.0868,18.0079,
2026-09-11,KOSPI,058730,다스코,READY,1011,금속,-7.4466,33.4126,
2026-09-11,KOSPI,058860,KTis,READY,1046,IT 서비스,7.7713,12.7934,
2026-09-11,KOSDAQ,060250,NHN KCP,NOT_SUPPORTED_CURRENT_CONTRACT,,,,,CURRENT_OFFICIAL_SECTOR_RS_CONTRACT_IS_KOSPI_ONLY
2026-09-11,KOSDAQ,060370,LS마린솔루션,NOT_SUPPORTED_CURRENT_CONTRACT,,,,,CURRENT_OFFICIAL_SECTOR_RS_CONTRACT_IS_KOSPI_ONLY
2026-09-11,KOSPI,062040,산일전기,READY,1013,전기전자,-7.4331,7.0302,
2026-09-11,KOSPI,063160,종근당바이오,READY,1009,제약,0.5711,-23.5349,
2026-09-11,KOSDAQ,064260,다날,NOT_SUPPORTED_CURRENT_CONTRACT,,,,,CURRENT_OFFICIAL_SECTOR_RS_CONTRACT_IS_KOSPI_ONLY
2026-09-11,KOSPI,064350,현대로템,READY,1015,운송장비·부품,-6.3532,-11.6593,
2026-09-11,KOSPI,064400,LG씨엔에스,READY,1046,IT 서비스,3.0724,-8.7343,
2026-09-11,KOSPI,066570,LG전자,READY,1013,전기전자,-5.1624,2.0651,
2026-09-11,KOSPI,066575,LG전자우,READY,1013,전기전자,-8.8394,5.7701,
2026-09-11,KOSDAQ,067310,하나마이크론,NOT_SUPPORTED_CURRENT_CONTRACT,,,,,CURRENT_OFFICIAL_SECTOR_RS_CONTRACT_IS_KOSPI_ONLY
2026-09-11,KOSPI,068270,셀트리온,READY,1009,제약,-4.1964,0.1702,
2026-09-11,KOSPI,069620,대웅제약,READY,1009,제약,-2.8412,-14.0325,
2026-09-11,KOSPI,071050,한국금융지주,READY,1021,금융,-8.2231,-14.3301,
2026-09-11,KOSPI,071840,롯데하이마트,READY,1016,유통,-6.7369,7.8514,
2026-09-11,KOSPI,072130,유엔젤,READY,1046,IT 서비스,9.1936,11.0127,
2026-09-11,KOSPI,073240,금호타이어,READY,1008,화학,-4.2625,61.3518,
2026-09-11,KOSDAQ,078340,컴투스,NOT_SUPPORTED_CURRENT_CONTRACT,,,,,CURRENT_OFFICIAL_SECTOR_RS_CONTRACT_IS_KOSPI_ONLY
2026-09-11,KOSPI,078520,에이블씨엔씨,READY,1008,화학,-26.442,-8.8704,
2026-09-11,KOSPI,079550,LIG디펜스앤에어로스페이스,READY,1011,금속,-9.058,-7.3361,
2026-09-11,KOSPI,081000,일진다이아,READY,1008,화학,6.0291,-4.4464,
2026-09-11,KOSPI,082740,한화엔진,READY,1012,기계·장비,3.0064,7.562,
2026-09-11,KOSPI,085620,미래에셋생명,READY,1025,보험,5.6165,-28.2994,
2026-09-11,KOSPI,086280,현대글로비스,READY,1019,운송·창고,2.1314,-2.9095,
2026-09-11,KOSDAQ,086450,동국제약,NOT_SUPPORTED_CURRENT_CONTRACT,,,,,CURRENT_OFFICIAL_SECTOR_RS_CONTRACT_IS_KOSPI_ONLY
2026-09-11,KOSDAQ,086520,에코프로,NOT_SUPPORTED_CURRENT_CONTRACT,,,,,CURRENT_OFFICIAL_SECTOR_RS_CONTRACT_IS_KOSPI_ONLY
2026-09-11,KOSPI,086790,하나금융지주,READY,1021,금융,1.9577,21.5308,
2026-09-11,KOSPI,088350,한화생명,READY,1025,보험,18.3004,30.2079,
2026-09-11,KOSPI,088980,맥쿼리인프라,READY,1021,금융,-7.8553,-8.934,
2026-09-11,KOSPI,090430,아모레퍼시픽,READY,1008,화학,0.0629,23.9695,
2026-09-11,KOSPI,090460,비에이치,READY,1013,전기전자,-9.9919,-11.4744,
2026-09-11,KOSPI,091810,트리니티항공,READY,1019,운송·창고,333.1623,258.1719,
2026-09-11,KOSPI,092790,넥스틸,READY,1011,금속,10.2598,7.7471,
2026-09-11,KOSDAQ,095610,테스,NOT_SUPPORTED_CURRENT_CONTRACT,,,,,CURRENT_OFFICIAL_SECTOR_RS_CONTRACT_IS_KOSPI_ONLY
2026-09-11,KOSDAQ,096530,씨젠,NOT_SUPPORTED_CURRENT_CONTRACT,,,,,CURRENT_OFFICIAL_SECTOR_RS_CONTRACT_IS_KOSPI_ONLY
2026-09-11,KOSPI,096770,SK이노베이션,READY,1008,화학,14.4123,38.6088,
2026-09-11,KOSPI,097950,CJ제일제당,READY,1005,음식료·담배,-2.1842,-6.3952,
2026-09-11,KOSPI,097955,CJ제일제당 우,READY,1005,음식료·담배,-0.1213,0.4037,
2026-09-11,KOSPI,100250,진양홀딩스,READY,1008,화학,1.3686,4.7503,
2026-09-11,KOSDAQ,100790,미래에셋벤처투자,NOT_SUPPORTED_CURRENT_CONTRACT,,,,,CURRENT_OFFICIAL_SECTOR_RS_CONTRACT_IS_KOSPI_ONLY
2026-09-11,KOSPI,100840,SNT에너지,READY,1012,기계·장비,22.6462,21.8821,
2026-09-11,KOSPI,103590,일진전기,READY,1013,전기전자,-0.0721,5.0504,
2026-09-11,KOSPI,105560,KB금융,READY,1021,금융,0.8312,18.9217,
2026-09-11,KOSDAQ,108230,톱텍,NOT_SUPPORTED_CURRENT_CONTRACT,,,,,CURRENT_OFFICIAL_SECTOR_RS_CONTRACT_IS_KOSPI_ONLY
2026-09-11,KOSPI,128940,한미약품,READY,1009,제약,23.4967,5.8454,
2026-09-11,KOSPI,130660,한전산업,READY,1026,일반서비스,7.7651,4.8165,
2026-09-11,KOSPI,138930,BNK금융지주,READY,1021,금융,0.9613,-3.7953,
2026-09-11,KOSPI,139480,이마트,READY,1016,유통,-10.4197,-3.4665,
2026-09-11,KOSPI,181710,NHN,READY,1046,IT 서비스,12.0256,54.6023,
2026-09-11,KOSPI,195870,해성디에스,READY,1013,전기전자,-26.129,-24.2809,
2026-09-11,KOSPI,207940,삼성바이오로직스,READY,1009,제약,-0.9092,2.9811,
2026-09-11,KOSPI,214320,이노션,READY,1026,일반서비스,-12.517,-13.051,
2026-09-11,KOSPI,214420,토니모리,READY,1008,화학,-14.5781,-6.1131,
2026-09-11,KOSDAQ,214450,파마리서치,NOT_SUPPORTED_CURRENT_CONTRACT,,,,,CURRENT_OFFICIAL_SECTOR_RS_CONTRACT_IS_KOSPI_ONLY
2026-09-11,KOSPI,217590,티엠씨,READY,1013,전기전자,-38.1226,-37.3103,
2026-09-11,KOSPI,234080,JW생명과학,READY,1009,제약,4.8448,-8.66,
2026-09-11,KOSDAQ,234690,녹십자웰빙,NOT_SUPPORTED_CURRENT_CONTRACT,,,,,CURRENT_OFFICIAL_SECTOR_RS_CONTRACT_IS_KOSPI_ONLY
2026-09-11,KOSPI,241590,화승엔터프라이즈,READY,1006,섬유·의류,-11.0322,-14.5377,
2026-09-11,KOSDAQ,247540,에코프로비엠,NOT_SUPPORTED_CURRENT_CONTRACT,,,,,CURRENT_OFFICIAL_SECTOR_RS_CONTRACT_IS_KOSPI_ONLY
2026-09-11,KOSPI,249420,일동제약,READY,1009,제약,9.5423,-24.5513,
2026-09-11,KOSDAQ,257720,실리콘투,NOT_SUPPORTED_CURRENT_CONTRACT,,,,,CURRENT_OFFICIAL_SECTOR_RS_CONTRACT_IS_KOSPI_ONLY
2026-09-11,KOSDAQ,261780,아리바이오랩,NOT_SUPPORTED_CURRENT_CONTRACT,,,,,CURRENT_OFFICIAL_SECTOR_RS_CONTRACT_IS_KOSPI_ONLY
2026-09-11,KOSDAQ,263750,펄어비스,NOT_SUPPORTED_CURRENT_CONTRACT,,,,,CURRENT_OFFICIAL_SECTOR_RS_CONTRACT_IS_KOSPI_ONLY
2026-09-11,KOSPI,267250,HD현대,READY,1021,금융,4.2935,2.3107,
2026-09-11,KOSPI,267260,HD현대일렉트릭,READY,1013,전기전자,-13.8763,-13.8956,
2026-09-11,KOSPI,267270,HD건설기계,READY,1012,기계·장비,-9.1695,6.7435,
2026-09-11,KOSPI,271940,일진하이솔루스,READY,1015,운송장비·부품,7.93,11.5759,
2026-09-11,KOSPI,271980,제일약품,READY,1009,제약,7.0644,-7.5426,
2026-09-11,KOSPI,272210,한화시스템,READY,1013,전기전자,-17.7023,-6.1866,
2026-09-11,KOSPI,278470,에이피알,READY,1008,화학,-5.7697,-11.0801,
2026-09-11,KOSPI,286940,롯데이노베이트,READY,1046,IT 서비스,-0.1676,6.3363,
2026-09-11,KOSDAQ,293490,카카오게임즈,NOT_SUPPORTED_CURRENT_CONTRACT,,,,,CURRENT_OFFICIAL_SECTOR_RS_CONTRACT_IS_KOSPI_ONLY
2026-09-11,KOSPI,298000,효성화학,READY,1008,화학,-26.2018,40.4581,
2026-09-11,KOSPI,298040,효성중공업,READY,1013,전기전자,-14.1464,1.7144,
2026-09-11,KOSPI,298690,에어부산,READY,1019,운송·창고,-2.3268,-14.1907,
2026-09-11,KOSPI,307950,현대오토에버,READY,1046,IT 서비스,-1.86,-31.1165,
2026-09-11,KOSDAQ,317330,덕산테코피아,NOT_SUPPORTED_CURRENT_CONTRACT,,,,,CURRENT_OFFICIAL_SECTOR_RS_CONTRACT_IS_KOSPI_ONLY
2026-09-11,KOSPI,317400,자이에스앤디,READY,1045,부동산,35.3833,231.1061,
2026-09-11,KOSPI,329180,HD현대중공업,READY,1015,운송장비·부품,1.1102,-3.3812,
2026-09-11,KOSPI,336260,두산퓨얼셀,READY,1013,전기전자,22.506,-16.9893,
2026-09-11,KOSPI,353200,대덕전자,READY,1013,전기전자,-19.4478,-22.4337,
2026-09-11,KOSPI,357250,미래에셋맵스리츠,READY,1045,부동산,-3.1843,-0.8824,
2026-09-11,KOSDAQ,357780,솔브레인,NOT_SUPPORTED_CURRENT_CONTRACT,,,,,CURRENT_OFFICIAL_SECTOR_RS_CONTRACT_IS_KOSPI_ONLY
2026-09-11,KOSPI,361610,SK아이이테크놀로지,READY,1013,전기전자,-5.3005,-4.7946,
2026-09-11,KOSPI,373220,LG에너지솔루션,READY,1013,전기전자,-13.4073,7.4189,
2026-09-11,KOSPI,377300,카카오페이,READY,1021,금융,-2.9448,4.7326,
2026-09-11,KOSPI,402340,SK스퀘어,READY,1021,금융,9.2866,-9.8232,
2026-09-11,KOSPI,403550,쏘카,READY,1026,일반서비스,-12.6016,-8.2469,
2026-09-11,KOSDAQ,439960,코스모로보틱스,NOT_SUPPORTED_CURRENT_CONTRACT,,,,,CURRENT_OFFICIAL_SECTOR_RS_CONTRACT_IS_KOSPI_ONLY
2026-09-11,KOSPI,443060,HD현대마린솔루션,READY,1026,일반서비스,16.2651,-2.1002,
2026-09-11,KOSPI,454910,두산로보틱스,READY,1012,기계·장비,-13.0304,-27.4209,
2026-09-11,KOSPI,456040,OCI,READY,1008,화학,-0.2322,-26.1122,
2026-09-11,KOSPI,457190,이수스페셜티케미컬,READY,1008,화학,-4.4052,-20.767,
2026-09-11,KOSPI,475560,더본코리아,READY,1016,유통,5.3854,7.3022,
2026-09-11,KOSPI,483650,달바글로벌,READY,1008,화학,-34.1377,-22.27,
2026-09-11,KOSPI,489790,한화비전,READY,1013,전기전자,-22.4098,-19.0684,
2026-09-11,KOSPI,499790,GS피앤엘,READY,1021,금융,-15.2909,-20.1575,
