basis_date,market,ticker,name,long_history_rows,metric_input_rows,metric_status,official_close,swing_phase,swing_phase_ko,swing_trough_date,swing_peak_date,from_trough_pct,from_peak_pct,momentum_5d_pct,ma5_value,ma5_direction,ma20_value,ma20_direction,ma60_value,ma60_direction,ma120_value,ma120_direction,return_1m_pct,return_3m_pct,rs_kospi_1m_pp,rs_kospi_3m_pp,atr14_krw,atr14_pct,avg_daily_range_20_pct,mean_run_days,up_run_days,down_run_days,streak_direction,streak_days,streak_change_pct,ma20_reference_only,confirmed_swing_low_stop,rsi,macd,return_1w,return_6m,return_ytd,return_52w,rs_sector,investment_score_100,earnings_outlook_change
2026-09-11,KOSPI,000270,기아,260,143,OK,126600.0,EARLY_REBOUND_UNCONFIRMED,초기반등·확인부족,2026-07-29,2026-06-16,5.1495,-25.6169,0.0791,126840.0,-1,130025.0,-1,136930.0,-1,148231.6667,-1,-5.7334,-18.8462,-14.6275,-7.8461,5003.5186,3.9522,3.4613,1.935483870967742,2.1333333333333333,1.75,-1,1,-0.315,130025.0,,,,,,,,,,
2026-09-11,KOSPI,000370,한화손해보험,260,143,OK,8420.0,UPTREND,상승중,2026-07-29,2026-09-03,59.7723,-5.9218,0.0,8222.0,-1,7943.5,1,6576.8333,1,6607.4167,1,37.3573,34.72,28.4632,45.7201,471.4537,5.5992,6.3358,2.3076923076923075,2.4615384615384617,2.1538461538461537,1,2,6.7174,7943.5,,,,,,,,,,
2026-09-11,KOSPI,000500,가온전선,260,143,OK,254000.0,BOTTOM_REBOUND,저점반등,2026-07-30,2026-06-18,136.0595,-34.1115,19.8113,246300.0,1,199285.0,1,215801.6667,-1,233428.3333,1,61.5776,-21.6049,52.6835,-10.6048,,,8.4816,1.935483870967742,1.875,2,1,1,1.6,199285.0,,,,,,,,,,
2026-09-11,KOSPI,000540,흥국화재,260,143,OK,3675.0,UPTREND_PULLBACK,상승중 눌림,2026-07-29,2026-09-03,26.2887,-7.197,-0.5413,3687.0,-1,3569.75,1,3325.25,0,3727.375,-1,9.538,0.5472,0.6439,11.5473,164.3484,4.4721,4.661,1.8181818181818181,1.8125,1.8235294117647058,-1,1,-0.8097,3569.75,,,,,,,,,,
2026-09-11,KOSPI,000640,동아쏘시오홀딩스,260,143,OK,90700.0,TOP_DECLINE,고점후하락,2026-06-26,2026-08-11,19.657,-6.4948,-2.0518,91260.0,-1,92125.0,-1,86603.3333,1,89945.0,-1,-6.4948,10.0728,-15.3889,21.0729,3110.75,3.4297,3.2857,2.142857142857143,1.9285714285714286,2.357142857142857,-1,6,-3.5106,92125.0,,,,,,,,,,
2026-09-11,KOSPI,000650,천일고속,260,143,OK,143300.0,SIDEWAYS_OR_UNCONFIRMED,횡보·방향미확인,2026-07-30,2026-06-23,12.2161,-29.0594,-0.2784,143620.0,-1,149795.0,-1,156485.0,-1,185850.0,-1,-10.213,-26.7757,-19.1071,-15.7756,7433.7401,5.1875,4.1796,2.2222222222222223,2,2.4285714285714284,-1,3,-0.3477,149795.0,,,,,,,,,,
2026-09-11,KOSPI,000660,SK하이닉스,260,143,OK,1812000.0,BOTTOM_REBOUND,저점반등,2026-07-30,2026-06-22,37.0651,-37.9239,10.0182,1819400.0,1,1698400.0,1,1912750.0,-1,1726466.6667,1,27.1579,-13.7554,18.2638,-2.7553,119509.4485,6.5954,5.2241,1.875,2,1.75,-1,2,-2.3707,1698400.0,,,,,,,,,,
2026-09-11,KOSPI,000810,삼성화재,260,143,OK,686000.0,UPTREND,상승중,2026-07-29,2026-09-03,16.8654,-2.2792,3.4691,655400.0,-1,655550.0,1,645133.3333,-1,585025.0,1,7.0203,3.4691,-1.8738,14.4692,33846.1634,4.9338,4.8056,1.935483870967742,2.0625,1.8,1,2,7.0203,655550.0,,,,,,,,,,
2026-09-11,KOSPI,000880,한화,260,143,OK,137300.0,UPTREND_PULLBACK,상승중 눌림,2026-08-24,2026-09-09,63.8425,-3.3099,-0.0728,139040.0,1,118075.0,1,102316.6667,1,114495.8333,1,63.8425,16.7517,54.9484,27.7518,,,,3.1578947368421053,2.3333333333333335,3.9,-1,2,-3.3099,118075.0,,,,,,,,,,
2026-09-11,KOSPI,000990,DB하이텍,260,143,OK,105800.0,BOTTOM_REBOUND,저점반등,2026-07-30,2026-06-12,48.5955,-39.3001,17.6863,107340.0,1,96725.0,1,107850.0,-1,123530.0,1,13.5193,-31.8299,4.6252,-20.8298,7936.8594,7.5018,5.9768,1.935483870967742,2.066666666666667,1.8125,-1,1,-8.1597,96725.0,,,,,,,,,,
2026-09-11,KOSPI,001020,페이퍼코리아,260,143,OK,2240.0,TOP_DECLINE,고점후하락,2026-07-29,2026-09-02,29.2556,-16.2617,-8.9431,2415.0,-1,2349.4,1,2125.9,1,1587.0417,1,14.4025,-1.1038,5.5084,9.8963,,,7.8747,2.608695652173913,2.5454545454545454,2.6666666666666665,-1,4,-12.6706,2349.4,,,,,,,,,,
2026-09-11,KOSPI,001045,CJ우,260,143,OK,67900.0,NEW_LOW,최근 신저점,2026-07-20,2026-08-06,5.5988,-11.3577,-1.4514,68840.0,1,69640.0,-1,69151.6667,-1,76869.1667,-1,-7.9946,-6.9863,-16.8887,4.0138,1998.4018,2.9432,2.5876,1.935483870967742,1.5333333333333334,2.3125,-1,4,-2.1614,69640.0,,,,,,,,,,
2026-09-11,KOSPI,001060,JW중외제약,260,143,OK,26600.0,TOP_DECLINE,고점후하락,2026-07-29,2026-08-12,20.9091,-11.3333,-3.2727,26920.0,-1,27362.5,-1,25698.3333,-1,27667.5,-1,1.3333,0.3774,-7.5608,11.3775,1148.0934,4.3161,3.8535,1.7142857142857142,1.6470588235294117,1.7777777777777777,-1,5,-3.2727,27362.5,,,,,,,,,,
2026-09-11,KOSPI,001200,유진투자증권,260,143,OK,4355.0,SIDEWAYS_OR_UNCONFIRMED,횡보·방향미확인,2026-07-29,2026-06-17,17.5439,-11.0317,0.0,4329.0,-1,4343.75,-1,4290.5,-1,4702.5417,-1,-1.9144,-0.9101,-10.8085,10.09,157.1842,3.6093,3.1461,1.5384615384615385,1.368421052631579,1.7,-1,1,-0.7973,4343.75,,,,,,,,,,
2026-09-11,KOSPI,001210,금호전기,260,143,OK,12450.0,UPTREND,상승중,2026-06-23,2026-09-02,2488.3576,-6.391,2.3007,12292.0,-1,10211.5,1,4540.05,1,2655.7,1,205.1471,2425.355,196.253,2436.3551,,,15.6343,3.3333333333333335,2.7777777777777777,3.888888888888889,1,1,4.1841,10211.5,,,,,,,,,,
2026-09-11,KOSPI,001290,상상인증권,260,143,OK,4300.0,UPTREND,상승중,2026-07-29,2026-09-09,632.5383,-4.4444,325.7426,3008.0,1,1504.05,1,1033.1833,1,1083.1667,1,294.4954,381.523,285.6013,392.5231,,,,2.727272727272727,3.090909090909091,2.3636363636363638,1,1,1.8957,1504.05,,,,,,,,,,
2026-09-11,KOSPI,001420,태원물산,260,143,OK,2880.0,BOTTOM_REBOUND,저점반등,2026-08-14,2026-07-09,43.2836,-7.2464,3.2258,2879.0,1,2533.0,1,2647.9167,1,2730.0,1,3.2258,26.8722,-5.6683,37.8723,,,11.0434,2.3076923076923075,2.6923076923076925,1.9230769230769231,-1,2,-1.7065,2533.0,,,,,,,,,,
2026-09-11,KOSPI,001440,대한전선,260,143,OK,29500.0,BOTTOM_REBOUND,저점반등,2026-07-30,2026-06-17,41.8269,-28.3111,7.6642,29540.0,1,28560.0,1,29362.5,-1,36400.4167,0,4.2403,-20.1624,-4.6538,-9.1623,1819.2039,6.1668,5.1796,2.4,2,2.769230769230769,-1,2,-5.1447,28560.0,,,,,,,,,,
2026-09-11,KOSPI,001527,동양2우B,260,143,OK,5750.0,NEW_LOW,최근 신저점,2026-06-30,2026-07-23,25.8206,-29.4479,-4.6434,5864.0,-1,6327.5,-1,6274.3333,-1,6849.0,-1,-13.142,-19.0141,-22.0361,-8.014,,,,2.0689655172413794,2,2.1333333333333333,-1,3,-2.7073,6327.5,,,,,,,,,,
2026-09-11,KOSPI,001530,DI동일,260,143,OK,26450.0,UPTREND_PULLBACK,상승중 눌림,2026-06-26,2026-09-07,29.3399,-6.5371,-4.1667,27500.0,-1,26212.5,1,24245.0,1,24680.8333,1,6.4386,17.8174,-2.4555,28.8175,1508.6091,5.7036,5.7464,1.7142857142857142,1.7647058823529411,1.6666666666666667,-1,4,-6.5371,26212.5,,,,,,,,,,
2026-09-11,KOSPI,001560,제일연마,260,143,OK,8990.0,SIDEWAYS_OR_UNCONFIRMED,횡보·방향미확인,2026-07-21,2026-06-15,8.0529,-12.2927,-3.125,9210.0,1,9153.0,1,8890.5,-1,9861.4167,-1,1.1249,-8.2653,-7.7692,2.7348,241.1323,2.6822,2.8135,2.0689655172413794,2.2142857142857144,1.9333333333333333,-1,3,-3.953,9153.0,,,,,,,,,,
2026-09-11,KOSPI,001770,SHD,260,143,OK,9250.0,NEW_LOW,최근 신저점,2026-07-31,2026-08-19,84.2629,-43.6319,-41.5666,12076.0,-1,12628.0,1,8752.0,-1,12300.1667,-1,29.1899,-30.3988,20.2958,-19.3987,,,17.0141,2.4,2.0833333333333335,2.6923076923076925,-1,5,-41.5666,12628.0,,,,,,,,,,
2026-09-11,KOSPI,001820,삼화콘덴서,260,143,OK,137400.0,BOTTOM_REBOUND,저점반등,2026-07-30,2026-06-18,137.7163,-27.7223,25.1366,119560.0,1,107775.0,1,105206.6667,-1,92898.3333,1,62.6036,3.0758,53.7095,14.0759,12011.753,8.7422,9.6163,2.4,2.3076923076923075,2.5,1,1,18.7554,107775.0,,,,,,,,,,
2026-09-11,KOSPI,002210,동성제약,260,143,OK,1409.0,NEW_LOW,최근 신저점,2026-07-29,2026-07-31,44.8099,-23.6728,-1.1228,1449.2,1,1497.4,-1,1274.3167,1,1123.6583,1,-13.7699,44.8099,-22.664,55.81,,,5.0413,2.5833333333333335,2.1666666666666665,3,-1,3,-5.2455,1497.4,,,,,,,,,,
2026-09-11,KOSPI,002380,KCC,260,143,OK,485500.0,BOTTOM_REBOUND,저점반등,2026-07-29,2026-06-16,37.7305,-13.3036,0.7261,496400.0,1,476650.0,1,455958.3333,-1,496262.5,-1,7.8889,-1.0194,-1.0052,9.9807,21758.8828,4.4817,4.3603,2.0689655172413794,2,2.1333333333333333,-1,2,-3.4791,476650.0,,,,,,,,,,
2026-09-11,KOSPI,002420,우양피앤엘,260,143,OK,5490.0,NEW_LOW,최근 신저점,2026-06-23,2026-08-10,10.4628,-10.2941,-5.0173,5736.0,-1,5768.0,-1,5466.3333,1,5523.2083,0,-8.6522,-1.0811,-17.5463,9.919,295.5139,5.3828,4.3029,2,2,2,-1,3,-7.1066,5768.0,,,,,,,,,,
2026-09-11,KOSPI,002450,삼익악기,260,143,OK,1131.0,SIDEWAYS_OR_UNCONFIRMED,횡보·방향미확인,2026-07-29,2026-06-12,5.0139,-13.3997,-2.4159,1148.4,-1,1132.6,1,1138.65,-1,1195.8417,-1,-2.0779,-9.7366,-10.972,1.2635,25.9389,2.2934,2.0089,2.608695652173913,2.6363636363636362,2.5833333333333335,-1,4,-3.0848,1132.6,,,,,,,,,,
2026-09-11,KOSPI,002990,금호건설,260,143,OK,14710.0,TOP_DECLINE,고점후하락,2026-06-11,2026-07-09,297.5676,-15.0202,-8.5768,15430.0,-1,15413.0,1,11949.25,1,8344.2917,1,28.0244,297.5676,19.1303,308.5677,,,11.884,2.142857142857143,2,2.2857142857142856,-1,4,-8.6903,15413.0,,,,,,,,,,
2026-09-11,KOSPI,003010,혜인,260,143,OK,9450.0,TOP_DECLINE,고점후하락,2026-07-29,2026-08-28,136.5457,-25.4732,-11.2676,8974.0,-1,10411.5,1,6574.75,1,6279.8333,1,33.4746,101.0638,24.5805,112.0639,1309.4035,13.8561,16.7935,2,2.066666666666667,1.9333333333333333,1,3,9.1224,10411.5,,,,,,,,,,
2026-09-11,KOSPI,003230,삼양식품,260,143,OK,1278000.0,TOP_DECLINE,고점후하락,2026-07-20,2026-08-28,21.3675,-17.3885,-9.8095,1285600.0,-1,1390300.0,1,1232583.3333,1,1242841.6667,1,1.9139,8.6735,-6.9802,19.6736,70689.6123,5.5313,5.225,2,1.6666666666666667,2.3333333333333335,1,1,1.1076,1390300.0,,,,,,,,,,
2026-09-11,KOSPI,003280,흥아해운,260,143,OK,1878.0,BOTTOM_REBOUND,저점반등,2026-07-29,2026-07-23,22.8254,-7.715,8.9327,1807.6,1,1763.65,1,1724.7167,-1,2274.3833,-1,8.8696,1.4587,-0.0245,12.4588,118.9814,6.3355,5.878,1.935483870967742,2.066666666666667,1.8125,-1,1,-1.2099,1763.65,,,,,,,,,,
2026-09-11,KOSPI,003350,한국화장품제조,260,143,OK,15710.0,UPTREND,상승중,2026-06-25,2026-09-11,121.8927,0.0,23.2157,13642.0,1,12940.0,1,9774.8333,1,15840.75,-1,51.9342,91.1192,43.0401,102.1193,,,9.3894,2.142857142857143,2.2857142857142856,2,1,1,19.3769,12940.0,,,,,,,,,,
2026-09-11,KOSPI,003490,대한항공,260,143,OK,28950.0,UPTREND_PULLBACK,상승중 눌림,2026-07-30,2026-09-07,17.4442,-4.6129,-4.1391,29750.0,1,27932.5,1,27213.3333,1,26291.25,1,8.6304,16.7339,-0.2637,27.734,1035.0235,3.5752,3.2856,2.142857142857143,2.0714285714285716,2.2142857142857144,-1,4,-4.6129,27932.5,,,,,,,,,,
2026-09-11,KOSPI,003495,대한항공우,260,143,OK,21700.0,SIDEWAYS_OR_UNCONFIRMED,횡보·방향미확인,2026-07-30,2026-06-15,4.3269,-5.6522,-1.81,21870.0,1,21757.5,1,21777.5,-1,22474.5833,-1,0.9302,1.4019,-7.9639,12.402,448.4446,2.0666,2.0004,2.0689655172413794,2,2.1333333333333333,-1,3,-1.3636,21757.5,,,,,,,,,,
2026-09-11,KOSPI,003530,한화투자증권,260,143,OK,4785.0,SIDEWAYS_OR_UNCONFIRMED,횡보·방향미확인,2026-07-30,2026-06-17,30.2041,-19.3086,-6.1765,4859.0,-1,4831.5,1,4674.0,-1,5827.25,-1,4.5902,-12.6825,-4.3039,-1.6824,260.255,5.439,5.1176,1.935483870967742,1.5333333333333334,2.3125,-1,1,-1.9467,4831.5,,,,,,,,,,
2026-09-11,KOSPI,003540,대신증권,260,143,OK,27200.0,BOTTOM_REBOUND,저점반등,2026-07-29,2026-06-16,15.4989,-12.96,2.6415,26940.0,1,26597.5,1,26665.8333,-1,31077.5,-1,3.4221,-4.8951,-5.472,6.105,850.3576,3.1263,2.6346,1.7647058823529411,1.8823529411764706,1.6470588235294117,1,1,0.7407,26597.5,,,,,,,,,,
2026-09-11,KOSPI,003550,LG,260,143,OK,112500.0,TOP_DECLINE,고점후하락,2026-07-29,2026-09-07,22.0174,-9.6386,-7.1016,118600.0,-1,116145.0,1,106323.3333,1,105270.0,1,3.8781,4.6512,-5.016,15.6513,5302.4093,4.7133,4.3465,1.935483870967742,2.1333333333333333,1.75,-1,2,-5.5416,116145.0,,,,,,,,,,
2026-09-11,KOSPI,003580,HLB글로벌,260,143,OK,1631.0,UPTREND_PULLBACK,상승중 눌림,2026-07-13,2026-09-04,49.633,-6.1025,-6.1025,1657.4,1,1611.4,1,1480.5833,1,1713.1417,-1,0.6169,11.7889,-8.2772,22.789,90.6797,5.5598,4.958,2.857142857142857,3,2.727272727272727,-1,5,-6.1025,1611.4,,,,,,,,,,
2026-09-11,KOSPI,003670,포스코퓨처엠,260,143,OK,185300.0,BOTTOM_REBOUND,저점반등,2026-07-29,2026-06-15,51.7609,-11.9715,0.9259,186720.0,-1,177795.0,1,163343.3333,-1,195700.0,-1,18.1007,0.3249,9.2066,11.325,11021.2779,5.9478,5.6108,2.0689655172413794,2,2.1333333333333333,-1,1,-3.9896,177795.0,,,,,,,,,,
2026-09-11,KOSPI,004170,신세계,260,143,OK,381000.0,SIDEWAYS_OR_UNCONFIRMED,횡보·방향미확인,2026-09-03,2026-07-01,0.3953,-50.9021,-0.3922,391800.0,-1,403225.0,-1,517733.3333,-1,486054.1667,1,-11.0852,-46.6387,-19.9793,-35.6386,27185.4787,7.1353,5.1916,1.935483870967742,1.5333333333333334,2.3125,-1,3,-5.8096,403225.0,,,,,,,,,,
2026-09-11,KOSPI,004310,현대약품,260,143,OK,9820.0,UPTREND,상승중,2026-07-08,2026-09-08,116.777,-5.9387,23.522,9750.0,1,7355.5,1,6499.6667,1,7213.5833,1,53.4375,71.3787,44.5434,82.3788,965.9831,9.8369,10.9312,2.0689655172413794,2.2,1.9285714285714286,1,1,0.5118,7355.5,,,,,,,,,,
2026-09-11,KOSPI,004370,농심,260,143,OK,414500.0,TOP_DECLINE,고점후하락,2026-06-26,2026-08-26,25.7967,-9.695,-3.6047,414500.0,-1,433100.0,1,386000.0,1,382054.1667,1,4.804,10.5333,-4.0901,21.5334,16818.0571,4.0574,4.6853,2.142857142857143,1.8571428571428572,2.4285714285714284,1,1,0.4848,433100.0,,,,,,,,,,
2026-09-11,KOSPI,004490,세방전지,260,143,OK,61600.0,UPTREND_PULLBACK,상승중 눌림,2026-07-29,2026-08-31,29.1405,-9.6774,-4.3478,63280.0,-1,61345.0,1,55842.5,1,57949.1667,1,9.8039,18.2342,0.9098,29.2343,3579.9374,5.8116,5.8056,1.935483870967742,2.066666666666667,1.8125,-1,2,-4.3478,61345.0,,,,,,,,,,
2026-09-11,KOSPI,004545,깨끗한나라우,260,143,OK,3905.0,NEW_LOW,최근 신저점,2026-09-11,2026-06-22,0.0,-60.1531,-7.0238,4009.0,-1,4342.5,-1,5336.0833,-1,7688.2917,-1,-14.1758,-55.5745,-23.0699,-44.5744,,,,1.875,1.5,2.25,-1,4,-7.0238,4342.5,,,,,,,,,,
2026-09-11,KOSPI,004710,한솔테크닉스,260,143,OK,8850.0,BOTTOM_REBOUND,저점반등,2026-07-30,2026-06-22,56.9149,-42.7555,4.6099,8878.0,1,7691.0,1,8655.0,-1,8996.0,1,12.5954,-23.3102,3.7013,-12.3101,712.4533,8.0503,7.3678,1.875,1.5,2.25,1,1,1.7241,7691.0,,,,,,,,,,
2026-09-11,KOSPI,004770,써니전자,260,143,OK,2125.0,UPTREND_PULLBACK,상승중 눌림,2026-07-29,2026-09-01,39.9868,-10.5263,-2.746,2146.0,-1,1961.05,1,1746.4667,1,1720.9083,1,22.9034,29.1009,14.0093,40.101,210.3258,9.8977,10.2358,2.2222222222222223,2.076923076923077,2.357142857142857,-1,2,-5.9735,1961.05,,,,,,,,,,
2026-09-11,KOSPI,004870,티웨이홀딩스,260,143,OK,1117.0,NEW_LOW,최근 신저점,2026-07-23,2026-08-04,352.2267,-20.7801,-2.1034,1125.8,-1,1144.0,-1,771.8167,1,539.0083,1,-13.5449,318.3521,-22.439,329.3522,,,5.6248,2.727272727272727,1.5454545454545454,3.909090909090909,-1,3,-1.759,1144.0,,,,,,,,,,
2026-09-11,KOSPI,004910,조광페인트,260,143,OK,3535.0,SIDEWAYS_OR_UNCONFIRMED,횡보·방향미확인,2026-06-26,2026-06-17,9.1049,-7.4607,-0.1412,3581.0,1,3588.75,-1,3540.0833,-1,3972.2917,-1,-6.9737,1.0,-15.8678,12.0001,116.794,3.3039,3.1495,2.0689655172413794,2,2.1333333333333333,-1,4,-3.1507,3588.75,,,,,,,,,,
2026-09-11,KOSPI,005320,온타이드,260,143,OK,1203.0,UPTREND,상승중,2026-07-28,2026-09-04,83.6641,-0.166,-0.166,1185.4,1,961.75,1,871.7833,1,796.2667,1,47.9705,8.3784,39.0764,19.3785,,,10.3166,2.3076923076923075,2,2.6153846153846154,1,3,2.383,961.75,,,,,,,,,,
2026-09-11,KOSPI,005380,현대차,260,143,OK,382500.0,SIDEWAYS_OR_UNCONFIRMED,횡보·방향미확인,2026-07-30,2026-06-15,8.9744,-40.881,-0.2608,387500.0,-1,403075.0,-1,432016.6667,-1,504587.5,-1,-5.0868,-35.9296,-13.9809,-24.9295,17600.4587,4.6014,3.8405,1.8181818181818181,1.5625,2.0588235294117645,-1,1,-1.671,403075.0,,,,,,,,,,
2026-09-11,KOSPI,005385,현대차우,260,143,OK,182000.0,SIDEWAYS_OR_UNCONFIRMED,횡보·방향미확인,2026-07-30,2026-06-15,1.8467,-29.0448,-1.9397,185680.0,-1,193145.0,-1,200998.3333,-1,228074.1667,-1,-7.9413,-22.3881,-16.8354,-11.388,6421.9029,3.5285,2.9166,2.0689655172413794,1.7857142857142858,2.3333333333333335,-1,4,-3.4483,193145.0,,,,,,,,,,
2026-09-11,KOSPI,005387,현대차2우B,260,143,OK,180500.0,SIDEWAYS_OR_UNCONFIRMED,횡보·방향미확인,2026-07-29,2026-06-15,0.7817,-29.7665,-2.3268,184340.0,-1,192760.0,-1,201245.0,-1,227901.6667,-1,-9.4784,-23.3546,-18.3725,-12.3545,6242.7644,3.4586,2.8478,1.935483870967742,1.5333333333333334,2.3125,-1,4,-3.7333,192760.0,,,,,,,,,,
2026-09-11,KOSPI,005389,현대차3우B,260,143,OK,178500.0,SIDEWAYS_OR_UNCONFIRMED,횡보·방향미확인,2026-07-30,2026-06-15,2.8226,-26.9939,-1.5987,181080.0,-1,188350.0,-1,194858.3333,-1,219933.3333,-1,-7.7996,-20.3125,-16.6937,-9.3124,5121.6713,2.8693,2.4947,2.4,2,2.769230769230769,-1,4,-2.459,188350.0,,,,,,,,,,
2026-09-11,KOSPI,005490,POSCO홀딩스,260,143,OK,334000.0,UPTREND_PULLBACK,상승중 눌림,2026-07-29,2026-06-15,15.7712,-15.443,-0.8902,334800.0,-1,331850.0,1,322300.0,-1,363316.6667,0,2.2971,-6.7039,-6.597,4.2962,12913.7006,3.8664,3.4516,1.8181818181818181,1.8125,1.8235294117647058,-1,1,-1.4749,331850.0,,,,,,,,,,
2026-09-11,KOSPI,005500,삼진제약,260,143,OK,18440.0,UPTREND_PULLBACK,상승중 눌림,2026-07-29,2026-06-16,8.4068,-5.6777,-1.6533,18630.0,-1,18398.0,1,18237.0,-1,18732.8333,0,-1.3376,-2.3822,-10.2317,8.6179,435.0593,2.3593,2.308,1.7142857142857142,1.6470588235294117,1.7777777777777777,-1,4,-1.8104,18398.0,,,,,,,,,,
2026-09-11,KOSPI,005820,원림,260,143,OK,14160.0,NEW_LOW,최근 신저점,2026-06-26,2026-09-01,10.9718,-8.8803,-6.9034,14666.0,-1,15074.5,0,14207.3333,1,14810.8333,-1,-2.814,4.1176,-11.7081,15.1177,525.4493,3.7108,3.4645,2.727272727272727,2.5454545454545454,2.909090909090909,-1,5,-6.9034,15074.5,,,,,,,,,,
2026-09-11,KOSPI,005830,DB손해보험,260,143,OK,191700.0,UPTREND,상승중,2026-06-26,2026-09-03,45.7795,-5.5665,-2.0439,188740.0,-1,186480.0,1,164405.0,1,163195.8333,1,16.535,36.9286,7.6409,47.9287,9386.7146,4.8966,5.0648,2.142857142857143,2.357142857142857,1.9285714285714286,1,2,3.0091,186480.0,,,,,,,,,,
2026-09-11,KOSPI,005930,삼성전자,260,143,OK,259500.0,BOTTOM_REBOUND,저점반등,2026-07-30,2026-06-18,25.3623,-28.4138,1.5656,267500.0,1,262800.0,1,272716.6667,-1,262445.8333,1,8.3507,-13.2107,-0.5434,-2.2106,14509.8087,5.5914,4.2082,1.875,1.875,1.875,-1,2,-3.7106,262800.0,,,,,,,,,,
2026-09-11,KOSPI,005935,삼성전자우,260,143,OK,193300.0,BOTTOM_REBOUND,저점반등,2026-07-30,2026-06-25,28.0132,-17.7447,0.8873,198360.0,1,192365.0,1,191036.6667,-1,179704.1667,1,7.2697,-0.1034,-1.6244,10.8967,10868.69,5.6227,4.7276,1.7647058823529411,1.7058823529411764,1.8235294117647058,-1,1,-4.7783,192365.0,,,,,,,,,,
2026-09-11,KOSPI,006110,삼아알미늄,260,143,OK,59800.0,TOP_DECLINE,고점후하락,2026-07-29,2026-08-31,121.4815,-16.3636,-12.9549,64780.0,-1,62467.5,1,47085.8333,1,54411.25,1,16.5692,-0.3333,7.6751,10.6668,6212.353,10.3886,10.8423,2.2222222222222223,2.076923076923077,2.357142857142857,-1,2,-11.0119,62467.5,,,,,,,,,,
2026-09-11,KOSPI,006220,제주은행,260,143,OK,10350.0,BOTTOM_REBOUND,저점반등,2026-07-30,2026-06-16,25.4545,-16.0584,2.7805,10074.0,-1,9749.5,1,9643.1667,-1,10849.5,-1,11.1708,-15.6479,2.2767,-4.6478,425.7026,4.1131,4.5928,2.142857142857143,2.2142857142857144,2.0714285714285716,1,2,3.8114,9749.5,,,,,,,,,,
2026-09-11,KOSPI,006260,LS,260,143,OK,319500.0,EARLY_REBOUND_UNCONFIRMED,초기반등·확인부족,2026-07-30,2026-06-17,42.953,-26.2125,6.6778,318000.0,1,310450.0,-1,319583.3333,-1,357070.8333,1,-0.9302,-14.4578,-9.8243,-3.4577,23784.9485,7.4444,6.5503,2.2222222222222223,1.7692307692307692,2.642857142857143,-1,2,-3.1818,310450.0,,,,,,,,,,
2026-09-11,KOSPI,006360,GS건설,260,143,OK,38500.0,UPTREND,상승중,2026-07-29,2026-09-11,73.4234,0.0,12.4088,36350.0,1,35275.0,1,30735.8333,1,31737.5,1,10.7914,46.9466,1.8973,57.9467,2555.4644,6.6376,6.9002,2,2.2,1.8,1,7,19.3798,35275.0,,,,,,,,,,
2026-09-11,KOSPI,006370,대구백화점,260,143,OK,3200.0,NEW_LOW,최근 신저점,2026-09-11,2026-07-16,0.0,-45.4855,-10.6145,3364.0,-1,3982.75,-1,4372.8333,-1,4876.0,-1,-31.1828,-35.6784,-40.0769,-24.6783,344.9974,10.7812,9.0675,1.8181818181818181,1.375,2.235294117647059,-1,3,-7.1118,3982.75,,,,,,,,,,
2026-09-11,KOSPI,006380,카프로,260,143,OK,120.0,NEW_LOW,최근 신저점,2026-09-11,2026-09-07,0.0,-96.7213,-96.7213,851.2,-1,2957.8,-1,3425.9333,-1,3542.9667,-1,-96.7213,-96.7213,-105.6154,-85.7212,,,,4,,4,-1,4,-96.7213,2957.8,,,,,,,,,,
2026-09-11,KOSPI,006400,삼성SDI,260,143,OK,545000.0,UPTREND_PULLBACK,상승중 눌림,2026-07-30,2026-08-31,52.0223,-5.5459,-0.5474,550200.0,-1,534025.0,1,476900.0,1,516587.5,1,18.6072,9.328,9.7131,20.3281,30772.9799,5.6464,5.5383,1.7142857142857142,1.6470588235294117,1.7777777777777777,-1,2,-5.0523,534025.0,,,,,,,,,,
2026-09-11,KOSPI,006490,프리티,260,143,OK,2390.0,UPTREND,상승중,2026-06-19,2026-09-11,788.4758,0.0,166.147,1384.8,1,1019.7,1,761.8333,1,573.5333,1,166.147,704.7138,157.2529,715.7139,,,,4.285714285714286,3.7142857142857144,4.857142857142857,1,2,166.147,1019.7,,,,,,,,,,
2026-09-11,KOSPI,006650,대한유화,260,143,OK,102200.0,BOTTOM_REBOUND,저점반등,2026-08-21,2026-06-15,27.2727,-27.7739,5.6877,102680.0,1,92660.0,1,99091.6667,-1,121214.1667,-1,13.6819,-15.4673,4.7878,-4.4672,6705.2802,6.5609,6.4512,2.2222222222222223,1.8461538461538463,2.5714285714285716,-1,2,-7.3436,92660.0,,,,,,,,,,
2026-09-11,KOSPI,006800,미래에셋증권,260,143,OK,33450.0,SIDEWAYS_OR_UNCONFIRMED,횡보·방향미확인,2026-07-30,2026-06-12,10.7616,-36.0421,-2.9028,34600.0,1,35082.5,-1,37824.1667,-1,51450.8333,-1,-5.7746,-34.5401,-14.6687,-23.54,1772.7476,5.2997,3.6651,1.6666666666666667,1.6111111111111112,1.7222222222222223,-1,2,-4.5649,35082.5,,,,,,,,,,
2026-09-11,KOSDAQ,007390,네이처셀,260,143,OK,25100.0,BOTTOM_REBOUND,저점반등,2026-08-03,2026-06-17,18.6761,-22.0497,4.8017,24940.0,1,24400.0,1,24115.8333,-1,23158.0833,1,7.265,-22.0497,-1.6291,-11.0496,1553.55,6.1894,6.3387,1.6216216216216217,1.5555555555555556,1.6842105263157894,-1,1,-1.5686,24400.0,,,,,,,,,,
2026-09-11,KOSPI,007660,이수페타시스,260,143,OK,109900.0,UPTREND_PULLBACK,상승중 눌림,2026-07-30,2026-07-01,85.6419,-17.3062,-1.0801,111480.0,1,108135.0,1,99731.6667,-1,113332.5,-1,25.1708,-10.7955,16.2767,0.2046,7121.4668,6.48,6.4639,2.0689655172413794,2.2857142857142856,1.8666666666666667,-1,1,-2.7434,108135.0,,,,,,,,,,
2026-09-11,KOSPI,007810,코리아써키트,260,143,OK,51100.0,EARLY_REBOUND_UNCONFIRMED,초기반등·확인부족,2026-07-30,2026-06-17,32.7273,-63.9887,0.1961,51860.0,-1,56865.0,-1,67049.1667,-1,81306.25,-1,-13.2428,-63.2902,-22.1369,-52.2901,4817.9021,9.4284,7.7247,2.0689655172413794,1.7142857142857142,2.4,-1,1,-2.8517,56865.0,,,,,,,,,,
2026-09-11,KOSPI,008060,대덕,260,143,OK,14540.0,EARLY_REBOUND_UNCONFIRMED,초기반등·확인부족,2026-07-30,2026-06-15,26.5448,-32.3721,0.1377,14622.0,-1,15469.5,-1,15292.6667,-1,16266.0833,1,-5.2151,-25.8919,-14.1092,-14.8918,941.5322,6.4755,6.1528,2.0689655172413794,1.6428571428571428,2.466666666666667,-1,2,-1.5572,15469.5,,,,,,,,,,
2026-09-11,KOSPI,008770,호텔신라,260,143,OK,41100.0,NEW_LOW,최근 신저점,2026-09-11,2026-06-16,0.0,-31.2709,-2.6066,41800.0,-1,42617.5,-1,45752.5,-1,50132.5,-1,-7.8475,-26.2118,-16.7416,-15.2117,1538.7859,3.744,3.0277,1.8181818181818181,1.6875,1.9411764705882353,-1,4,-3.6342,42617.5,,,,,,,,,,
2026-09-11,KOSPI,008930,한미사이언스,260,143,OK,50300.0,UPTREND_PULLBACK,상승중 눌림,2026-06-26,2026-09-08,92.7203,-12.825,-4.7348,54660.0,1,48652.5,1,39032.5,1,37336.25,1,8.8745,68.7919,-0.0196,79.792,4054.5381,8.0607,8.2881,2.608695652173913,3.4545454545454546,1.8333333333333333,-1,3,-12.825,48652.5,,,,,,,,,,
2026-09-11,KOSPI,009150,삼성전기,260,143,OK,1400000.0,UPTREND,상승중,2026-07-30,2026-06-19,59.2719,-38.326,-0.0714,1405600.0,-1,1398900.0,1,1500483.3333,-1,1260704.1667,1,10.935,-22.4377,2.0409,-11.4376,100754.422,7.1967,5.811,2,2,2,0,0,0.0,1398900.0,,,,,,,,,,
2026-09-11,KOSPI,009200,무림페이퍼,260,143,OK,1487.0,NEW_LOW,최근 신저점,2026-06-26,2026-08-11,18.3917,-6.0051,-1.8482,1494.4,-1,1522.55,-1,1466.6333,-1,1679.7167,-1,-6.0051,1.71,-14.8992,12.7101,40.9398,2.7532,2.7028,2.857142857142857,2.7,3,-1,8,-3.5668,1522.55,,,,,,,,,,
2026-09-11,KOSPI,009420,한올바이오파마,260,143,OK,50100.0,NEW_LOW,최근 신저점,2026-07-30,2026-06-29,28.4615,-27.3913,-8.4095,53380.0,-1,57735.0,-1,54965.8333,0,53168.3333,-1,-11.9508,-5.4717,-20.8449,5.5284,3884.9011,7.7543,6.0761,2.0689655172413794,1.7857142857142858,2.3333333333333335,-1,4,-9.7297,57735.0,,,,,,,,,,
2026-09-11,KOSPI,009540,HD한국조선해양,260,143,OK,365500.0,EARLY_REBOUND_UNCONFIRMED,초기반등·확인부족,2026-07-14,2026-06-16,11.7737,-16.6477,4.878,354200.0,1,356150.0,-1,363091.6667,-1,387437.5,-1,-8.1658,-2.6631,-17.0599,8.337,17852.0693,4.8843,4.0697,1.7647058823529411,1.588235294117647,1.9411764705882353,1,1,3.9829,356150.0,,,,,,,,,,
2026-09-11,KOSPI,010120,LS ELECTRIC,260,143,OK,204500.0,EARLY_REBOUND_UNCONFIRMED,초기반등·확인부족,2026-07-30,2026-07-01,36.0612,-22.3909,4.7107,205900.0,1,202575.0,-1,205423.3333,-1,299455.8333,-1,0.7389,-10.8932,-8.1552,0.1069,,,5.0341,2.4,2.1666666666666665,2.6153846153846154,-1,2,-3.3097,202575.0,,,,,,,,,,
2026-09-11,KOSPI,010130,고려아연,260,143,OK,1179000.0,TOP_DECLINE,고점후하락,2026-07-29,2026-08-25,27.7356,-17.3791,-3.5188,1213400.0,-1,1259100.0,1,1136883.3333,-1,1309191.6667,-1,-4.0683,1.2887,-12.9624,12.2888,65772.0029,5.5786,4.2622,1.7142857142857142,1.588235294117647,1.8333333333333333,-1,2,-3.912,1259100.0,,,,,,,,,,
2026-09-11,KOSPI,010140,삼성중공업,260,143,OK,21400.0,SIDEWAYS_OR_UNCONFIRMED,횡보·방향미확인,2026-07-29,2026-06-17,10.3093,-26.0794,0.0,21410.0,1,21027.0,-1,22094.8333,-1,25507.0,-1,-1.8349,-15.415,-10.729,-4.4149,917.5966,4.2878,3.3952,1.7647058823529411,1.588235294117647,1.9411764705882353,1,1,0.2342,21027.0,,,,,,,,,,
2026-09-11,KOSDAQ,010170,대한광통신,260,143,OK,14150.0,BOTTOM_REBOUND,저점반등,2026-07-30,2026-06-16,97.6257,-27.0619,8.7625,14204.0,1,13538.5,1,12352.0,-1,14885.6667,1,5.2045,-17.106,-3.6896,-6.1059,1190.4432,8.413,7.3693,2.0689655172413794,2.0714285714285716,2.066666666666667,-1,2,-5.4144,13538.5,,,,,,,,,,
2026-09-11,KOSPI,010580,에스엠벡셀,260,143,OK,2560.0,UPTREND,상승중,2026-07-29,2026-09-11,89.7702,0.0,50.6769,2286.2,1,1779.95,1,1660.2667,1,1876.0667,1,63.1612,22.488,54.2671,33.4881,192.2959,7.5116,9.1386,2.142857142857143,1.7857142857142858,2.5,1,1,0.7874,1779.95,,,,,,,,,,
2026-09-11,KOSPI,010950,S-Oil,260,143,OK,150000.0,UPTREND_PULLBACK,상승중 눌림,2026-06-26,2026-09-09,60.9442,-9.5841,-4.6408,157560.0,1,149510.0,1,133690.0,1,123854.1667,1,5.9322,32.626,-2.9619,43.6261,10111.7251,6.7412,6.437,1.935483870967742,2.3333333333333335,1.5625,-1,2,-9.5841,149510.0,,,,,,,,,,
2026-09-11,KOSPI,011070,LG이노텍,260,143,OK,543000.0,NEW_LOW,최근 신저점,2026-07-30,2026-06-18,28.066,-57.6773,-3.3808,556800.0,-1,584550.0,-1,682950.0,-1,681129.1667,1,-1.0929,-49.347,-9.987,-38.3469,41772.884,7.693,5.9054,2.3076923076923075,1.7692307692307692,2.8461538461538463,-1,1,-2.5135,584550.0,,,,,,,,,,
2026-09-11,KOSPI,011200,HMM,260,143,OK,20850.0,TOP_DECLINE,고점후하락,2026-06-26,2026-08-24,13.8722,-8.7527,-0.9501,21030.0,-1,21477.5,-1,20566.0,0,20431.75,0,-3.6952,10.6101,-12.5893,21.6102,777.8488,3.7307,3.7739,1.8181818181818181,1.875,1.7647058823529411,0,0,0.0,21477.5,,,,,,,,,,
2026-09-11,KOSPI,011780,금호석유화학,260,143,OK,124900.0,SIDEWAYS_OR_UNCONFIRMED,횡보·방향미확인,2026-07-29,2026-06-17,13.5455,-7.7548,-0.7943,126300.0,-1,125345.0,-1,121063.3333,-1,127147.5,0,-1.9623,4.3442,-10.8564,15.3443,5866.3031,4.6968,4.173,1.7142857142857142,1.7647058823529411,1.6666666666666667,-1,2,-3.9231,125345.0,,,,,,,,,,
2026-09-11,KOSPI,012160,영흥,260,143,OK,2215.0,NEW_LOW,최근 신저점,2026-06-26,2026-08-27,489.0957,-16.4151,-5.7447,2304.0,-1,2466.0,-1,2046.6833,1,1263.35,1,-8.0913,489.0957,-16.9854,500.0958,,,6.699,1.8928571428571428,1.8571428571428572,1.9285714285714286,-1,4,-7.7083,2466.0,,,,,,,,,,
2026-09-11,KOSPI,012170,아센디오,260,143,OK,2900.0,UPTREND_PULLBACK,상승중 눌림,2026-07-30,2026-08-28,371.5447,-21.7274,1.9332,3007.0,-1,2029.1,1,1195.35,1,1220.7167,1,287.7005,177.7778,278.8064,188.7779,,,,2.857142857142857,2.1,3.5454545454545454,-1,2,-6.1489,2029.1,,,,,,,,,,
2026-09-11,KOSPI,012280,영화금속,260,143,OK,3775.0,UPTREND_PULLBACK,상승중 눌림,2026-06-22,2026-08-31,439.2857,-9.2548,-5.9776,3857.0,-1,2545.85,1,1388.7833,1,1191.5583,1,370.1121,349.4048,361.218,360.4049,,,,2.857142857142857,3.3,2.4545454545454546,-1,5,-5.9776,2545.85,,,,,,,,,,
2026-09-11,KOSPI,012330,현대모비스,260,143,OK,415500.0,SIDEWAYS_OR_UNCONFIRMED,횡보·방향미확인,2026-09-08,2026-06-16,0.1205,-37.0455,-1.5403,419100.0,-1,459650.0,-1,484783.3333,-1,498941.6667,0,-16.1453,-27.8646,-25.0394,-16.8645,22262.872,5.3581,4.3268,1.8181818181818181,1.5625,2.0588235294117645,0,0,0.0,459650.0,,,,,,,,,,
2026-09-11,KOSPI,012450,한화에어로스페이스,260,143,OK,1081000.0,EARLY_REBOUND_UNCONFIRMED,초기반등·확인부족,2026-07-29,2026-06-17,33.4568,-11.683,2.4645,1052200.0,-1,1094200.0,-1,1042100.0,-1,1175725.0,-1,-1.5483,6.6075,-10.4424,17.6076,58835.5265,5.4427,5.0068,2,2.066666666666667,1.9333333333333333,1,3,5.258,1094200.0,,,,,,,,,,
2026-09-11,KOSPI,012690,모나리자,260,143,OK,1459.0,SIDEWAYS_OR_UNCONFIRMED,횡보·방향미확인,2026-07-29,2026-07-16,10.7821,-32.765,-2.992,1480.0,-1,1478.0,-1,1490.4667,-1,1791.2167,-1,-3.8867,-12.5824,-12.7808,-1.5823,71.0639,4.8707,3.883,2.4,2.3333333333333335,2.4615384615384617,-1,5,-2.992,1478.0,,,,,,,,,,
2026-09-11,KOSPI,012750,에스원,260,143,OK,81400.0,BOTTOM_REBOUND,저점반등,2026-06-26,2026-06-12,18.8321,-8.23,2.7778,80460.0,-1,79860.0,1,75090.0,0,77880.8333,-1,6.1278,6.1278,-2.7663,17.1279,3135.3984,3.8518,3.733,2,2,2,1,1,0.7426,79860.0,,,,,,,,,,
2026-09-11,KOSPI,013360,일성건설,260,143,OK,1443.0,NEW_LOW,최근 신저점,2026-07-29,2026-07-06,20.8543,-30.7914,-5.6863,1468.6,-1,1499.75,-1,1483.5,1,1608.6167,-1,-10.4283,20.0499,-19.3224,31.05,92.4584,6.4074,5.1489,2.142857142857143,1.9285714285714286,2.357142857142857,-1,5,-5.6863,1499.75,,,,,,,,,,
2026-09-11,KOSPI,013570,디와이,260,143,OK,4340.0,TOP_DECLINE,고점후하락,2026-07-21,2026-08-14,16.1981,-3.7694,-0.9132,4362.0,1,4362.75,1,4100.0833,1,4389.625,-1,1.6393,14.0604,-7.2548,25.0605,125.0042,2.8803,2.8268,1.935483870967742,1.6666666666666667,2.1875,-1,4,-1.139,4362.75,,,,,,,,,,
2026-09-11,KOSPI,014160,대영포장,260,143,OK,671.0,NEW_LOW,최근 신저점,2026-07-29,2026-06-12,3.3898,-20.0238,-2.7536,682.0,-1,708.7,-1,700.4667,-1,893.25,-1,-8.2079,-17.4662,-17.102,-6.4661,,,6.2839,2.4,2.3333333333333335,2.4615384615384617,-1,4,-3.0347,708.7,,,,,,,,,,
2026-09-11,KOSPI,014990,인디에프,260,143,OK,4155.0,UPTREND_PULLBACK,상승중 눌림,2026-06-25,2026-09-07,765.625,-5.889,-4.7018,4245.0,1,3515.0,1,2250.2,1,1459.6,1,123.748,765.625,114.8539,776.6251,,,14.5994,2.25,2.5833333333333335,1.9166666666666667,-1,1,-0.479,3515.0,,,,,,,,,,
2026-09-11,KOSPI,017670,SK텔레콤,260,143,OK,90900.0,SIDEWAYS_OR_UNCONFIRMED,횡보·방향미확인,2026-07-30,2026-06-15,16.2404,-13.7571,-1.7297,91760.0,-1,95805.0,1,90956.6667,-1,93265.8333,1,5.6977,-9.1,-3.1964,1.9001,4766.356,5.2435,4.6709,2.5,2.1666666666666665,2.8333333333333335,1,1,0.5531,95805.0,,,,,,,,,,
2026-09-11,KOSPI,018260,삼성에스디에스,260,143,OK,222500.0,NEW_LOW,최근 신저점,2026-07-20,2026-09-01,19.7524,-9.1837,-6.5126,229300.0,-1,232375.0,-1,214280.0,-1,202584.1667,1,-6.1181,-3.0501,-15.0122,7.95,12083.5715,5.4308,4.5185,1.7142857142857142,1.7647058823529411,1.6666666666666667,-1,1,-1.9824,232375.0,,,,,,,,,,
2026-09-11,KOSPI,019680,대교,260,143,OK,1819.0,UPTREND_PULLBACK,상승중 눌림,2026-06-26,2026-09-10,115.0118,-2.9349,81.9,1338.6,1,1084.65,1,997.15,1,1197.0917,-1,58.1739,59.9824,49.2798,70.9825,,,,3.1578947368421053,2.3333333333333335,3.9,-1,1,-2.9349,1084.65,,,,,,,,,,
2026-09-11,KOSPI,020000,한섬,260,143,OK,15310.0,NEW_LOW,최근 신저점,2026-09-11,2026-07-07,0.0,-38.1414,-1.2258,15414.0,-1,15620.5,-1,18667.0,-1,21503.0833,-1,-5.4355,-31.036,-14.3296,-20.0359,544.755,3.5582,2.6963,1.8181818181818181,1.5625,2.0588235294117645,-1,3,-1.4166,15620.5,,,,,,,,,,
2026-09-11,KOSPI,020120,키다리스튜디오,260,143,OK,8100.0,UPTREND_PULLBACK,상승중 눌림,2026-06-23,2026-09-10,183.7128,-3.5714,12.5,7618.0,1,6016.75,1,4272.0,1,3914.2917,1,124.6879,149.2308,115.7938,160.2309,641.2416,7.9166,10.6426,1.935483870967742,2.3333333333333335,1.5625,-1,1,-3.5714,6016.75,,,,,,,,,,
2026-09-11,KOSPI,020560,아시아나항공,260,143,OK,7700.0,UPTREND_PULLBACK,상승중 눌림,2026-07-29,2026-09-07,15.4423,-5.0555,-4.703,7916.0,1,7511.0,1,7295.5,1,7208.3333,1,8.1461,12.9032,-0.748,23.9033,290.1881,3.7687,3.6046,1.8181818181818181,1.8125,1.8235294117647058,-1,4,-5.0555,7511.0,,,,,,,,,,
2026-09-11,KOSPI,021240,코웨이,260,143,OK,95200.0,TOP_DECLINE,고점후하락,2026-07-09,2026-08-28,12.0,-5.1793,-4.2254,97340.0,-1,97505.0,1,93963.3333,1,89349.1667,1,-2.459,3.4783,-11.3531,14.4784,3800.7545,3.9924,3.5462,1.8181818181818181,1.9375,1.7058823529411764,-1,3,-4.6092,97505.0,,,,,,,,,,
2026-09-11,KOSPI,022100,포스코DX,260,143,OK,22150.0,BOTTOM_REBOUND,저점반등,2026-07-30,2026-06-15,28.4058,-22.6876,2.3095,21940.0,1,21182.0,1,20785.5,-1,26442.75,-1,4.4811,-18.2657,-4.413,-7.2656,1027.9613,4.6409,4.4877,1.7647058823529411,1.7647058823529411,1.7647058823529411,0,0,0.0,21182.0,,,,,,,,,,
2026-09-11,KOSPI,023960,에쓰씨엔지니어링,260,143,OK,1040.0,BOTTOM_REBOUND,저점반등,2026-07-30,2026-06-19,17.1171,-5.0228,1.069,1051.8,1,1022.35,1,1005.0667,1,1129.85,-1,5.9063,10.1695,-2.9878,21.1696,42.2847,4.0658,3.7695,2.269230769230769,2.5384615384615383,2,-1,3,-2.0716,1022.35,,,,,,,,,,
2026-09-11,KOSPI,024720,콜마홀딩스,260,143,OK,9440.0,NEW_LOW,최근 신저점,2026-06-26,2026-08-12,28.9617,-11.4447,-5.2209,9558.0,-1,9974.0,-1,9077.0,1,9128.0833,1,-5.6,15.2625,-14.4941,26.2626,391.3969,4.1462,3.4883,2.2222222222222223,2.076923076923077,2.357142857142857,-1,10,-10.3514,9974.0,,,,,,,,,,
2026-09-11,KOSPI,025860,남해화학,260,143,OK,6160.0,SIDEWAYS_OR_UNCONFIRMED,횡보·방향미확인,2026-07-30,2026-06-17,15.3558,-5.6662,-3.1447,6214.0,-1,6161.5,1,5895.5,-1,7040.75,-1,4.0541,-1.1236,-4.84,9.8765,247.9772,4.0256,4.4963,1.935483870967742,1.6,2.25,-1,1,-1.2821,6161.5,,,,,,,,,,
2026-09-11,KOSPI,028050,삼성E&A,260,143,OK,51000.0,BOTTOM_REBOUND,저점반등,2026-07-20,2026-06-16,30.102,-10.0529,11.2323,49870.0,1,47752.5,1,46303.3333,-1,47459.5833,1,4.1879,11.9649,-4.7062,22.965,2690.5587,5.2756,5.1109,2,2,2,1,1,1.1905,47752.5,,,,,,,,,,
2026-09-11,KOSPI,028260,삼성물산,260,143,OK,367000.0,SIDEWAYS_OR_UNCONFIRMED,횡보·방향미확인,2026-07-29,2026-06-22,28.5464,-29.4231,0.0,377700.0,1,374575.0,1,383066.6667,-1,371100.0,1,6.5312,-10.4878,-2.3629,0.5123,23130.6737,6.3026,5.2983,1.935483870967742,1.8666666666666667,2,-1,1,-3.2938,374575.0,,,,,,,,,,
2026-09-11,KOSPI,028670,팬오션,260,143,OK,6030.0,UPTREND,상승중,2026-06-26,2026-08-25,31.6594,-5.4859,1.1745,6030.0,1,5900.5,1,5419.5,1,5428.8333,1,4.3253,20.7207,-4.5688,31.7208,342.162,5.6743,5.7955,1.7647058823529411,1.7058823529411764,1.8235294117647058,1,1,1.005,5900.5,,,,,,,,,,
2026-09-11,KOSPI,029530,신도리코,260,143,OK,39050.0,NEW_LOW,최근 신저점,2026-07-29,2026-06-16,0.6443,-10.5384,-2.375,39530.0,-1,40612.5,-1,40725.0,-1,44357.9167,-1,-4.7561,-8.3333,-13.6502,2.6668,1085.3769,2.7795,2.5189,1.935483870967742,1.6,2.25,-1,4,-2.8607,40612.5,,,,,,,,,,
2026-09-11,KOSPI,029780,삼성카드,260,143,OK,45500.0,SIDEWAYS_OR_UNCONFIRMED,횡보·방향미확인,2026-09-02,2026-06-16,0.2203,-14.6341,-1.4085,46040.0,-1,46482.5,-1,47347.5,-1,49443.75,-1,-3.7037,-3.4995,-12.5978,7.5006,1035.667,2.2762,2.0463,1.935483870967742,1.4666666666666666,2.375,-1,4,-2.4652,46482.5,,,,,,,,,,
2026-09-11,KOSPI,032830,삼성생명,260,143,OK,307500.0,BOTTOM_REBOUND,저점반등,2026-07-30,2026-06-19,16.4773,-38.1288,3.3613,308100.0,1,303025.0,1,331100.0,-1,314195.8333,1,6.2176,-15.7534,-2.6765,-4.7533,19157.5208,6.2301,5.69,1.7647058823529411,1.5294117647058822,2,-1,1,-0.6462,303025.0,,,,,,,,,,
2026-09-11,KOSPI,033240,자화전자,260,143,OK,27150.0,NEW_LOW,최근 신저점,2026-07-30,2026-06-15,40.6007,-23.3051,-11.2745,28490.0,-1,29577.5,1,27376.8333,-1,34079.25,-1,-0.1838,-22.4286,-9.0779,-11.4285,1976.1359,7.2786,6.6087,1.935483870967742,1.8666666666666667,2,-1,1,-4.9037,29577.5,,,,,,,,,,
2026-09-11,KOSPI,033780,KT&G,260,143,OK,171800.0,TOP_DECLINE,고점후하락,2026-07-01,2026-08-07,2.8127,-9.0042,-0.4058,169880.0,-1,173520.0,-1,175900.0,-1,174624.1667,1,-4.5025,-7.1853,-13.3966,3.8148,4582.9692,2.6676,2.0992,2.142857142857143,1.9285714285714286,2.357142857142857,1,2,2.019,173520.0,,,,,,,,,,
2026-09-11,KOSPI,034020,두산에너빌리티,260,143,OK,90800.0,BOTTOM_REBOUND,저점반등,2026-07-30,2026-06-16,50.8306,-12.1007,14.6465,89960.0,1,82410.0,1,79388.3333,-1,93529.1667,-1,16.5597,2.4831,7.6656,13.4832,4930.1501,5.4297,5.465,2.3076923076923075,2.1538461538461537,2.4615384615384617,1,1,1.0011,82410.0,,,,,,,,,,
2026-09-11,KOSPI,034730,SK,260,143,OK,585000.0,BOTTOM_REBOUND,저점반등,2026-07-30,2026-06-25,24.8666,-31.8182,2.0942,602600.0,1,572250.0,1,607308.3333,-1,541450.0,1,11.6412,1.7391,2.7471,12.7392,38362.9679,6.5578,5.313,1.8181818181818181,1.8125,1.8235294117647058,-1,1,-4.4118,572250.0,,,,,,,,,,
2026-09-11,KOSPI,035420,NAVER,260,143,OK,206500.0,NEW_LOW,최근 신저점,2026-07-14,2026-06-15,12.7183,-16.7339,-3.2787,211400.0,-1,215725.0,-1,208618.3333,-1,212837.5,-1,-3.5047,-7.8125,-12.3988,3.1876,9389.8033,4.5471,3.8607,2.0689655172413794,1.8571428571428572,2.2666666666666666,-1,4,-5.2752,215725.0,,,,,,,,,,
2026-09-11,KOSPI,035720,카카오,260,143,OK,34500.0,NEW_LOW,최근 신저점,2026-06-26,2026-06-12,4.0724,-16.8675,-4.6961,35280.0,-1,36365.0,-1,36315.0,-1,40677.5,-1,-15.2334,-12.2137,-24.1275,-1.2136,1453.4712,4.213,4.0998,1.935483870967742,1.8666666666666667,2,-1,4,-5.6088,36365.0,,,,,,,,,,
2026-09-11,KOSPI,036570,NC,260,143,OK,205500.0,NEW_LOW,최근 신저점,2026-09-11,2026-06-19,0.0,-25.8123,-7.4324,212000.0,-1,221700.0,-1,234833.3333,-1,245295.8333,-1,-19.5695,-20.9615,-28.4636,-9.9614,9519.6822,4.6324,3.7087,1.935483870967742,1.7333333333333334,2.125,-1,4,-7.8475,221700.0,,,,,,,,,,
2026-09-11,KOSPI,036580,팜스코,260,143,OK,2600.0,TOP_DECLINE,고점후하락,2026-06-26,2026-07-14,16.5919,-11.8644,-0.7634,2641.0,1,2586.0,-1,2565.0,1,2836.875,-1,-5.1095,1.1673,-14.0036,12.1674,118.0978,4.5422,4.2249,1.875,1.75,2,1,1,1.3645,2586.0,,,,,,,,,,
2026-09-11,KOSDAQ,036930,주성엔지니어링,260,143,OK,209000.0,BOTTOM_REBOUND,저점반등,2026-07-30,2026-06-11,112.6144,-14.8676,17.2182,203660.0,1,181850.0,1,173156.6667,-1,154850.8333,1,28.6946,-14.8676,19.8005,-3.8675,17508.3979,8.3772,7.8912,1.8181818181818181,1.875,1.7647058823529411,-1,1,-5.4299,181850.0,,,,,,,,,,
2026-09-11,KOSPI,039490,키움증권,260,143,OK,278000.0,EARLY_REBOUND_UNCONFIRMED,초기반등·확인부족,2026-07-29,2026-06-16,8.3821,-28.7179,2.7726,274300.0,0,275850.0,-1,300275.0,-1,357229.1667,-1,-7.3333,-18.5944,-16.2274,-7.5943,12962.4284,4.6627,3.8946,2,1.8666666666666667,2.1333333333333333,1,6,3.5382,275850.0,,,,,,,,,,
2026-09-11,KOSDAQ,041190,우리기술투자,260,143,OK,5560.0,TOP_DECLINE,고점후하락,2026-07-30,2026-08-25,41.4758,-18.2353,-10.6109,5798.0,-1,5779.25,1,5008.6667,1,5642.0833,-1,15.2332,6.1069,6.3391,17.107,445.6039,8.0145,7.4478,1.6216216216216217,1.2777777777777777,1.9473684210526316,-1,2,-5.9222,5779.25,,,,,,,,,,
2026-09-11,KOSPI,042660,한화오션,260,143,OK,85600.0,SIDEWAYS_OR_UNCONFIRMED,횡보·방향미확인,2026-07-29,2026-06-17,14.7453,-35.6875,-1.3825,86520.0,1,87335.0,-1,91096.6667,-1,107306.6667,-1,-3.8202,-18.0861,-12.7143,-7.086,4492.6384,5.2484,3.9261,1.7647058823529411,1.7647058823529411,1.7647058823529411,1,1,0.117,87335.0,,,,,,,,,,
2026-09-11,KOSPI,042700,한미반도체,260,143,OK,231000.0,BOTTOM_REBOUND,저점반등,2026-07-30,2026-06-12,37.8282,-36.0111,0.4348,243900.0,1,225725.0,1,226278.3333,-1,268660.0,-1,8.4507,-20.6186,-0.4434,-9.6185,16759.4914,7.2552,5.9583,1.8181818181818181,1.9375,1.7058823529411764,-1,1,-8.6957,225725.0,,,,,,,,,,
2026-09-11,KOSPI,044380,주연테크,260,143,OK,604.0,NEW_LOW,최근 신저점,2026-09-11,2026-06-12,0.0,-59.6796,-40.1388,765.4,-1,890.25,-1,931.0833,-1,883.05,1,-26.699,-57.968,-35.5931,-46.9679,,,11.9442,2.727272727272727,2.3636363636363638,3.090909090909091,-1,6,-44.3318,890.25,,,,,,,,,,
2026-09-11,KOSPI,047040,대우건설,260,143,OK,19890.0,BOTTOM_REBOUND,저점반등,2026-07-30,2026-06-16,77.5893,-27.541,18.0415,19494.0,1,17977.5,1,17236.0,-1,21361.9167,1,14.8383,-2.7384,5.9442,8.2617,1587.8991,7.9834,8.4062,2.142857142857143,2.2142857142857144,2.0714285714285716,1,2,2.2622,17977.5,,,,,,,,,,
2026-09-11,KOSPI,047050,포스코인터내셔널,260,143,OK,57700.0,BOTTOM_REBOUND,저점반등,2026-06-26,2026-06-16,26.3965,-11.6386,5.4845,56400.0,1,53895.0,1,52663.3333,-1,62550.8333,-1,2.852,-0.6885,-6.0421,10.3116,2644.2212,4.5827,4.4597,2,1.7333333333333334,2.2666666666666666,1,1,0.6981,53895.0,,,,,,,,,,
2026-09-11,KOSPI,047810,한국항공우주,260,143,OK,130500.0,EARLY_REBOUND_UNCONFIRMED,초기반등·확인부족,2026-07-29,2026-07-23,11.0638,-20.4753,3.1621,129980.0,1,131670.0,-1,140966.6667,-1,155633.3333,-1,-3.69,-8.0338,-12.5841,2.9663,6970.4006,5.3413,4.2074,2.2222222222222223,2.230769230769231,2.2142857142857144,-1,1,-1.9534,131670.0,,,,,,,,,,
2026-09-11,KOSPI,051905,LG생활건강우,260,143,OK,103500.0,NEW_LOW,최근 신저점,2026-07-20,2026-08-07,14.3646,-12.2881,-1.8957,104860.0,-1,107120.0,-1,102220.0,0,105127.5,0,-8.4071,2.4752,-17.3012,13.4753,3416.6567,3.3011,2.9116,2.0689655172413794,1.7857142857142858,2.3333333333333335,-1,3,-1.9886,107120.0,,,,,,,,,,
2026-09-11,KOSPI,051910,LG화학,260,143,OK,273000.0,SIDEWAYS_OR_UNCONFIRMED,횡보·방향미확인,2026-07-29,2026-06-16,17.4194,-25.7143,-3.1915,277600.0,-1,273625.0,1,272116.6667,-1,313725.0,-1,-0.365,-13.7441,-9.2591,-2.744,15868.2592,5.8125,5.3515,1.935483870967742,1.7333333333333334,2.125,-1,2,-4.2105,273625.0,,,,,,,,,,
2026-09-11,KOSPI,052690,한전기술,260,143,OK,152000.0,UPTREND,상승중,2026-07-30,2026-09-11,90.2378,0.0,41.2639,141000.0,1,115020.0,1,105300.0,1,131957.5,-1,52.6104,30.5842,43.7163,41.5843,10249.6203,6.7432,7.9752,2.4,2.230769230769231,2.5833333333333335,1,7,43.6673,115020.0,,,,,,,,,,
2026-09-11,KOSPI,055550,신한지주,260,143,OK,112900.0,UPTREND,상승중,2026-06-26,2026-09-03,23.2533,-1.3974,2.3572,112180.0,1,108800.0,1,104885.0,1,100870.8333,1,8.0383,16.5119,-0.8558,27.512,4031.1827,3.5706,3.255,1.6666666666666667,1.6666666666666667,1.6666666666666667,1,1,2.3572,108800.0,,,,,,,,,,
2026-09-11,KOSPI,058730,다스코,260,143,OK,3315.0,TOP_DECLINE,고점후하락,2026-06-11,2026-07-15,29.4922,-36.4943,-8.5517,3470.0,-1,3481.5,-1,3684.0833,1,3511.8333,0,-9.1781,29.4922,-18.0722,40.4923,345.0649,10.4092,8.995,2.0689655172413794,2,2.1333333333333333,-1,4,-10.0407,3481.5,,,,,,,,,,
2026-09-11,KOSPI,058860,KTis,260,143,OK,2555.0,SIDEWAYS_OR_UNCONFIRMED,횡보·방향미확인,2026-06-26,2026-06-16,6.4583,-5.0186,-1.1605,2567.0,-1,2561.75,1,2532.8333,-1,2650.4167,-1,-0.1953,-1.1605,-9.0894,9.8396,38.9608,1.5249,1.5144,2.0689655172413794,2.142857142857143,2,-1,3,-0.969,2561.75,,,,,,,,,,
2026-09-11,KOSDAQ,060250,NHN KCP,260,143,OK,14490.0,TOP_DECLINE,고점후하락,2026-07-29,2026-08-28,28.9146,-10.2786,-8.1167,14858.0,-1,14930.5,1,13559.1667,-1,15679.75,-1,-1.6293,-0.2753,-10.5234,10.7248,878.8548,6.0653,5.5438,1.935483870967742,1.5333333333333334,2.3125,-1,2,-2.7517,14930.5,,,,,,,,,,
2026-09-11,KOSDAQ,060370,LS마린솔루션,260,143,OK,32300.0,TOP_DECLINE,고점후하락,2026-06-26,2026-08-27,40.1302,-6.2409,4.5307,31660.0,1,31855.0,-1,29275.0,1,31520.0,0,1.4129,11.1876,-7.4812,22.1877,1804.8106,5.5876,4.9844,2.608695652173913,2.4545454545454546,2.75,-1,1,-0.3086,31855.0,,,,,,,,,,
2026-09-11,KOSPI,062040,산일전기,260,143,OK,198600.0,BOTTOM_REBOUND,저점반등,2026-07-30,2026-07-01,64.404,-24.0535,3.5994,201040.0,1,187780.0,1,187433.3333,-1,203818.3333,1,7.5257,-6.7606,-1.3684,4.2395,13311.3971,6.7026,6.0653,2.727272727272727,2.727272727272727,2.727272727272727,1,1,1.2232,187780.0,,,,,,,,,,
2026-09-11,KOSPI,063160,종근당바이오,260,143,OK,13020.0,NEW_LOW,최근 신저점,2026-07-29,2026-06-17,6.7213,-19.4805,-4.5455,13282.0,-1,13760.5,-1,13580.3333,-1,15958.6667,-1,-10.5769,-16.4849,-19.471,-5.4848,460.2608,3.535,3.1292,1.935483870967742,1.8,2.0625,-1,5,-4.5455,13760.5,,,,,,,,,,
2026-09-11,KOSDAQ,064260,다날,260,143,OK,4980.0,TOP_DECLINE,고점후하락,2026-07-20,2026-08-28,27.6923,-10.2703,-4.2308,5028.0,-1,5123.0,1,4664.0833,-1,5708.7083,-1,1.2195,-0.7968,-7.6746,10.2033,324.7361,6.5208,6.0227,1.8181818181818181,1.625,2,-1,2,-2.7344,5123.0,,,,,,,,,,
2026-09-11,KOSPI,064350,현대로템,260,143,OK,124100.0,SIDEWAYS_OR_UNCONFIRMED,횡보·방향미확인,2026-07-29,2026-06-16,3.3306,-45.2097,-2.1293,125520.0,-1,132290.0,-1,153543.3333,-1,181486.6667,-1,-12.2348,-34.1295,-21.1289,-23.1294,7088.0239,5.7115,4.3135,2,1.8,2.2,1,1,0.1614,132290.0,,,,,,,,,,
2026-09-11,KOSPI,064400,LG씨엔에스,260,143,OK,71900.0,SIDEWAYS_OR_UNCONFIRMED,횡보·방향미확인,2026-07-30,2026-06-15,23.5395,-25.5694,-2.969,73200.0,-1,73995.0,-1,72618.3333,-1,74754.1667,1,-4.8942,-22.6882,-13.7883,-11.6881,3789.0588,5.2699,4.9557,2.2222222222222223,2.230769230769231,2.2142857142857144,-1,1,-0.5533,73995.0,,,,,,,,,,
2026-09-11,KOSPI,066570,LG전자,260,143,OK,199500.0,SIDEWAYS_OR_UNCONFIRMED,횡보·방향미확인,2026-07-30,2026-06-15,34.7973,-18.0698,-0.9926,205900.0,1,203815.0,1,191965.0,-1,183840.8333,1,9.7964,-11.7257,0.9023,-0.7256,11748.3417,5.8889,4.9717,1.7142857142857142,1.7647058823529411,1.6666666666666667,-1,1,-3.3898,203815.0,,,,,,,,,,
2026-09-11,KOSPI,066575,LG전자우,260,143,OK,71100.0,SIDEWAYS_OR_UNCONFIRMED,횡보·방향미확인,2026-07-29,2026-06-15,34.1509,-18.3697,-4.9465,74200.0,-1,72890.0,1,68946.6667,-1,68230.0,1,6.1194,-8.0207,-2.7747,2.9794,3386.0703,4.7624,3.9362,1.935483870967742,1.9333333333333333,1.9375,-1,4,-9.1954,72890.0,,,,,,,,,,
2026-09-11,KOSDAQ,067310,하나마이크론,260,143,OK,34400.0,NEW_LOW,최근 신저점,2026-07-30,2026-06-22,38.9899,-39.4366,-1.2912,35570.0,1,36030.0,1,37728.3333,-1,38766.25,1,-1.7143,-28.2586,-10.6084,-17.2585,2767.7761,8.0459,6.9085,1.6666666666666667,1.7777777777777777,1.5555555555555556,-1,1,-4.4444,36030.0,,,,,,,,,,
2026-09-11,KOSPI,068270,셀트리온,260,143,OK,178200.0,NEW_LOW,최근 신저점,2026-06-23,2026-08-11,11.028,-15.3444,-5.2632,182300.0,-1,189295.0,-1,183021.6667,1,188121.6667,-1,-15.3444,7.2202,-24.2385,18.2203,5500.5618,3.0867,2.561,2.4,2.0833333333333335,2.6923076923076925,-1,2,-2.6761,189295.0,,,,,,,,,,
2026-09-11,KOSPI,069620,대웅제약,260,143,OK,111900.0,NEW_LOW,최근 신저점,2026-06-26,2026-07-08,4.287,-17.0497,-3.6176,114340.0,-1,120540.0,-1,122223.3333,-1,132635.0,-1,-13.9892,-6.9825,-22.8833,4.0176,4922.5495,4.3991,3.5805,1.935483870967742,2,1.875,-1,4,-4.0309,120540.0,,,,,,,,,,
2026-09-11,KOSPI,071050,한국금융지주,260,143,OK,193600.0,EARLY_REBOUND_UNCONFIRMED,초기반등·확인부족,2026-07-30,2026-06-16,6.5493,-23.3267,2.5424,192640.0,1,190295.0,-1,206848.3333,-1,224553.3333,-1,-2.2716,-15.8261,-11.1657,-4.826,8646.0371,4.4659,3.5958,1.7647058823529411,1.7058823529411764,1.8235294117647058,1,7,4.4229,190295.0,,,,,,,,,,
2026-09-11,KOSPI,071840,롯데하이마트,260,143,OK,6240.0,NEW_LOW,최근 신저점,2026-06-26,2026-06-16,5.7627,-8.5044,-1.2658,6284.0,-1,6361.5,-1,6325.6667,-1,6888.6667,-1,-4.878,-5.3111,-13.7721,5.689,144.7288,2.3194,2.2534,2.0689655172413794,2,2.1333333333333333,-1,3,-1.2658,6361.5,,,,,,,,,,
2026-09-11,KOSPI,072130,유엔젤,260,143,OK,4950.0,BOTTOM_REBOUND,저점반등,2026-07-29,2026-07-10,7.7258,-9.5064,4.5407,5024.0,1,4884.0,1,4958.0,-1,5074.25,0,1.227,-2.9412,-7.6671,8.0589,181.4796,3.6663,3.3516,2.0689655172413794,2.142857142857143,2,-1,2,-5.8935,4884.0,,,,,,,,,,
2026-09-11,KOSPI,073240,금호타이어,260,143,OK,7370.0,TOP_DECLINE,고점후하락,2026-06-23,2026-08-14,71.1963,-9.4595,2.6462,7348.0,1,7346.0,-1,6532.0833,1,6021.5833,1,-1.9947,63.0531,-10.8888,74.0532,497.0669,6.7445,5.8006,2.0689655172413794,2.2857142857142856,1.8666666666666667,-1,1,-4.0365,7346.0,,,,,,,,,,
2026-09-11,KOSDAQ,078340,컴투스,260,143,OK,35000.0,TOP_DECLINE,고점후하락,2026-06-26,2026-08-28,54.185,-2.7778,8.0247,32700.0,-1,32965.0,-1,29090.8333,1,29788.3333,0,3.0928,38.6139,-5.8013,49.614,2228.9809,6.3685,6.9323,2.3076923076923075,2,2.6153846153846154,1,3,13.8211,32965.0,,,,,,,,,,
2026-09-11,KOSPI,078520,에이블씨엔씨,260,143,OK,10100.0,NEW_LOW,최근 신저점,2026-06-26,2026-08-12,9.7826,-24.7952,-10.302,10460.0,-1,11439.0,-1,10798.5,-1,11806.3333,-1,-24.1742,-7.1691,-33.0683,3.831,629.8836,6.2365,5.1675,1.935483870967742,1.7333333333333334,2.125,-1,5,-10.302,11439.0,,,,,,,,,,
2026-09-11,KOSPI,079550,LIG디펜스앤에어로스페이스,260,143,OK,678000.0,EARLY_REBOUND_UNCONFIRMED,초기반등·확인부족,2026-07-29,2026-06-16,9.3548,-32.3353,3.9877,670600.0,0,710800.0,-1,737333.3333,-1,789991.6667,-1,-10.7895,-11.2565,-19.6836,-0.2564,44771.2601,6.6034,5.3481,1.8181818181818181,1.6875,1.9411764705882353,-1,1,-0.2941,710800.0,,,,,,,,,,
2026-09-11,KOSPI,081000,일진다이아,260,143,OK,9920.0,BOTTOM_REBOUND,저점반등,2026-07-29,2026-06-15,28.0,-8.2331,3.6573,9924.0,1,9656.0,1,9227.3333,-1,11032.25,-1,8.2969,-2.7451,-0.5972,8.255,399.0368,4.0225,3.5753,2.4,2.5833333333333335,2.230769230769231,-1,2,-1.9763,9656.0,,,,,,,,,,
2026-09-11,KOSPI,082740,한화엔진,260,143,OK,50300.0,BOTTOM_REBOUND,저점반등,2026-08-03,2026-06-17,32.3684,-23.2061,10.307,47870.0,1,47025.0,1,47270.8333,-1,54385.0,0,12.528,0.3992,3.6339,11.3993,3479.714,6.9179,6.0167,1.7647058823529411,1.588235294117647,1.9411764705882353,1,1,4.0331,47025.0,,,,,,,,,,
2026-09-11,KOSPI,085620,미래에셋생명,260,143,OK,19840.0,SIDEWAYS_OR_UNCONFIRMED,횡보·방향미확인,2026-07-29,2026-06-19,40.4105,-42.576,-0.4016,19674.0,-1,22699.5,1,19956.3333,-1,18872.3333,1,14.0886,-32.402,5.1945,-21.4019,1832.6415,9.2371,9.5218,1.935483870967742,1.875,2,1,2,2.9046,22699.5,,,,,,,,,,
2026-09-11,KOSPI,086280,현대글로비스,260,143,OK,208500.0,BOTTOM_REBOUND,저점반등,2026-06-26,2026-06-19,15.5765,-6.2921,1.2136,205600.0,1,204540.0,1,198866.6667,-1,211908.3333,-1,3.4739,6.4862,-5.4202,17.4863,9444.0026,4.5295,4.3762,2,1.9333333333333333,2.066666666666667,1,2,2.963,204540.0,,,,,,,,,,
2026-09-11,KOSDAQ,086450,동국제약,260,143,OK,19850.0,TOP_DECLINE,고점후하락,2026-06-26,2026-08-31,16.559,-10.7865,-8.1019,19988.0,-1,19946.5,-1,19187.6667,1,20946.5,1,-7.4592,4.8046,-16.3533,15.8047,1241.5644,6.2547,6.2484,2,1.9333333333333333,2.066666666666667,1,1,1.1723,19946.5,,,,,,,,,,
2026-09-11,KOSDAQ,086520,에코프로,260,143,OK,84400.0,EARLY_REBOUND_UNCONFIRMED,초기반등·확인부족,2026-07-29,2026-06-15,25.2226,-31.9355,2.4272,84340.0,-1,86265.0,-1,87541.6667,-1,114327.5,-1,-6.5338,-22.4265,-15.4279,-11.4264,5189.3877,6.1486,5.0087,1.8181818181818181,1.8125,1.8235294117647058,-1,1,-2.8769,86265.0,,,,,,,,,,
2026-09-11,KOSPI,086790,하나금융지주,260,143,OK,137800.0,UPTREND,상승중,2026-06-26,2026-09-03,25.6153,-1.2186,2.6061,136560.0,0,133545.0,1,128395.0,1,123610.0,1,7.9092,20.0348,-0.9849,31.0349,5122.1035,3.7171,3.5612,2.5,2.75,2.25,1,2,2.8358,133545.0,,,,,,,,,,
2026-09-11,KOSPI,088350,한화생명,260,143,OK,5990.0,UPTREND,상승중,2026-07-29,2026-09-03,47.1744,-1.964,4.3554,5884.0,1,5691.0,1,4920.3333,1,4936.75,1,26.7725,26.1053,17.8784,37.1054,329.5152,5.5011,5.9918,1.7647058823529411,1.7647058823529411,1.7647058823529411,1,2,4.9037,5691.0,,,,,,,,,,
2026-09-11,KOSPI,088980,맥쿼리인프라,260,143,OK,9790.0,SIDEWAYS_OR_UNCONFIRMED,횡보·방향미확인,2026-08-19,2026-06-12,3.8176,-11.5628,-1.3105,9874.0,-1,9797.5,0,10036.1667,-1,10624.0833,-1,-1.9038,-10.43,-10.7979,0.5701,137.3328,1.4028,1.5049,2.0689655172413794,1.8571428571428572,2.2666666666666666,-1,3,-1.5091,9797.5,,,,,,,,,,
2026-09-11,KOSPI,090430,아모레퍼시픽,260,143,OK,140500.0,TOP_DECLINE,고점후하락,2026-06-23,2026-08-28,46.0499,-6.7065,-1.9539,139620.0,-1,140750.0,1,127005.0,1,126801.6667,1,2.3307,25.6708,-6.5634,36.6709,5881.2364,4.1859,3.8219,1.7647058823529411,1.8235294117647058,1.7058823529411764,1,2,1.5907,140750.0,,,,,,,,,,
2026-09-11,KOSPI,090460,비에이치,260,143,OK,19020.0,UPTREND_PULLBACK,상승중 눌림,2026-07-30,2026-06-16,45.1908,-34.6392,-12.9519,19858.0,-1,18568.5,1,18437.0,-1,23609.75,1,4.9669,-25.2652,-3.9272,-14.2651,1558.9581,8.1964,7.0085,2.2222222222222223,1.9230769230769231,2.5,-1,2,-4.6138,18568.5,,,,,,,,,,
2026-09-11,KOSPI,091810,트리니티항공,260,143,OK,2720.0,UPTREND_PULLBACK,상승중 눌림,2026-07-29,2026-08-31,413.2075,-9.182,-2.8571,2748.0,-1,1708.25,1,1007.0167,1,963.0917,1,334.5048,267.5676,325.6107,278.5677,,,,2.608695652173913,1.5454545454545454,3.5833333333333335,-1,3,-1.8051,1708.25,,,,,,,,,,
2026-09-11,KOSPI,092790,넥스틸,260,143,OK,14380.0,BOTTOM_REBOUND,저점반등,2026-07-30,2026-06-18,41.1187,-16.8305,10.7005,13686.0,1,12679.5,1,12276.6667,-1,14098.3333,1,8.5283,3.8267,-0.3658,14.8268,902.9177,6.279,5.9282,1.935483870967742,2,1.8666666666666667,1,3,9.5202,12679.5,,,,,,,,,,
2026-09-11,KOSDAQ,095610,테스,260,143,OK,143500.0,UPTREND_PULLBACK,상승중 눌림,2026-07-30,2026-07-14,43.5,-34.023,-2.248,150700.0,1,142850.0,1,153426.6667,-1,127542.5,1,-1.7123,-15.8851,-10.6064,-4.885,13882.7749,9.6744,7.9001,1.875,1.6875,2.0625,-1,1,-7.3596,142850.0,,,,,,,,,,
2026-09-11,KOSDAQ,096530,씨젠,260,143,OK,31550.0,TOP_DECLINE,고점후하락,2026-07-30,2026-08-28,25.4473,-11.5007,-1.0972,31250.0,-1,31797.5,0,29495.0,1,27925.0,1,-3.0722,12.0782,-11.9663,23.0783,1558.6508,4.9403,4.8664,1.5789473684210527,1.368421052631579,1.7894736842105263,1,2,3.9539,31797.5,,,,,,,,,,
2026-09-11,KOSPI,096770,SK이노베이션,260,143,OK,144800.0,UPTREND_PULLBACK,상승중 눌림,2026-06-26,2026-09-09,61.7877,-5.6678,4.6999,145460.0,1,131185.0,1,116195.0,1,118870.8333,1,16.6801,40.3101,7.786,51.3102,9508.1971,6.5664,6.6608,1.935483870967742,1.7333333333333334,2.125,-1,2,-5.6678,131185.0,,,,,,,,,,
2026-09-11,KOSPI,097950,CJ제일제당,260,143,OK,179700.0,NEW_LOW,최근 신저점,2026-06-26,2026-08-10,1.2394,-12.5547,-2.0174,181480.0,-1,184540.0,-1,188761.6667,-1,204415.8333,-1,-4.4149,-7.7042,-13.309,3.2959,4558.4537,2.5367,2.1466,1.5384615384615385,1.4210526315789473,1.65,-1,3,-1.8033,184540.0,,,,,,,,,,
2026-09-11,KOSPI,097955,CJ제일제당 우,260,143,OK,120400.0,NEW_LOW,최근 신저점,2026-06-26,2026-08-10,2.7304,-5.4203,-0.6601,120900.0,-1,123200.0,-1,122333.3333,-1,126975.8333,-1,-2.352,-0.9053,-11.2461,10.0948,1902.2055,1.5799,1.4696,1.7142857142857142,1.7647058823529411,1.6666666666666667,-1,4,-0.8237,123200.0,,,,,,,,,,
2026-09-11,KOSPI,100250,진양홀딩스,260,143,OK,3135.0,SIDEWAYS_OR_UNCONFIRMED,횡보·방향미확인,2026-06-23,2026-08-25,10.7774,-1.5699,-1.2598,3155.0,-1,3160.0,1,3030.25,1,3020.2917,1,3.6364,6.4516,-5.2577,17.4517,58.1914,1.8562,2.109,2.0689655172413794,2.142857142857143,2,-1,4,-1.2598,3160.0,,,,,,,,,,
2026-09-11,KOSDAQ,100790,미래에셋벤처투자,260,143,OK,15960.0,EARLY_REBOUND_UNCONFIRMED,초기반등·확인부족,2026-07-30,2026-06-11,51.567,-62.0903,6.5421,16046.0,1,15679.5,-1,16064.3333,-1,29786.75,-1,-4.8301,-62.0903,-13.7242,-51.0902,1363.9695,8.5462,7.0796,2.0689655172413794,1.7857142857142858,2.3333333333333335,-1,2,-5.5062,15679.5,,,,,,,,,,
2026-09-11,KOSPI,100840,SNT에너지,260,143,OK,37800.0,UPTREND_PULLBACK,상승중 눌림,2026-07-29,2026-09-10,73.3945,-0.9174,15.5963,37630.0,1,31820.0,1,28643.3333,1,38556.6667,-1,32.1678,14.7193,23.2737,25.7194,2446.2937,6.4717,6.8436,1.935483870967742,1.8,2.0625,-1,1,-0.9174,31820.0,,,,,,,,,,
2026-09-11,KOSPI,103590,일진전기,260,143,OK,71000.0,BOTTOM_REBOUND,저점반등,2026-07-30,2026-06-17,55.5312,-20.135,3.9531,70580.0,1,70030.0,1,67230.0,-1,81385.8333,-1,14.8867,-8.7404,5.9926,2.2597,4303.5369,6.0613,5.2397,2.3076923076923075,2,2.6153846153846154,1,1,0.4243,70030.0,,,,,,,,,,
2026-09-11,KOSPI,105560,KB금융,260,143,OK,177900.0,UPTREND,상승중,2026-06-26,2026-07-13,19.1561,-4.4576,3.4302,174580.0,1,169995.0,1,168655.0,1,162181.6667,1,6.7827,17.4257,-2.1114,28.4258,6106.7122,3.4327,3.1217,2,2.2666666666666666,1.7333333333333334,1,2,3.4302,169995.0,,,,,,,,,,
2026-09-11,KOSDAQ,108230,톱텍,260,143,OK,3310.0,BOTTOM_REBOUND,저점반등,2026-07-30,2026-06-15,20.1452,-7.7994,0.1513,3303.0,1,3158.5,1,3031.9167,-1,3597.4167,-1,3.1153,-4.611,-5.7788,6.3891,226.2244,6.8346,8.5441,1.875,1.8125,1.9375,1,1,2.1605,3158.5,,,,,,,,,,
2026-09-11,KOSPI,128940,한미약품,260,143,OK,464000.0,TOP_DECLINE,고점후하락,2026-07-30,2026-08-24,48.9567,-14.0741,-2.0063,477300.0,-1,467825.0,1,416175.0,1,448370.8333,-1,12.3487,12.8954,3.4546,23.8955,31173.0641,6.7183,6.8213,2.0689655172413794,2.0714285714285716,2.066666666666667,-1,2,-6.1678,467825.0,,,,,,,,,,
2026-09-11,KOSPI,130660,한전산업,260,143,OK,13570.0,BOTTOM_REBOUND,저점반등,2026-07-30,2026-06-17,47.5,-2.724,13.0833,13246.0,1,12243.5,1,11566.1667,-1,14466.25,-1,15.0,7.5277,6.1059,18.5278,884.7238,6.5197,7.1272,1.875,1.625,2.125,1,1,2.7252,12243.5,,,,,,,,,,
2026-09-11,KOSPI,138930,BNK금융지주,260,143,OK,15930.0,BOTTOM_REBOUND,저점반등,2026-08-20,2026-07-03,11.3986,-15.1757,3.5088,15690.0,1,15140.0,1,16264.5,-1,17084.4167,-1,6.9128,-5.2913,-1.9813,5.7088,570.1685,3.5792,3.1884,2.142857142857143,2.142857142857143,2.142857142857143,1,2,2.6418,15140.0,,,,,,,,,,
2026-09-11,KOSPI,139480,이마트,260,143,OK,73700.0,EARLY_REBOUND_UNCONFIRMED,초기반등·확인부족,2026-08-21,2026-06-16,2.5035,-19.011,0.2721,74540.0,1,74175.0,-1,78880.0,-1,87974.1667,-1,-8.5608,-16.629,-17.4549,-5.6289,2256.3056,3.0615,2.5098,1.8181818181818181,1.6875,1.9411764705882353,-1,3,-2.8986,74175.0,,,,,,,,,,
2026-09-11,KOSPI,181710,NHN,260,143,OK,56400.0,NEW_LOW,최근 신저점,2026-06-26,2026-08-21,74.613,-25.0,-21.1189,60680.0,-1,68070.0,1,48791.6667,1,44580.0,1,4.059,40.6484,-4.8351,51.6485,5630.4884,9.9831,9.3437,1.875,1.6875,2.0625,-1,1,-3.5897,68070.0,,,,,,,,,,
2026-09-11,KOSPI,195870,해성디에스,260,143,OK,50100.0,EARLY_REBOUND_UNCONFIRMED,초기반등·확인부족,2026-07-30,2026-06-22,31.3237,-41.6764,0.4008,50520.0,-1,53045.0,-1,56505.0,-1,64076.25,-1,-11.1702,-38.0717,-20.0643,-27.0716,3595.0894,7.1758,5.9254,2.4,2.4166666666666665,2.3846153846153846,-1,1,-2.1484,53045.0,,,,,,,,,,
2026-09-11,KOSPI,207940,삼성바이오로직스,260,143,OK,1415000.0,NEW_LOW,최근 신저점,2026-06-23,2026-08-11,11.1548,-12.0572,-2.2115,1439200.0,-1,1512200.0,-1,1459900.0,1,1464400.0,-1,-12.0572,10.0311,-20.9513,21.0312,48047.0358,3.3956,2.7134,1.7647058823529411,2,1.5294117647058822,-1,2,-2.5482,1512200.0,,,,,,,,,,
2026-09-11,KOSPI,214320,이노션,260,143,OK,18470.0,NEW_LOW,최근 신저점,2026-06-26,2026-06-15,3.3576,-12.2565,-1.5983,18588.0,-1,18842.5,-1,18822.8333,-1,19134.0833,-1,-5.2821,-10.3398,-14.1762,0.6603,357.445,1.9353,1.7809,2.4,1.75,3,-1,9,-3.7018,18842.5,,,,,,,,,,
2026-09-11,KOSPI,214420,토니모리,260,143,OK,5200.0,TOP_DECLINE,고점후하락,2026-06-26,2026-08-12,14.1603,-16.8,-1.7013,5160.0,-1,5397.5,-1,5303.1667,-1,5978.75,-1,-12.3103,-4.4118,-21.2044,6.5883,267.2244,5.1389,4.358,1.875,1.8125,1.9375,1,1,1.9608,5397.5,,,,,,,,,,
2026-09-11,KOSDAQ,214450,파마리서치,260,143,OK,342000.0,NEW_LOW,최근 신저점,2026-06-23,2026-08-28,22.1429,-25.8938,-11.5136,360600.0,-1,398275.0,-1,364733.3333,1,335379.1667,1,-17.9856,18.5442,-26.8797,29.5443,23893.5209,6.9864,5.2052,1.8181818181818181,1.6875,1.9411764705882353,-1,5,-11.5136,398275.0,,,,,,,,,,
2026-09-11,KOSPI,217590,티엠씨,182,143,OK,10880.0,EARLY_REBOUND_UNCONFIRMED,초기반등·확인부족,2026-07-30,2026-06-11,17.8765,-51.1011,5.0193,10842.0,1,11441.5,-1,12253.3333,-1,18739.0,-1,-23.1638,-51.1011,-32.0579,-40.101,889.6725,8.1771,6.2062,2.2222222222222223,1.6153846153846154,2.7857142857142856,-1,1,-1.6275,11441.5,,,,,,,,,,
2026-09-11,KOSPI,234080,JW생명과학,260,143,OK,11000.0,NEW_LOW,최근 신저점,2026-07-28,2026-08-11,2.6119,-6.3032,-2.3091,11052.0,-1,11226.0,-1,11250.6667,-1,11787.0,-1,-6.3032,-1.61,-15.1973,9.3901,209.5357,1.9049,1.798,2.0689655172413794,2.142857142857143,2,-1,5,-2.3091,11226.0,,,,,,,,,,
2026-09-11,KOSDAQ,234690,녹십자웰빙,260,143,OK,9500.0,UPTREND_PULLBACK,상승중 눌림,2026-07-30,2026-09-03,31.0345,-11.6279,-8.1238,9854.0,1,9318.5,1,8526.6667,1,10137.9167,1,-1.8595,19.6474,-10.7536,30.6475,594.1901,6.2546,6.018,2.4,2.1666666666666665,2.6153846153846154,-1,6,-11.6279,9318.5,,,,,,,,,,
2026-09-11,KOSPI,241590,화승엔터프라이즈,260,143,OK,2835.0,NEW_LOW,최근 신저점,2026-09-11,2026-06-11,0.0,-24.0964,-1.5625,2863.0,-1,2950.25,-1,3078.8333,-1,3682.2083,-1,-13.3028,-24.0964,-22.1969,-13.0963,124.4889,4.3911,4.0077,1.7142857142857142,1.2941176470588236,2.111111111111111,-1,3,-1.9031,2950.25,,,,,,,,,,
2026-09-11,KOSDAQ,247540,에코프로비엠,260,143,OK,110300.0,EARLY_REBOUND_UNCONFIRMED,초기반등·확인부족,2026-07-29,2026-06-15,19.1145,-40.8579,4.0566,111080.0,-1,112270.0,-1,118011.6667,-1,159105.8333,-1,0.4554,-32.8667,-8.4387,-21.8666,7697.6545,6.9788,5.8907,1.935483870967742,1.7333333333333334,2.125,-1,1,-7.0767,112270.0,,,,,,,,,,
2026-09-11,KOSPI,249420,일동제약,260,143,OK,15320.0,BOTTOM_REBOUND,저점반등,2026-07-29,2026-06-17,26.0905,-22.7823,1.9295,15552.0,1,14924.0,1,15172.3333,-1,19986.6667,-1,-1.6057,-17.5013,-10.4998,-6.5012,952.1206,6.2149,5.4307,1.935483870967742,1.6666666666666667,2.1875,-1,2,-3.8896,14924.0,,,,,,,,,,
2026-09-11,KOSDAQ,257720,실리콘투,260,143,OK,43500.0,TOP_DECLINE,고점후하락,2026-06-26,2026-08-31,43.0921,-19.7417,-9.375,45010.0,-1,48020.0,1,40014.1667,1,40207.0833,1,8.6142,22.8814,-0.2799,33.8815,3066.7365,7.05,6.7942,2.2222222222222223,2,2.4285714285714284,-1,9,-19.7417,48020.0,,,,,,,,,,
2026-09-11,KOSDAQ,261780,아리바이오랩,260,143,OK,3650.0,UPTREND,상승중,2026-07-30,2026-09-11,96.5536,0.0,38.5199,3343.0,1,2663.25,1,2511.4667,1,2993.9,0,46.2926,35.436,37.3985,46.4361,301.4446,8.2588,10.2871,2.727272727272727,2.4545454545454546,3,1,2,10.9422,2663.25,,,,,,,,,,
2026-09-11,KOSDAQ,263750,펄어비스,260,143,OK,35300.0,BOTTOM_REBOUND,저점반등,2026-08-18,2026-06-12,15.5483,-14.2163,2.3188,35080.0,1,32652.5,1,34369.1667,-1,42827.5,-1,-4.336,-14.0073,-13.2301,-3.0072,1667.0897,4.7226,4.0811,1.8181818181818181,1.75,1.8823529411764706,-1,1,-2.4862,32652.5,,,,,,,,,,
2026-09-11,KOSPI,267250,HD현대,260,143,OK,247500.0,BOTTOM_REBOUND,저점반등,2026-07-29,2026-06-16,31.8594,-9.0074,2.9106,247600.0,1,227525.0,1,215131.6667,-1,240915.8333,-1,10.245,0.8147,1.3509,11.8148,13892.2002,5.613,5.4977,2.142857142857143,2.142857142857143,2.142857142857143,1,1,0.8147,227525.0,,,,,,,,,,
2026-09-11,KOSPI,267260,HD현대일렉트릭,260,143,OK,747000.0,EARLY_REBOUND_UNCONFIRMED,초기반등·확인부족,2026-07-30,2026-06-15,28.1304,-37.4372,4.6218,747000.0,1,751350.0,-1,806750.0,-1,945333.3333,-1,1.0825,-27.6864,-7.8116,-16.6863,47475.5261,6.3555,5.0391,2.142857142857143,1.8571428571428572,2.4285714285714284,1,1,0.134,751350.0,,,,,,,,,,
2026-09-11,KOSPI,267270,HD건설기계,260,143,OK,142500.0,BOTTOM_REBOUND,저점반등,2026-06-26,2026-06-17,29.3103,-8.5953,1.7857,141060.0,1,134290.0,1,130165.0,-1,144755.8333,1,0.3521,-0.4193,-8.542,10.5808,8319.951,5.8386,5.5413,2.3076923076923075,2.1538461538461537,2.4615384615384617,1,1,0.9207,134290.0,,,,,,,,,,
2026-09-11,KOSPI,271940,일진하이솔루스,260,143,OK,10960.0,BOTTOM_REBOUND,저점반등,2026-07-30,2026-06-12,19.2601,-18.8749,2.2388,11372.0,1,10946.0,1,10525.5,-1,13128.5,-1,2.0484,-10.8943,-6.8457,0.1058,605.4259,5.524,4.1133,2.0689655172413794,1.7142857142857142,2.4,-1,2,-7.7441,10946.0,,,,,,,,,,
2026-09-11,KOSPI,271980,제일약품,260,143,OK,10100.0,TOP_DECLINE,고점후하락,2026-07-30,2026-09-01,9.4258,-11.4812,-3.9924,10294.0,-1,10306.5,-1,10126.6667,-1,11543.0,-1,-4.0836,-0.4926,-12.9777,10.5075,584.1297,5.7835,5.5002,2.4,2.25,2.5384615384615383,-1,8,-11.4812,10306.5,,,,,,,,,,
2026-09-11,KOSPI,272210,한화시스템,260,143,OK,70900.0,EARLY_REBOUND_UNCONFIRMED,초기반등·확인부족,2026-07-29,2026-06-16,30.8118,-33.3647,3.0523,70940.0,1,72695.0,-1,71766.6667,-1,94260.8333,-1,-2.7435,-19.9774,-11.6376,-8.9773,4071.4711,5.7426,4.932,2.2222222222222223,2.076923076923077,2.357142857142857,-1,1,-2.0718,72695.0,,,,,,,,,,
2026-09-11,KOSPI,278470,에이피알,260,143,OK,372000.0,TOP_DECLINE,고점후하락,2026-07-30,2026-08-31,18.0952,-19.9139,-5.5838,372500.0,-1,405400.0,-1,382933.3333,-1,387441.6667,1,-3.5019,-9.3788,-12.396,1.6213,25444.8059,6.84,5.9744,1.7647058823529411,1.6470588235294117,1.8823529411764706,1,1,3.0471,405400.0,,,,,,,,,,
2026-09-11,KOSPI,286940,롯데이노베이트,260,143,OK,18070.0,SIDEWAYS_OR_UNCONFIRMED,횡보·방향미확인,2026-07-29,2026-06-15,12.7261,-10.7654,-3.4206,18370.0,1,18423.5,-1,17866.0,-1,19677.9167,-1,-8.1342,-7.6176,-17.0283,3.3825,596.6689,3.302,2.8277,2.2222222222222223,2.076923076923077,2.357142857142857,-1,4,-3.8318,18423.5,,,,,,,,,,
2026-09-11,KOSDAQ,293490,카카오게임즈,260,143,OK,9230.0,BOTTOM_REBOUND,저점반등,2026-06-26,2026-06-22,33.189,-8.0677,2.2148,9056.0,-1,8849.0,1,8322.8333,0,9795.5,-1,5.8486,5.9701,-3.0455,16.9702,560.453,6.0721,6.4651,1.7142857142857142,1.7647058823529411,1.6666666666666667,-1,1,-1.7039,8849.0,,,,,,,,,,
2026-09-11,KOSPI,298000,효성화학,260,143,OK,55300.0,NEW_LOW,최근 신저점,2026-06-12,2026-08-14,42.1594,-27.5229,-1.25,56720.0,1,62030.0,-1,61811.6667,1,50835.8333,1,-23.934,42.1594,-32.8281,53.1595,,,6.3833,2.5,2.1666666666666665,2.8333333333333335,-1,3,-4.6552,62030.0,,,,,,,,,,
2026-09-11,KOSPI,298040,효성중공업,260,143,OK,2854000.0,EARLY_REBOUND_UNCONFIRMED,초기반등·확인부족,2026-07-30,2026-06-16,50.6864,-26.6701,4.4656,2895000.0,1,2878800.0,0,2914250.0,-1,3160716.6667,1,0.8124,-12.0764,-8.0817,-1.0763,177562.1751,6.2215,4.7841,2.2222222222222223,2.076923076923077,2.357142857142857,-1,2,-2.6271,2878800.0,,,,,,,,,,
2026-09-11,KOSPI,298690,에어부산,260,143,OK,1509.0,SIDEWAYS_OR_UNCONFIRMED,횡보·방향미확인,2026-07-20,2026-06-15,6.7941,-19.0016,-1.6938,1550.0,1,1521.75,1,1522.9833,-1,1712.55,-1,-0.9843,-4.795,-9.8784,6.2051,57.8006,3.8304,3.2844,2.0689655172413794,2.2142857142857144,1.9333333333333333,-1,3,-5.6875,1521.75,,,,,,,,,,
2026-09-11,KOSPI,307950,현대오토에버,260,143,OK,390000.0,SIDEWAYS_OR_UNCONFIRMED,횡보·방향미확인,2026-07-30,2026-06-15,23.6133,-47.7212,-1.2658,392900.0,-1,419950.0,-1,442400.0,-1,494316.6667,-1,-9.8266,-45.0704,-18.7207,-34.0703,25575.008,6.5577,5.6367,2.2222222222222223,2,2.4285714285714284,-1,1,-1.1407,419950.0,,,,,,,,,,
2026-09-11,KOSDAQ,317330,덕산테코피아,260,143,OK,12550.0,BOTTOM_REBOUND,저점반등,2026-07-29,2026-06-16,45.7607,-22.6264,5.3736,13058.0,1,11702.5,1,11213.0,-1,15816.75,-1,10.3782,-19.0323,1.4841,-8.0322,1055.7561,8.4124,7.7273,2.0689655172413794,1.7142857142857142,2.4,-1,2,-8.5277,11702.5,,,,,,,,,,
2026-09-11,KOSPI,317400,자이에스앤디,260,143,OK,11330.0,UPTREND,상승중,2026-06-26,2026-08-31,237.2024,-2.0743,0.8905,10552.0,-1,10632.0,1,7336.75,1,5773.875,1,34.4009,231.7716,25.5068,242.7717,1079.4274,9.5272,10.5981,2.3076923076923075,2.6153846153846154,2,1,1,13.3,10632.0,,,,,,,,,,
2026-09-11,KOSPI,329180,HD현대중공업,260,143,OK,479000.0,EARLY_REBOUND_UNCONFIRMED,초기반등·확인부족,2026-09-02,2026-06-15,13.5071,-32.9132,9.7365,457900.0,1,459950.0,-1,503258.3333,-1,552908.3333,-1,-4.7714,-25.8514,-13.6655,-14.8513,26042.8791,5.4369,4.4869,2,1.8,2.2,1,1,5.6229,459950.0,,,,,,,,,,
2026-09-11,KOSPI,336260,두산퓨얼셀,260,143,OK,48800.0,BOTTOM_REBOUND,저점반등,2026-07-30,2026-06-16,158.2011,-37.516,11.2885,50390.0,1,43605.0,1,43335.0,-1,53130.8333,1,37.4648,-30.7801,28.5707,-19.78,5114.5403,10.4806,10.3406,2.2222222222222223,2.1538461538461537,2.2857142857142856,-1,2,-9.462,43605.0,,,,,,,,,,
2026-09-11,KOSPI,353200,대덕전자,260,143,OK,100000.0,EARLY_REBOUND_UNCONFIRMED,초기반등·확인부족,2026-07-30,2026-06-17,34.2282,-42.5947,0.5025,102420.0,-1,107810.0,-1,115923.3333,-1,118123.3333,1,-4.489,-36.2245,-13.3831,-25.2244,8973.2838,8.9733,7.3321,2.2222222222222223,1.6153846153846154,2.7857142857142856,-1,2,-5.7493,107810.0,,,,,,,,,,
2026-09-11,KOSPI,357250,미래에셋맵스리츠,260,143,OK,1840.0,NEW_LOW,최근 신저점,2026-07-29,2026-08-11,3.3708,-4.1667,-3.6649,1884.0,-1,1891.8,0,1855.6167,1,2042.3417,-1,-4.1667,-0.2169,-13.0608,10.7832,38.0357,2.0672,1.8324,2.5,2.4166666666666665,2.5833333333333335,-1,5,-3.6649,1891.8,,,,,,,,,,
2026-09-11,KOSDAQ,357780,솔브레인,260,143,OK,330000.0,BOTTOM_REBOUND,저점반등,2026-07-30,2026-06-12,46.9933,-25.2548,1.5385,335200.0,1,332575.0,1,314658.3333,-1,365508.3333,-1,5.0955,-7.0423,-3.7986,3.9578,19756.8831,5.9869,5.2174,1.8181818181818181,2,1.6470588235294117,-1,1,-3.5088,332575.0,,,,,,,,,,
2026-09-11,KOSPI,361610,SK아이이테크놀로지,260,143,OK,16690.0,BOTTOM_REBOUND,저점반등,2026-07-29,2026-06-11,33.0941,-18.5854,2.5184,16948.0,1,16186.0,1,15418.8333,-1,18793.9167,-1,9.6583,-18.5854,0.7642,-7.5853,1158.3517,6.9404,6.655,2.0689655172413794,1.7142857142857142,2.4,-1,2,-6.0777,16186.0,,,,,,,,,,
2026-09-11,KOSPI,373220,LG에너지솔루션,260,143,OK,360000.0,EARLY_REBOUND_UNCONFIRMED,초기반등·확인부족,2026-07-29,2026-06-15,19.8003,-14.3876,0.4184,361400.0,-1,360300.0,0,349241.6667,-1,385850.0,-1,1.5515,-6.3719,-7.3426,4.6282,17933.9457,4.9817,4.5643,1.6216216216216217,1.6666666666666667,1.5789473684210527,-1,2,-2.965,360300.0,,,,,,,,,,
2026-09-11,KOSPI,377300,카카오페이,260,143,OK,46250.0,UPTREND_PULLBACK,상승중 눌림,2026-07-09,2026-09-10,23.498,-4.5408,-2.2199,46980.0,1,45612.5,1,42746.6667,1,47167.9167,-1,3.0067,3.2366,-5.8874,14.2367,2507.6161,5.4219,5.1276,2.0689655172413794,2.2857142857142856,1.8666666666666667,-1,1,-4.5408,45612.5,,,,,,,,,,
2026-09-11,KOSPI,402340,SK스퀘어,260,143,OK,1089000.0,BOTTOM_REBOUND,저점반등,2026-07-30,2026-06-22,36.2954,-44.7208,4.611,1123600.0,1,1077750.0,1,1235183.3333,-1,1076575.0,1,15.2381,-11.3192,6.344,-0.3191,85871.4797,7.8854,5.917,2,1.8666666666666667,2.1333333333333333,-1,2,-4.3058,1077750.0,,,,,,,,,,
2026-09-11,KOSPI,403550,쏘카,260,143,OK,10580.0,SIDEWAYS_OR_UNCONFIRMED,횡보·방향미확인,2026-07-22,2026-06-30,16.5198,-10.4907,-6.6196,10932.0,-1,11003.0,1,10647.8333,-1,11576.8333,0,-5.3667,-5.5357,-14.2608,5.4644,431.6517,4.0799,3.9106,2.0689655172413794,1.6428571428571428,2.466666666666667,-1,5,-6.6196,11003.0,,,,,,,,,,
2026-09-11,KOSDAQ,439960,코스모로보틱스,86,86,OK,12010.0,NEW_LOW,최근 신저점,2026-07-20,2026-06-17,15.4808,-54.6792,-5.0593,12332.0,-1,13178.5,-1,14815.3333,-1,,,-29.1027,-39.92,-37.9968,-28.9199,1200.2712,9.9939,6.2988,2.0689655172413794,1.5714285714285714,2.533333333333333,-1,1,-3.3011,13178.5,,,,,,,,,,
2026-09-11,KOSPI,443060,HD현대마린솔루션,260,143,OK,247000.0,BOTTOM_REBOUND,저점반등,2026-07-30,2026-06-16,36.6906,-3.3268,17.3397,222300.0,1,211250.0,1,206076.6667,-1,212355.8333,1,23.5,0.611,14.6059,11.6111,12976.3062,5.2536,5.6579,2.5,2.4166666666666665,2.5833333333333335,1,2,17.3397,211250.0,,,,,,,,,,
2026-09-11,KOSPI,454910,두산로보틱스,260,143,OK,71500.0,EARLY_REBOUND_UNCONFIRMED,초기반등·확인부족,2026-07-30,2026-06-15,29.0614,-35.8169,4.5322,71100.0,1,71040.0,-1,74305.0,-1,87969.1667,-1,-3.5088,-34.5837,-12.4029,-23.5836,4069.6188,5.6918,4.6847,2.0689655172413794,1.7857142857142858,2.3333333333333335,-1,2,-1.2431,71040.0,,,,,,,,,,
2026-09-11,KOSPI,456040,OCI,260,143,OK,80200.0,BOTTOM_REBOUND,저점반등,2026-07-29,2026-06-17,29.3548,-25.5339,1.1349,80620.0,1,80455.0,1,83046.6667,-1,98010.0,-1,2.0356,-24.4109,-6.8585,-13.4108,3488.227,4.3494,3.4055,2.2222222222222223,2.1538461538461537,2.2857142857142856,-1,2,-0.4963,80455.0,,,,,,,,,,
2026-09-11,KOSPI,457190,이수스페셜티케미컬,260,143,OK,64100.0,EARLY_REBOUND_UNCONFIRMED,초기반등·확인부족,2026-07-30,2026-06-16,35.2321,-26.8265,1.2638,65820.0,-1,65140.0,0,63729.1667,-1,81897.9167,-1,-2.1374,-19.0657,-11.0315,-8.0656,4042.2736,6.3062,5.51,1.935483870967742,1.6,2.25,-1,2,-5.8737,65140.0,,,,,,,,,,
2026-09-11,KOSPI,475560,더본코리아,260,143,OK,15100.0,TOP_DECLINE,고점후하락,2026-07-30,2026-08-18,18.8976,-22.0041,-2.1387,15366.0,-1,16622.0,1,15034.6667,-1,17245.6667,-1,7.2443,-5.8603,-1.6498,5.1398,961.1857,6.3655,6.6854,2.2222222222222223,2,2.4285714285714284,-1,3,-3.699,16622.0,,,,,,,,,,
2026-09-11,KOSPI,483650,달바글로벌,260,143,OK,167600.0,NEW_LOW,최근 신저점,2026-09-11,2026-07-29,0.0,-36.7547,-12.0672,179200.0,-1,208155.0,-1,221020.0,-1,208941.6667,1,-31.8699,-20.5687,-40.764,-9.5686,13926.3631,8.3093,5.1112,1.935483870967742,1.8,2.0625,-1,5,-12.0672,208155.0,,,,,,,,,,
2026-09-11,KOSPI,489790,한화비전,260,143,OK,47200.0,NEW_LOW,최근 신저점,2026-07-29,2026-06-12,41.5292,-37.3174,-4.4534,48480.0,-1,50595.0,-1,49318.3333,-1,62927.5,-1,-7.451,-32.8592,-16.3451,-21.8591,2758.1421,5.8435,4.9272,1.935483870967742,1.7333333333333334,2.125,-1,2,-3.5751,50595.0,,,,,,,,,,
2026-09-11,KOSPI,499790,GS피앤엘,260,143,OK,39800.0,SIDEWAYS_OR_UNCONFIRMED,횡보·방향미확인,2026-06-26,2026-06-11,18.1009,-21.6535,-7.0093,39970.0,-1,41327.5,-1,40120.8333,-1,43999.1667,-1,-9.3394,-21.6535,-18.2335,-10.6534,2160.7841,5.4291,4.5962,2.142857142857143,2,2.2857142857142856,1,2,0.6321,41327.5,,,,,,,,,,
