basis_date,market,ticker,name,official_close,return_1w_pct,return_1m_pct,return_3m_pct,return_6m_pct,return_ytd_pct,return_52w_pct,swing_phase,swing_phase_ko,swing_trough_date,swing_peak_date,from_trough_pct,from_peak_pct,momentum_5d_pct,ma5_direction,ma20_direction,ma60_direction,ma120_direction,mean_run_days,streak_direction,streak_days,streak_change_pct,rs_kospi_1m_pp,rs_kospi_3m_pp,sector_benchmark_ticker,sector_benchmark_name,rs_sector_1m_pp,rs_sector_3m_pp,atr14_pct,avg_daily_range_20_pct,ma20_reference,confirmed_swing_low_stop,rsi,macd,investment_score_100,earnings_outlook_change
2026-09-11,KOSPI,000270,기아,126600.0,0.0791,-5.7334,-18.8462,-21.8519,3.9409,19.5467,EARLY_REBOUND_UNCONFIRMED,초기반등·확인부족,2026-07-29,2026-06-16,5.1495,-25.6169,0.0791,-1,-1,-1,-1,1.935483870967742,-1,1,-0.315,-14.6275,-7.8461,1015,운송장비·부품,0.1482,3.624,3.9522,3.4613,130025.0,,43.692146,"{""line"":-2607.484179,""signal"":-2682.08745,""hist"":74.603271,""status"":""OK""}",,
2026-09-11,KOSPI,000370,한화손해보험,8420.0,0.0,37.3573,34.72,18.4248,51.4388,43.1973,UPTREND,상승중,2026-07-29,2026-09-03,59.7723,-5.9218,0.0,-1,1,1,1,2.3076923076923075,1,2,6.7174,28.4632,45.7201,1025,보험,28.8852,38.8226,5.5992,6.3358,7943.5,,62.602194,"{""line"":514.221661,""signal"":559.641097,""hist"":-45.419435,""status"":""OK""}",,
2026-09-11,KOSPI,000500,가온전선,254000.0,19.8113,61.5776,-21.6049,166.2474,208.2524,315.0327,BOTTOM_REBOUND,저점반등,2026-07-30,2026-06-18,136.0595,-34.1115,19.8113,1,1,-1,1,1.935483870967742,1,1,1.6,52.6835,-10.6048,1013,전기전자,46.6188,-7.8141,,8.4816,199285.0,,65.044608,"{""line"":17553.444004,""signal"":8851.977547,""hist"":8701.466457,""status"":""OK""}",,
2026-09-11,KOSPI,000540,흥국화재,3675.0,-0.5413,9.538,0.5472,-23.7552,2.3677,-14.1355,UPTREND_PULLBACK,상승중 눌림,2026-07-29,2026-09-03,26.2887,-7.197,-0.5413,-1,1,0,-1,1.8181818181818181,-1,1,-0.8097,0.6439,11.5473,1025,보험,1.0659,4.6498,4.4721,4.661,3569.75,,56.666132,"{""line"":105.803921,""signal"":103.8383,""hist"":1.965621,""status"":""OK""}",,
2026-09-11,KOSPI,000640,동아쏘시오홀딩스,90700.0,-2.0518,-6.4948,10.0728,-14.1911,-17.2445,-16.0962,TOP_DECLINE,고점후하락,2026-06-26,2026-08-11,19.657,-6.4948,-2.0518,-1,-1,1,-1,2.142857142857143,-1,6,-3.5106,-15.3889,21.0729,1021,금융,-12.4463,11.5688,3.4297,3.2857,92125.0,,48.983556,"{""line"":740.501341,""signal"":1333.004576,""hist"":-592.503235,""status"":""OK""}",,
2026-09-11,KOSPI,000650,천일고속,143300.0,-0.2784,-10.213,-26.7757,-41.0288,-59.3475,249.9389,SIDEWAYS_OR_UNCONFIRMED,횡보·방향미확인,2026-07-30,2026-06-23,12.2161,-29.0594,-0.2784,-1,-1,-1,-1,2.2222222222222223,-1,3,-0.3477,-19.1071,-15.7756,1019,운송·창고,-11.5555,-36.1714,5.1875,4.1796,149795.0,,39.070666,"{""line"":-3032.726196,""signal"":-2542.466871,""hist"":-490.259325,""status"":""OK""}",,
2026-09-11,KOSPI,000660,SK하이닉스,1812000.0,10.0182,27.1579,-13.7554,89.7382,178.341,451.5982,BOTTOM_REBOUND,저점반등,2026-07-30,2026-06-22,37.0651,-37.9239,10.0182,1,1,-1,1,1.875,-1,2,-2.3707,18.2638,-2.7553,1013,전기전자,12.1991,0.0354,6.5954,5.2241,1698400.0,,55.331171,"{""line"":23817.334895,""signal"":-7936.264626,""hist"":31753.599521,""status"":""OK""}",,
2026-09-11,KOSPI,000810,삼성화재,686000.0,3.4691,7.0203,3.4691,37.8894,38.0282,45.9574,UPTREND,상승중,2026-07-29,2026-09-03,16.8654,-2.2792,3.4691,-1,1,-1,1,1.935483870967742,1,2,7.0203,-1.8738,14.4692,1025,보험,-1.4518,7.5717,4.9338,4.8056,655550.0,,56.920803,"{""line"":7026.469877,""signal"":7765.831844,""hist"":-739.361967,""status"":""OK""}",,
2026-09-11,KOSPI,000880,한화,137300.0,-0.0728,63.8425,16.7517,5.9414,68.2598,60.0233,UPTREND_PULLBACK,상승중 눌림,2026-08-24,2026-09-09,63.8425,-3.3099,-0.0728,1,1,1,1,3.1578947368421053,-1,2,-3.3099,54.9484,27.7518,1008,화학,61.5747,15.0504,,,118075.0,,71.849268,"{""line"":12535.125945,""signal"":11002.364363,""hist"":1532.761582,""status"":""OK""}",,
2026-09-11,KOSPI,000990,DB하이텍,105800.0,17.6863,13.5193,-31.8299,24.4706,56.5089,105.4369,BOTTOM_REBOUND,저점반등,2026-07-30,2026-06-12,48.5955,-39.3001,17.6863,1,1,-1,1,1.935483870967742,-1,1,-8.1597,4.6252,-20.8298,1013,전기전자,-1.4395,-18.0391,7.5018,5.9768,96725.0,,55.361594,"{""line"":1892.446049,""signal"":-950.201644,""hist"":2842.647694,""status"":""OK""}",,
2026-09-11,KOSPI,001020,페이퍼코리아,2240.0,-8.9431,14.4025,-1.1038,206.8493,261.2903,210.2493,TOP_DECLINE,고점후하락,2026-07-29,2026-09-02,29.2556,-16.2617,-8.9431,-1,1,1,1,2.608695652173913,-1,4,-12.6706,5.5084,9.8963,1007,종이·목재,13.657,-4.3471,,7.8747,2349.4,,48.039258,"{""line"":94.371377,""signal"":119.666389,""hist"":-25.295011,""status"":""OK""}",,
2026-09-11,KOSPI,001045,CJ우,67900.0,-1.4514,-7.9946,-6.9863,-23.1031,-23.9642,-29.4179,NEW_LOW,최근 신저점,2026-07-20,2026-08-06,5.5988,-11.3577,-1.4514,1,-1,-1,-1,1.935483870967742,-1,4,-2.1614,-16.8887,4.0138,1021,금융,-13.9461,-5.4903,2.9432,2.5876,69640.0,,41.987336,"{""line"":-538.212039,""signal"":-367.239564,""hist"":-170.972475,""status"":""OK""}",,
2026-09-11,KOSPI,001060,JW중외제약,26600.0,-3.2727,1.3333,0.3774,-15.8228,4.3137,18.2222,TOP_DECLINE,고점후하락,2026-07-29,2026-08-12,20.9091,-11.3333,-3.2727,-1,-1,-1,-1,1.7142857142857142,-1,5,-3.2727,-7.5608,11.3775,1009,제약,12.4813,-6.6726,4.3161,3.8535,27362.5,,48.547599,"{""line"":281.253766,""signal"":494.164305,""hist"":-212.910539,""status"":""OK""}",,
2026-09-11,KOSPI,001200,유진투자증권,4355.0,0.0,-1.9144,-0.9101,-10.8495,26.5988,15.9787,SIDEWAYS_OR_UNCONFIRMED,횡보·방향미확인,2026-07-29,2026-06-17,17.5439,-11.0317,0.0,-1,-1,-1,-1,1.5384615384615385,-1,1,-0.7973,-10.8085,10.09,1024,증권,3.3363,22.5595,3.6093,3.1461,4343.75,,51.284693,"{""line"":11.243062,""signal"":14.321803,""hist"":-3.07874,""status"":""OK""}",,
2026-09-11,KOSPI,001210,금호전기,12450.0,2.3007,205.1471,2425.355,1462.1079,2289.6353,1369.8937,UPTREND,상승중,2026-06-23,2026-09-02,2488.3576,-6.391,2.3007,-1,1,1,1,3.3333333333333335,1,1,4.1841,196.253,2436.3551,1013,전기전자,190.1883,2439.1458,,15.6343,10211.5,,73.058874,"{""line"":2196.895151,""signal"":2304.793412,""hist"":-107.898261,""status"":""OK""}",,
2026-09-11,KOSPI,001290,상상인증권,4300.0,325.7426,294.4954,381.523,235.152,579.3049,459.8958,UPTREND,상승중,2026-07-29,2026-09-09,632.5383,-4.4444,325.7426,1,1,1,1,2.727272727272727,1,1,1.8957,285.6013,392.5231,1024,증권,299.7461,404.9926,,,1504.05,,89.983733,"{""line"":653.202887,""signal"":274.41954,""hist"":378.783348,""status"":""OK""}",,
2026-09-11,KOSPI,001420,태원물산,2880.0,3.2258,3.2258,26.8722,4.7273,-19.1011,-15.7895,BOTTOM_REBOUND,저점반등,2026-08-14,2026-07-09,43.2836,-7.2464,3.2258,1,1,1,1,2.3076923076923075,-1,2,-1.7065,-5.6683,37.8723,1015,운송장비·부품,9.1074,49.3424,,11.0434,2533.0,,58.777163,"{""line"":95.010292,""signal"":40.847229,""hist"":54.163064,""status"":""OK""}",,
2026-09-11,KOSPI,001440,대한전선,29500.0,7.6642,4.2403,-20.1624,-2.8007,28.821,79.1135,BOTTOM_REBOUND,저점반등,2026-07-30,2026-06-17,41.8269,-28.3111,7.6642,1,1,-1,0,2.4,-1,2,-5.1447,-4.6538,-9.1623,1013,전기전자,-10.7185,-6.3716,6.1668,5.1796,28560.0,,52.898823,"{""line"":212.004831,""signal"":-50.124561,""hist"":262.129393,""status"":""OK""}",,
2026-09-11,KOSPI,001527,동양2우B,5750.0,-4.6434,-13.142,-19.0141,-33.9839,-34.3607,-34.5103,NEW_LOW,최근 신저점,2026-06-30,2026-07-23,25.8206,-29.4479,-4.6434,-1,-1,-1,-1,2.0689655172413794,-1,3,-2.7073,-22.0361,-8.014,1010,비금속,-13.7597,-19.8615,,,6327.5,,33.069163,"{""line"":-213.958084,""signal"":-137.801693,""hist"":-76.156391,""status"":""OK""}",,
2026-09-11,KOSPI,001530,DI동일,26450.0,-4.1667,6.4386,17.8174,17.2949,34.6056,-28.8978,UPTREND_PULLBACK,상승중 눌림,2026-06-26,2026-09-07,29.3399,-6.5371,-4.1667,-1,1,1,1,1.7142857142857142,-1,4,-6.5371,-2.4555,28.8175,1016,유통,4.5797,30.9799,5.7036,5.7464,26212.5,,52.350577,"{""line"":844.530825,""signal"":887.447584,""hist"":-42.91676,""status"":""OK""}",,
2026-09-11,KOSPI,001560,제일연마,8990.0,-3.125,1.1249,-8.2653,-15.666,-9.9198,-15.5075,SIDEWAYS_OR_UNCONFIRMED,횡보·방향미확인,2026-07-21,2026-06-15,8.0529,-12.2927,-3.125,1,1,-1,-1,2.0689655172413794,-1,3,-3.953,-7.7692,2.7348,1010,비금속,0.5072,-9.1127,2.6822,2.8135,9153.0,,46.332446,"{""line"":80.529047,""signal"":99.681947,""hist"":-19.1529,""status"":""OK""}",,
2026-09-11,KOSPI,001770,SHD,9250.0,-41.5666,29.1899,-30.3988,-46.3457,-49.0358,-48.2662,NEW_LOW,최근 신저점,2026-07-31,2026-08-19,84.2629,-43.6319,-41.5666,-1,1,-1,-1,2.4,-1,5,-41.5666,20.2958,-19.3987,1011,금속,30.9214,-26.4784,,17.0141,12628.0,,42.777663,"{""line"":820.560499,""signal"":1323.07157,""hist"":-502.511072,""status"":""OK""}",,
2026-09-11,KOSPI,001820,삼화콘덴서,137400.0,25.1366,62.6036,3.0758,177.2957,369.7436,329.375,BOTTOM_REBOUND,저점반등,2026-07-30,2026-06-18,137.7163,-27.7223,25.1366,1,1,-1,1,2.4,1,1,18.7554,53.7095,14.0759,1013,전기전자,47.6448,16.8666,8.7422,9.6163,107775.0,,71.045242,"{""line"":7697.305442,""signal"":5464.211907,""hist"":2233.093535,""status"":""OK""}",,
2026-09-11,KOSPI,002210,동성제약,1409.0,-1.1228,-13.7699,44.8099,44.8099,44.8099,44.8099,NEW_LOW,최근 신저점,2026-07-29,2026-07-31,44.8099,-23.6728,-1.1228,1,-1,1,1,2.5833333333333335,-1,3,-5.2455,-22.664,55.81,1009,제약,-2.6219,37.7599,,5.0413,1497.4,,46.166412,"{""line"":8.474519,""signal"":30.988834,""hist"":-22.514315,""status"":""OK""}",,
2026-09-11,KOSPI,002380,KCC,485500.0,0.7261,7.8889,-1.0194,-13.3036,15.4578,16.1483,BOTTOM_REBOUND,저점반등,2026-07-29,2026-06-16,37.7305,-13.3036,0.7261,1,1,-1,-1,2.0689655172413794,-1,2,-3.4791,-1.0052,9.9807,1008,화학,5.6211,-2.7207,4.4817,4.3603,476650.0,,55.061469,"{""line"":13578.536088,""signal"":12549.969331,""hist"":1028.566757,""status"":""OK""}",,
2026-09-11,KOSPI,002420,우양피앤엘,5490.0,-5.0173,-8.6522,-1.0811,-1.9643,2.0446,3.0019,NEW_LOW,최근 신저점,2026-06-23,2026-08-10,10.4628,-10.2941,-5.0173,-1,-1,1,0,2,-1,3,-7.1066,-17.5463,9.919,1016,유통,-10.5111,12.0814,5.3828,4.3029,5768.0,,42.444552,"{""line"":30.838651,""signal"":75.577084,""hist"":-44.738433,""status"":""OK""}",,
2026-09-11,KOSPI,002450,삼익악기,1131.0,-2.4159,-2.0779,-9.7366,-2.7515,-8.7903,-12.7315,SIDEWAYS_OR_UNCONFIRMED,횡보·방향미확인,2026-07-29,2026-06-12,5.0139,-13.3997,-2.4159,-1,1,-1,-1,2.608695652173913,-1,4,-3.0848,-10.972,1.2635,1027,제조,-12.5639,3.2739,2.2934,2.0089,1132.6,,47.290091,"{""line"":4.338997,""signal"":3.736685,""hist"":0.602312,""status"":""OK""}",,
2026-09-11,KOSPI,002990,금호건설,14710.0,-8.5768,28.0244,297.5676,205.8212,268.6717,270.0629,TOP_DECLINE,고점후하락,2026-06-11,2026-07-09,297.5676,-15.0202,-8.5768,-1,1,1,1,2.142857142857143,-1,4,-8.6903,19.1303,308.5677,1018,건설,14.5678,287.6364,,11.884,15413.0,,51.618655,"{""line"":958.893429,""signal"":1282.946995,""hist"":-324.053565,""status"":""OK""}",,
2026-09-11,KOSPI,003010,혜인,9450.0,-11.2676,33.4746,101.0638,79.3169,77.9661,64.6341,TOP_DECLINE,고점후하락,2026-07-29,2026-08-28,136.5457,-25.4732,-11.2676,-1,1,1,1,2,1,3,9.1224,24.5805,112.0639,1016,유통,31.6157,114.2263,13.8561,16.7935,10411.5,,52.742947,"{""line"":571.801576,""signal"":999.166031,""hist"":-427.364455,""status"":""OK""}",,
2026-09-11,KOSPI,003230,삼양식품,1278000.0,-9.8095,1.9139,8.6735,14.1071,3.818,-20.9158,TOP_DECLINE,고점후하락,2026-07-20,2026-08-28,21.3675,-17.3885,-9.8095,-1,1,1,1,2,1,1,1.1076,-6.9802,19.6736,1005,음식료·담배,4.1446,9.9825,5.5313,5.225,1390300.0,,43.768856,"{""line"":9657.156391,""signal"":41371.007753,""hist"":-31713.851362,""status"":""OK""}",,
2026-09-11,KOSPI,003280,흥아해운,1878.0,8.9327,8.8696,1.4587,-14.0503,18.5606,10.7965,BOTTOM_REBOUND,저점반등,2026-07-29,2026-07-23,22.8254,-7.715,8.9327,1,1,-1,-1,1.935483870967742,-1,1,-1.2099,-0.0245,12.4588,1019,운송·창고,7.5271,-7.937,6.3355,5.878,1763.65,,61.275242,"{""line"":19.940227,""signal"":1.911227,""hist"":18.029,""status"":""OK""}",,
2026-09-11,KOSPI,003350,한국화장품제조,15710.0,23.2157,51.9342,91.1192,-66.9263,-67.8732,-73.7291,UPTREND,상승중,2026-06-25,2026-09-11,121.8927,0.0,23.2157,1,1,1,-1,2.142857142857143,1,1,19.3769,43.0401,102.1193,1008,화학,49.6664,89.4179,,9.3894,12940.0,,71.039855,"{""line"":1086.018083,""signal"":1100.917348,""hist"":-14.899264,""status"":""OK""}",,
2026-09-11,KOSPI,003490,대한항공,28950.0,-4.1391,8.6304,16.7339,17.6829,28.3814,21.1297,UPTREND_PULLBACK,상승중 눌림,2026-07-30,2026-09-07,17.4442,-4.6129,-4.1391,1,1,1,1,2.142857142857143,-1,4,-4.6129,-0.2637,27.734,1019,운송·창고,7.2879,7.3382,3.5752,3.2856,27932.5,,57.125446,"{""line"":883.169911,""signal"":769.362621,""hist"":113.80729,""status"":""OK""}",,
2026-09-11,KOSPI,003495,대한항공우,21700.0,-1.81,0.9302,1.4019,-7.0664,-9.0147,-9.5833,SIDEWAYS_OR_UNCONFIRMED,횡보·방향미확인,2026-07-30,2026-06-15,4.3269,-5.6522,-1.81,1,1,-1,-1,2.0689655172413794,-1,3,-1.3636,-7.9639,12.402,1019,운송·창고,-0.4123,-7.9938,2.0666,2.0004,21757.5,,48.420068,"{""line"":58.044779,""signal"":54.36298,""hist"":3.681799,""status"":""OK""}",,
2026-09-11,KOSPI,003530,한화투자증권,4785.0,-6.1765,4.5902,-12.6825,-35.2503,1.9169,-21.6858,SIDEWAYS_OR_UNCONFIRMED,횡보·방향미확인,2026-07-30,2026-06-17,30.2041,-19.3086,-6.1765,-1,1,-1,-1,1.935483870967742,-1,1,-1.9467,-4.3039,-1.6824,1024,증권,9.8409,10.7871,5.439,5.1176,4831.5,,50.249186,"{""line"":64.850224,""signal"":74.377643,""hist"":-9.527419,""status"":""OK""}",,
2026-09-11,KOSPI,003540,대신증권,27200.0,2.6415,3.4221,-4.8951,-32.9223,0.7407,-5.3913,BOTTOM_REBOUND,저점반등,2026-07-29,2026-06-16,15.4989,-12.96,2.6415,1,1,-1,-1,1.7647058823529411,1,1,0.7407,-5.472,6.105,1024,증권,8.6728,18.5745,3.1263,2.6346,26597.5,,55.513818,"{""line"":125.397995,""signal"":45.440668,""hist"":79.957327,""status"":""OK""}",,
2026-09-11,KOSPI,003550,LG,112500.0,-7.1016,3.8781,4.6512,20.5788,39.4052,48.4169,TOP_DECLINE,고점후하락,2026-07-29,2026-09-07,22.0174,-9.6386,-7.1016,-1,1,1,1,1.935483870967742,-1,2,-5.5416,-5.016,15.6513,1021,금융,-2.0734,6.1472,4.7133,4.3465,116145.0,,47.810278,"{""line"":2967.028021,""signal"":3630.82435,""hist"":-663.796329,""status"":""OK""}",,
2026-09-11,KOSPI,003580,HLB글로벌,1631.0,-6.1025,0.6169,11.7889,-16.144,-29.6983,-25.1835,UPTREND_PULLBACK,상승중 눌림,2026-07-13,2026-09-04,49.633,-6.1025,-6.1025,1,1,1,-1,2.857142857142857,-1,5,-6.1025,-8.2772,22.789,1016,유통,-1.242,24.9514,5.5598,4.958,1611.4,,56.250393,"{""line"":49.610906,""signal"":52.406492,""hist"":-2.795586,""status"":""OK""}",,
2026-09-11,KOSPI,003670,포스코퓨처엠,185300.0,0.9259,18.1007,0.3249,-11.9715,-0.9091,38.8015,BOTTOM_REBOUND,저점반등,2026-07-29,2026-06-15,51.7609,-11.9715,0.9259,-1,1,-1,-1,2.0689655172413794,-1,1,-3.9896,9.2066,11.325,1013,전기전자,3.1419,14.1157,5.9478,5.6108,177795.0,,55.972572,"{""line"":7785.330949,""signal"":7346.544215,""hist"":438.786734,""status"":""OK""}",,
2026-09-11,KOSPI,004170,신세계,381000.0,-0.3922,-11.0852,-46.6387,11.4035,54.251,115.7418,SIDEWAYS_OR_UNCONFIRMED,횡보·방향미확인,2026-09-03,2026-07-01,0.3953,-50.9021,-0.3922,-1,-1,-1,1,1.935483870967742,-1,3,-5.8096,-19.9793,-35.6386,1016,유통,-12.9441,-33.4762,7.1353,5.1916,403225.0,,39.202809,"{""line"":-22047.593923,""signal"":-25389.002148,""hist"":3341.408225,""status"":""OK""}",,
2026-09-11,KOSPI,004310,현대약품,9820.0,23.522,53.4375,71.3787,3.4773,15.2582,152.4422,UPTREND,상승중,2026-07-08,2026-09-08,116.777,-5.9387,23.522,1,1,1,1,2.0689655172413794,1,1,0.5118,44.5434,82.3788,1009,제약,64.5855,64.3287,9.8369,10.9312,7355.5,,70.757612,"{""line"":993.188826,""signal"":642.398893,""hist"":350.789933,""status"":""OK""}",,
2026-09-11,KOSPI,004370,농심,414500.0,-3.6047,4.804,10.5333,5.203,-4.1618,-20.5939,TOP_DECLINE,고점후하락,2026-06-26,2026-08-26,25.7967,-9.695,-3.6047,-1,1,1,1,2.142857142857143,1,1,0.4848,-4.0901,21.5334,1005,음식료·담배,7.0347,11.8423,4.0574,4.6853,433100.0,,48.6978,"{""line"":5039.832672,""signal"":10768.050818,""hist"":-5728.218146,""status"":""OK""}",,
2026-09-11,KOSPI,004490,세방전지,61600.0,-4.3478,9.8039,18.2342,-0.6452,-1.9108,-2.3772,UPTREND_PULLBACK,상승중 눌림,2026-07-29,2026-08-31,29.1405,-9.6774,-4.3478,-1,1,1,1,1.935483870967742,-1,2,-4.3478,0.9098,29.2343,1013,전기전자,-5.1549,32.025,5.8116,5.8056,61345.0,,52.946449,"{""line"":2296.611804,""signal"":2609.359498,""hist"":-312.747694,""status"":""OK""}",,
2026-09-11,KOSPI,004545,깨끗한나라우,3905.0,-7.0238,-14.1758,-55.5745,-62.703,-67.1019,-67.0742,NEW_LOW,최근 신저점,2026-09-11,2026-06-22,0.0,-60.1531,-7.0238,-1,-1,-1,-1,1.875,-1,4,-7.0238,-23.0699,-44.5744,1007,종이·목재,-14.9213,-58.8178,,,4342.5,,29.177927,"{""line"":-279.365359,""signal"":-278.625475,""hist"":-0.739883,""status"":""OK""}",,
2026-09-11,KOSPI,004710,한솔테크닉스,8850.0,4.6099,12.5954,-23.3102,60.6171,50.5102,61.2022,BOTTOM_REBOUND,저점반등,2026-07-30,2026-06-22,56.9149,-42.7555,4.6099,1,1,-1,1,1.875,1,1,1.7241,3.7013,-12.3101,1013,전기전자,-2.3634,-9.5194,8.0503,7.3678,7691.0,,59.316397,"{""line"":251.528842,""signal"":4.933328,""hist"":246.595513,""status"":""OK""}",,
2026-09-11,KOSPI,004770,써니전자,2125.0,-2.746,22.9034,29.1009,35.6094,36.2179,28.7099,UPTREND_PULLBACK,상승중 눌림,2026-07-29,2026-09-01,39.9868,-10.5263,-2.746,-1,1,1,1,2.2222222222222223,-1,2,-5.9735,14.0093,40.101,1013,전기전자,7.9446,42.8917,9.8977,10.2358,1961.05,,56.766583,"{""line"":126.323495,""signal"":114.616694,""hist"":11.706801,""status"":""OK""}",,
2026-09-11,KOSPI,004870,티웨이홀딩스,1117.0,-2.1034,-13.5449,318.3521,217.3295,133.1942,95.2797,NEW_LOW,최근 신저점,2026-07-23,2026-08-04,352.2267,-20.7801,-2.1034,-1,-1,1,1,2.727272727272727,-1,3,-1.759,-22.439,329.3522,1010,비금속,-14.1626,317.5047,,5.6248,1144.0,,56.105092,"{""line"":50.214914,""signal"":76.698914,""hist"":-26.484,""status"":""OK""}",,
2026-09-11,KOSPI,004910,조광페인트,3535.0,-0.1412,-6.9737,1.0,-27.0382,-29.8611,-41.2791,SIDEWAYS_OR_UNCONFIRMED,횡보·방향미확인,2026-06-26,2026-06-17,9.1049,-7.4607,-0.1412,1,-1,-1,-1,2.0689655172413794,-1,4,-3.1507,-15.8678,12.0001,1008,화학,-9.2415,-0.7013,3.3039,3.1495,3588.75,,46.299514,"{""line"":-4.537404,""signal"":4.480344,""hist"":-9.017749,""status"":""OK""}",,
2026-09-11,KOSPI,005320,온타이드,1203.0,-0.166,47.9705,8.3784,129.5802,163.8158,116.3669,UPTREND,상승중,2026-07-28,2026-09-04,83.6641,-0.166,-0.166,1,1,1,1,2.3076923076923075,1,3,2.383,39.0764,19.3785,1016,유통,46.1116,21.5409,,10.3166,961.75,,74.345577,"{""line"":109.406027,""signal"":79.301558,""hist"":30.104469,""status"":""OK""}",,
2026-09-11,KOSPI,005380,현대차,382500.0,-0.2608,-5.0868,-35.9296,-27.8302,29.0051,71.1409,SIDEWAYS_OR_UNCONFIRMED,횡보·방향미확인,2026-07-30,2026-06-15,8.9744,-40.881,-0.2608,-1,-1,-1,-1,1.8181818181818181,-1,1,-1.671,-13.9809,-24.9295,1015,운송장비·부품,0.7948,-13.4594,4.6014,3.8405,403075.0,,40.612232,"{""line"":-10500.375887,""signal"":-10533.717992,""hist"":33.342105,""status"":""OK""}",,
2026-09-11,KOSPI,005385,현대차우,182000.0,-1.9397,-7.9413,-22.3881,-31.8352,-11.6505,6.8702,SIDEWAYS_OR_UNCONFIRMED,횡보·방향미확인,2026-07-30,2026-06-15,1.8467,-29.0448,-1.9397,-1,-1,-1,-1,2.0689655172413794,-1,4,-3.4483,-16.8354,-11.388,1015,운송장비·부품,-2.0597,0.0821,3.5285,2.9166,193145.0,,38.241713,"{""line"":-4595.581773,""signal"":-3982.682624,""hist"":-612.899149,""status"":""OK""}",,
2026-09-11,KOSPI,005387,현대차2우B,180500.0,-2.3268,-9.4784,-23.3546,-31.4991,-15.0588,4.0346,SIDEWAYS_OR_UNCONFIRMED,횡보·방향미확인,2026-07-29,2026-06-15,0.7817,-29.7665,-2.3268,-1,-1,-1,-1,1.935483870967742,-1,4,-3.7333,-18.3725,-12.3545,1015,운송장비·부품,-3.5968,-0.8844,3.4586,2.8478,192760.0,,36.531126,"{""line"":-5162.524144,""signal"":-4406.021358,""hist"":-756.502786,""status"":""OK""}",,
2026-09-11,KOSPI,005389,현대차3우B,178500.0,-1.5987,-7.7996,-20.3125,-28.6,-12.9268,5.3719,SIDEWAYS_OR_UNCONFIRMED,횡보·방향미확인,2026-07-30,2026-06-15,2.8226,-26.9939,-1.5987,-1,-1,-1,-1,2.4,-1,4,-2.459,-16.6937,-9.3124,1015,운송장비·부품,-1.918,2.1577,2.8693,2.4947,188350.0,,36.500505,"{""line"":-4115.910174,""signal"":-3468.942972,""hist"":-646.967202,""status"":""OK""}",,
2026-09-11,KOSPI,005490,POSCO홀딩스,334000.0,-0.8902,2.2971,-6.7039,-3.1884,9.5082,17.193,UPTREND_PULLBACK,상승중 눌림,2026-07-29,2026-06-15,15.7712,-15.443,-0.8902,-1,1,-1,0,1.8181818181818181,-1,1,-1.4749,-6.597,4.2962,1011,금속,4.0286,-2.7835,3.8664,3.4516,331850.0,,51.908381,"{""line"":3464.036714,""signal"":3490.668722,""hist"":-26.632009,""status"":""OK""}",,
2026-09-11,KOSPI,005500,삼진제약,18440.0,-1.6533,-1.3376,-2.3822,2.5584,-6.6329,-3.808,UPTREND_PULLBACK,상승중 눌림,2026-07-29,2026-06-16,8.4068,-5.6777,-1.6533,-1,1,-1,0,1.7142857142857142,-1,4,-1.8104,-10.2317,8.6179,1009,제약,9.8104,-9.4322,2.3593,2.308,18398.0,,50.32454,"{""line"":133.147537,""signal"":136.065736,""hist"":-2.918199,""status"":""OK""}",,
2026-09-11,KOSPI,005820,원림,14160.0,-6.9034,-2.814,4.1176,-10.8312,-4.9664,-0.979,NEW_LOW,최근 신저점,2026-06-26,2026-09-01,10.9718,-8.8803,-6.9034,-1,0,1,-1,2.727272727272727,-1,5,-6.9034,-11.7081,15.1177,1006,섬유·의류,-0.5434,13.6763,3.7108,3.4645,15074.5,,38.40342,"{""line"":72.838536,""signal"":221.287245,""hist"":-148.448709,""status"":""OK""}",,
2026-09-11,KOSPI,005830,DB손해보험,191700.0,-2.0439,16.535,36.9286,4.6397,46.2243,32.2069,UPTREND,상승중,2026-06-26,2026-09-03,45.7795,-5.5665,-2.0439,-1,1,1,1,2.142857142857143,1,2,3.0091,7.6409,47.9287,1025,보험,8.0629,41.0312,4.8966,5.0648,186480.0,,58.764725,"{""line"":6427.093968,""signal"":7329.71385,""hist"":-902.619882,""status"":""OK""}",,
2026-09-11,KOSPI,005930,삼성전자,259500.0,1.5656,8.3507,-13.2107,36.5789,116.4304,244.1645,BOTTOM_REBOUND,저점반등,2026-07-30,2026-06-18,25.3623,-28.4138,1.5656,1,1,-1,1,1.875,-1,2,-3.7106,-0.5434,-2.2106,1013,전기전자,-6.6081,0.5801,5.5914,4.2082,262800.0,,49.201535,"{""line"":1361.677449,""signal"":315.609824,""hist"":1046.067625,""status"":""OK""}",,
2026-09-11,KOSPI,005935,삼성전자우,193300.0,0.8873,7.2697,-0.1034,39.1649,116.704,217.4056,BOTTOM_REBOUND,저점반등,2026-07-30,2026-06-25,28.0132,-17.7447,0.8873,1,1,-1,1,1.7647058823529411,-1,1,-4.7783,-1.6244,10.8967,1013,전기전자,-7.6891,13.6874,5.6227,4.7276,192365.0,,51.514717,"{""line"":3151.508785,""signal"":2429.77904,""hist"":721.729745,""status"":""OK""}",,
2026-09-11,KOSPI,006110,삼아알미늄,59800.0,-12.9549,16.5692,-0.3333,101.6863,151.2605,160.0,TOP_DECLINE,고점후하락,2026-07-29,2026-08-31,121.4815,-16.3636,-12.9549,-1,1,1,1,2.2222222222222223,-1,2,-11.0119,7.6751,10.6668,1011,금속,18.3007,3.5871,10.3886,10.8423,62467.5,,51.093422,"{""line"":4745.391243,""signal"":5857.746136,""hist"":-1112.354893,""status"":""OK""}",,
2026-09-11,KOSPI,006220,제주은행,10350.0,2.7805,11.1708,-15.6479,-25.1085,-8.0,-28.025,BOTTOM_REBOUND,저점반등,2026-07-30,2026-06-16,25.4545,-16.0584,2.7805,-1,1,-1,-1,2.142857142857143,1,2,3.8114,2.2767,-4.6478,1021,금융,5.2193,-14.1519,4.1131,4.5928,9749.5,,66.226874,"{""line"":198.754252,""signal"":151.725875,""hist"":47.028377,""status"":""OK""}",,
2026-09-11,KOSPI,006260,LS,319500.0,6.6778,-0.9302,-14.4578,26.5347,59.8299,74.9726,EARLY_REBOUND_UNCONFIRMED,초기반등·확인부족,2026-07-30,2026-06-17,42.953,-26.2125,6.6778,1,-1,-1,1,2.2222222222222223,-1,2,-3.1818,-9.8243,-3.4577,1021,금융,-6.8817,-12.9618,7.4444,6.5503,310450.0,,52.487051,"{""line"":643.35445,""signal"":-1904.567257,""hist"":2547.921708,""status"":""OK""}",,
2026-09-11,KOSPI,006360,GS건설,38500.0,12.4088,10.7914,46.9466,80.3279,95.4315,98.1472,UPTREND,상승중,2026-07-29,2026-09-11,73.4234,0.0,12.4088,1,1,1,1,2,1,7,19.3798,1.8973,57.9467,1018,건설,-2.6652,37.0154,6.6376,6.9002,35275.0,,63.333036,"{""line"":1339.700485,""signal"":1270.101195,""hist"":69.599289,""status"":""OK""}",,
2026-09-11,KOSPI,006370,대구백화점,3200.0,-10.6145,-31.1828,-35.6784,-29.9014,-41.9238,-54.2857,NEW_LOW,최근 신저점,2026-09-11,2026-07-16,0.0,-45.4855,-10.6145,-1,-1,-1,-1,1.8181818181818181,-1,3,-7.1118,-40.0769,-24.6783,1016,유통,-33.0417,-22.5159,10.7812,9.0675,3982.75,,30.964856,"{""line"":-359.263752,""signal"":-297.223151,""hist"":-62.040602,""status"":""OK""}",,
2026-09-11,KOSPI,006380,카프로,120.0,-96.7213,-96.7213,-96.7213,-96.7213,-96.7213,-96.7213,NEW_LOW,최근 신저점,2026-09-11,2026-09-07,0.0,-96.7213,-96.7213,-1,-1,-1,-1,4,-1,4,-96.7213,-105.6154,-85.7212,1008,화학,-98.9891,-98.4226,,,2957.8,,0.0,"{""line"":-782.349766,""signal"":-353.551271,""hist"":-428.798495,""status"":""OK""}",,
2026-09-11,KOSPI,006400,삼성SDI,545000.0,-0.5474,18.6072,9.328,36.25,102.2263,167.1569,UPTREND_PULLBACK,상승중 눌림,2026-07-30,2026-08-31,52.0223,-5.5459,-0.5474,-1,1,1,1,1.7142857142857142,-1,2,-5.0523,9.7131,20.3281,1013,전기전자,3.6484,23.1188,5.6464,5.5383,534025.0,,55.505954,"{""line"":22701.651168,""signal"":24050.037754,""hist"":-1348.386587,""status"":""OK""}",,
2026-09-11,KOSPI,006490,프리티,2390.0,166.147,166.147,704.7138,403.1579,277.5671,200.2513,UPTREND,상승중,2026-06-19,2026-09-11,788.4758,0.0,166.147,1,1,1,1,4.285714285714286,1,2,166.147,157.2529,715.7139,1020,통신,164.229,713.8617,,,1019.7,,96.697512,"{""line"":197.604191,""signal"":77.295531,""hist"":120.30866,""status"":""OK""}",,
2026-09-11,KOSPI,006650,대한유화,102200.0,5.6877,13.6819,-15.4673,-23.6173,-29.4199,-14.1898,BOTTOM_REBOUND,저점반등,2026-08-21,2026-06-15,27.2727,-27.7739,5.6877,1,1,-1,-1,2.2222222222222223,-1,2,-7.3436,4.7878,-4.4672,1008,화학,11.4141,-17.1686,6.5609,6.4512,92660.0,,57.00802,"{""line"":2629.369836,""signal"":518.894324,""hist"":2110.475512,""status"":""OK""}",,
2026-09-11,KOSPI,006800,미래에셋증권,33450.0,-2.9028,-5.7746,-34.5401,-53.1513,43.2548,51.3575,SIDEWAYS_OR_UNCONFIRMED,횡보·방향미확인,2026-07-30,2026-06-12,10.7616,-36.0421,-2.9028,1,-1,-1,-1,1.6666666666666667,-1,2,-4.5649,-14.6687,-23.54,1024,증권,-0.5239,-11.0705,5.2997,3.6651,35082.5,,41.370576,"{""line"":-784.291898,""signal"":-889.795204,""hist"":105.503305,""status"":""OK""}",,
2026-09-11,KOSDAQ,007390,네이처셀,25100.0,4.8017,7.265,-22.0497,34.3683,15.1376,3.0801,BOTTOM_REBOUND,저점반등,2026-08-03,2026-06-17,18.6761,-22.0497,4.8017,1,1,-1,1,1.6216216216216217,-1,1,-1.5686,-1.6291,-11.0496,,,,,6.1894,6.3387,24400.0,,54.426364,"{""line"":355.249747,""signal"":290.094138,""hist"":65.155608,""status"":""OK""}",,
2026-09-11,KOSPI,007660,이수페타시스,109900.0,-1.0801,25.1708,-10.7955,-0.0909,-7.802,52.8512,UPTREND_PULLBACK,상승중 눌림,2026-07-30,2026-07-01,85.6419,-17.3062,-1.0801,1,1,-1,-1,2.0689655172413794,-1,1,-2.7434,16.2767,0.2046,1013,전기전자,10.212,2.9953,6.48,6.4639,108135.0,,55.760927,"{""line"":4439.848806,""signal"":4575.649378,""hist"":-135.800572,""status"":""OK""}",,
2026-09-11,KOSPI,007810,코리아써키트,51100.0,0.1961,-13.2428,-63.2902,-3.9474,5.7971,193.5095,EARLY_REBOUND_UNCONFIRMED,초기반등·확인부족,2026-07-30,2026-06-17,32.7273,-63.9887,0.1961,-1,-1,-1,-1,2.0689655172413794,-1,1,-2.8517,-22.1369,-52.2901,1013,전기전자,-28.2016,-49.4994,9.4284,7.7247,56865.0,,39.650664,"{""line"":-2999.31398,""signal"":-2796.02684,""hist"":-203.287139,""status"":""OK""}",,
2026-09-11,KOSPI,008060,대덕,14540.0,0.1377,-5.2151,-25.8919,16.5998,38.873,74.3405,EARLY_REBOUND_UNCONFIRMED,초기반등·확인부족,2026-07-30,2026-06-15,26.5448,-32.3721,0.1377,-1,-1,-1,1,2.0689655172413794,-1,2,-1.5572,-14.1092,-14.8918,1021,금융,-11.1666,-24.3959,6.4755,6.1528,15469.5,,43.726377,"{""line"":-176.980621,""signal"":-26.825532,""hist"":-150.15509,""status"":""OK""}",,
2026-09-11,KOSPI,008770,호텔신라,41100.0,-2.6066,-7.8475,-26.2118,-4.6404,-7.8475,-19.2534,NEW_LOW,최근 신저점,2026-09-11,2026-06-16,0.0,-31.2709,-2.6066,-1,-1,-1,-1,1.8181818181818181,-1,4,-3.6342,-16.7416,-15.2117,1016,유통,-9.7064,-13.0493,3.744,3.0277,42617.5,,39.650193,"{""line"":-881.903294,""signal"":-895.760091,""hist"":13.856797,""status"":""OK""}",,
2026-09-11,KOSPI,008930,한미사이언스,50300.0,-4.7348,8.8745,68.7919,32.1945,38.7586,28.1529,UPTREND_PULLBACK,상승중 눌림,2026-06-26,2026-09-08,92.7203,-12.825,-4.7348,1,1,1,1,2.608695652173913,-1,3,-12.825,-0.0196,79.792,1021,금융,2.923,70.2879,8.0607,8.2881,48652.5,,55.103377,"{""line"":3696.606611,""signal"":3489.913371,""hist"":206.693239,""status"":""OK""}",,
2026-09-11,KOSPI,009150,삼성전기,1400000.0,-0.0714,10.935,-22.4377,244.8276,449.0196,635.2941,UPTREND,상승중,2026-07-30,2026-06-19,59.2719,-38.326,-0.0714,-1,1,-1,1,2,0,0,0.0,2.0409,-11.4376,1013,전기전자,-4.0238,-8.6469,7.1967,5.811,1398900.0,,50.756529,"{""line"":6429.305096,""signal"":2844.466423,""hist"":3584.838674,""status"":""OK""}",,
2026-09-11,KOSPI,009200,무림페이퍼,1487.0,-1.8482,-6.0051,1.71,-23.4689,-26.0199,-27.6399,NEW_LOW,최근 신저점,2026-06-26,2026-08-11,18.3917,-6.0051,-1.8482,-1,-1,-1,-1,2.857142857142857,-1,8,-3.5668,-14.8992,12.7101,1007,종이·목재,-6.7506,-1.5333,2.7532,2.7028,1522.55,,41.859525,"{""line"":-3.023721,""signal"":4.817336,""hist"":-7.841057,""status"":""OK""}",,
2026-09-11,KOSPI,009420,한올바이오파마,50100.0,-8.4095,-11.9508,-5.4717,-12.7178,14.5143,47.3529,NEW_LOW,최근 신저점,2026-07-30,2026-06-29,28.4615,-27.3913,-8.4095,-1,-1,0,-1,2.0689655172413794,-1,4,-9.7297,-20.8449,5.5284,1009,제약,-0.8028,-12.5217,7.7543,6.0761,57735.0,,39.059329,"{""line"":-679.15294,""signal"":462.440178,""hist"":-1141.593117,""status"":""OK""}",,
2026-09-11,KOSPI,009540,HD한국조선해양,365500.0,4.878,-8.1658,-2.6631,-12.9762,-10.1966,-12.2449,EARLY_REBOUND_UNCONFIRMED,초기반등·확인부족,2026-07-14,2026-06-16,11.7737,-16.6477,4.878,1,-1,-1,-1,1.7647058823529411,1,1,3.9829,-17.0599,8.337,1021,금융,-14.1173,-1.1671,4.8843,4.0697,356150.0,,52.771404,"{""line"":-4278.716856,""signal"":-5431.824911,""hist"":1153.108055,""status"":""OK""}",,
2026-09-11,KOSPI,010120,LS ELECTRIC,204500.0,4.7107,0.7389,-10.8932,-71.6759,-55.5435,-35.2848,EARLY_REBOUND_UNCONFIRMED,초기반등·확인부족,2026-07-30,2026-07-01,36.0612,-22.3909,4.7107,1,-1,-1,-1,2.4,-1,2,-3.3097,-8.1552,0.1069,1013,전기전자,-14.2199,2.8976,,5.0341,202575.0,,50.695162,"{""line"":531.952408,""signal"":-105.423351,""hist"":637.375758,""status"":""OK""}",,
2026-09-11,KOSPI,010130,고려아연,1179000.0,-3.5188,-4.0683,1.2887,-29.2317,-10.4103,13.1478,TOP_DECLINE,고점후하락,2026-07-29,2026-08-25,27.7356,-17.3791,-3.5188,-1,1,-1,-1,1.7142857142857142,-1,2,-3.912,-12.9624,12.2888,1011,금속,-2.3368,5.2091,5.5786,4.2622,1259100.0,,45.534844,"{""line"":12481.429484,""signal"":30205.938809,""hist"":-17724.509325,""status"":""OK""}",,
2026-09-11,KOSPI,010140,삼성중공업,21400.0,0.0,-1.8349,-15.415,-25.6944,-11.2033,-2.7273,SIDEWAYS_OR_UNCONFIRMED,횡보·방향미확인,2026-07-29,2026-06-17,10.3093,-26.0794,0.0,1,-1,-1,-1,1.7647058823529411,1,1,0.2342,-10.729,-4.4149,1015,운송장비·부품,4.0467,7.0552,4.2878,3.3952,21027.0,,50.188864,"{""line"":-112.851782,""signal"":-250.669533,""hist"":137.817751,""status"":""OK""}",,
2026-09-11,KOSDAQ,010170,대한광통신,14150.0,8.7625,5.2045,-17.106,97.6257,535.9551,756.0194,BOTTOM_REBOUND,저점반등,2026-07-30,2026-06-16,97.6257,-27.0619,8.7625,1,1,-1,1,2.0689655172413794,-1,2,-5.4144,-3.6896,-6.1059,,,,,8.413,7.3693,13538.5,,55.77914,"{""line"":543.981093,""signal"":484.362899,""hist"":59.618195,""status"":""OK""}",,
2026-09-11,KOSPI,010580,에스엠벡셀,2560.0,50.6769,63.1612,22.488,24.2718,9.1684,63.3695,UPTREND,상승중,2026-07-29,2026-09-11,89.7702,0.0,50.6769,1,1,1,1,2.142857142857143,1,1,0.7874,54.2671,33.4881,1015,운송장비·부품,69.0428,44.9582,7.5116,9.1386,1779.95,,84.662839,"{""line"":209.527601,""signal"":100.361399,""hist"":109.166202,""status"":""OK""}",,
2026-09-11,KOSPI,010950,S-Oil,150000.0,-4.6408,5.9322,32.626,30.8901,80.7229,153.3784,UPTREND_PULLBACK,상승중 눌림,2026-06-26,2026-09-09,60.9442,-9.5841,-4.6408,1,1,1,1,1.935483870967742,-1,2,-9.5841,-2.9619,43.6261,1008,화학,3.6644,30.9247,6.7412,6.437,149510.0,,52.699891,"{""line"":5543.764208,""signal"":5434.139513,""hist"":109.624695,""status"":""OK""}",,
2026-09-11,KOSPI,011070,LG이노텍,543000.0,-3.3808,-1.0929,-49.347,108.046,100.369,223.5995,NEW_LOW,최근 신저점,2026-07-30,2026-06-18,28.066,-57.6773,-3.3808,-1,-1,-1,1,2.3076923076923075,-1,1,-2.5135,-9.987,-38.3469,1013,전기전자,-16.0517,-35.5562,7.693,5.9054,584550.0,,42.631719,"{""line"":-20365.637951,""signal"":-20452.033982,""hist"":86.39603,""status"":""OK""}",,
2026-09-11,KOSPI,011200,HMM,20850.0,-0.9501,-3.6952,10.6101,-0.7143,1.7073,-14.1975,TOP_DECLINE,고점후하락,2026-06-26,2026-08-24,13.8722,-8.7527,-0.9501,-1,-1,0,0,1.8181818181818181,0,0,0.0,-12.5893,21.6102,1019,운송·창고,-5.0377,1.2144,3.7307,3.7739,21477.5,,46.512515,"{""line"":-30.441303,""signal"":103.252582,""hist"":-133.693885,""status"":""OK""}",,
2026-09-11,KOSPI,011780,금호석유화학,124900.0,-0.7943,-1.9623,4.3442,-0.3192,3.4797,14.0639,SIDEWAYS_OR_UNCONFIRMED,횡보·방향미확인,2026-07-29,2026-06-17,13.5455,-7.7548,-0.7943,-1,-1,-1,0,1.7142857142857142,-1,2,-3.9231,-10.8564,15.3443,1008,화학,-4.2301,2.6429,4.6968,4.173,125345.0,,50.031902,"{""line"":1332.885686,""signal"":1505.764881,""hist"":-172.879195,""status"":""OK""}",,
2026-09-11,KOSPI,012160,영흥,2215.0,-5.7447,-8.0913,489.0957,300.5425,352.9652,269.1667,NEW_LOW,최근 신저점,2026-06-26,2026-08-27,489.0957,-16.4151,-5.7447,-1,-1,1,1,1.8928571428571428,-1,4,-7.7083,-16.9854,500.0958,1011,금속,-6.3598,493.0161,,6.699,2466.0,,40.434339,"{""line"":2.791186,""signal"":63.352484,""hist"":-60.561297,""status"":""OK""}",,
2026-09-11,KOSPI,012170,아센디오,2900.0,1.9332,287.7005,177.7778,114.8148,71.4962,28.6031,UPTREND_PULLBACK,상승중 눌림,2026-07-30,2026-08-28,371.5447,-21.7274,1.9332,-1,1,1,1,2.857142857142857,-1,2,-6.1489,278.8064,188.7779,1047,오락·문화,289.9744,194.2348,,,2029.1,,68.903867,"{""line"":592.426225,""signal"":531.658637,""hist"":60.767588,""status"":""OK""}",,
2026-09-11,KOSPI,012280,영화금속,3775.0,-5.9776,370.1121,349.4048,262.6321,297.3684,311.6685,UPTREND_PULLBACK,상승중 눌림,2026-06-22,2026-08-31,439.2857,-9.2548,-5.9776,-1,1,1,1,2.857142857142857,-1,5,-5.9776,361.218,360.4049,1015,운송장비·부품,375.9937,371.875,,,2545.85,,83.947372,"{""line"":818.89454,""signal"":738.826722,""hist"":80.067819,""status"":""OK""}",,
2026-09-11,KOSPI,012330,현대모비스,415500.0,-1.5403,-16.1453,-27.8646,-1.773,11.3941,32.5359,SIDEWAYS_OR_UNCONFIRMED,횡보·방향미확인,2026-09-08,2026-06-16,0.1205,-37.0455,-1.5403,-1,-1,-1,0,1.8181818181818181,0,0,0.0,-25.0394,-16.8645,1015,운송장비·부품,-10.2637,-5.3944,5.3581,4.3268,459650.0,,34.860269,"{""line"":-22049.630857,""signal"":-18385.664728,""hist"":-3663.966129,""status"":""OK""}",,
2026-09-11,KOSPI,012450,한화에어로스페이스,1081000.0,2.4645,-1.5483,6.6075,-23.3333,14.8778,7.8842,EARLY_REBOUND_UNCONFIRMED,초기반등·확인부족,2026-07-29,2026-06-17,33.4568,-11.683,2.4645,-1,-1,-1,-1,2,1,3,5.258,-10.4424,17.6076,1015,운송장비·부품,4.3333,29.0777,5.4427,5.0068,1094200.0,,51.78099,"{""line"":-698.752948,""signal"":6119.765988,""hist"":-6818.518935,""status"":""OK""}",,
2026-09-11,KOSPI,012690,모나리자,1459.0,-2.992,-3.8867,-12.5824,-30.8531,-31.5023,-41.4056,SIDEWAYS_OR_UNCONFIRMED,횡보·방향미확인,2026-07-29,2026-07-16,10.7821,-32.765,-2.992,-1,-1,-1,-1,2.4,-1,5,-2.992,-12.7808,-1.5823,1007,종이·목재,-4.6322,-15.8257,4.8707,3.883,1478.0,,45.926824,"{""line"":-3.47408,""signal"":-3.738147,""hist"":0.264066,""status"":""OK""}",,
2026-09-11,KOSPI,012750,에스원,81400.0,2.7778,6.1278,6.1278,-3.3254,12.8988,1.118,BOTTOM_REBOUND,저점반등,2026-06-26,2026-06-12,18.8321,-8.23,2.7778,-1,1,0,-1,2,1,1,0.7426,-2.7663,17.1279,1026,일반서비스,-1.1071,3.4166,3.8518,3.733,79860.0,,58.172431,"{""line"":1418.946593,""signal"":1596.785088,""hist"":-177.838495,""status"":""OK""}",,
2026-09-11,KOSPI,013360,일성건설,1443.0,-5.6863,-10.4283,20.0499,-15.1176,-35.0,0.0693,NEW_LOW,최근 신저점,2026-07-29,2026-07-06,20.8543,-30.7914,-5.6863,-1,-1,1,-1,2.142857142857143,-1,5,-5.6863,-19.3224,31.05,1018,건설,-23.8849,10.1187,6.4074,5.1489,1499.75,,44.695054,"{""line"":-3.453954,""signal"":5.157372,""hist"":-8.611326,""status"":""OK""}",,
2026-09-11,KOSPI,013570,디와이,4340.0,-0.9132,1.6393,14.0604,-13.2,-7.0664,-2.7996,TOP_DECLINE,고점후하락,2026-07-21,2026-08-14,16.1981,-3.7694,-0.9132,1,1,1,-1,1.935483870967742,-1,4,-1.139,-7.2548,25.0605,1021,금융,-4.3122,15.5564,2.8803,2.8268,4362.75,,53.396334,"{""line"":55.25438,""signal"":72.47502,""hist"":-17.22064,""status"":""OK""}",,
2026-09-11,KOSPI,014160,대영포장,671.0,-2.7536,-8.2079,-17.4662,-33.7611,-37.4651,-44.3615,NEW_LOW,최근 신저점,2026-07-29,2026-06-12,3.3898,-20.0238,-2.7536,-1,-1,-1,-1,2.4,-1,4,-3.0347,-17.102,-6.4661,1007,종이·목재,-8.9534,-20.7095,,6.2839,708.7,,40.678782,"{""line"":-10.815319,""signal"":-7.751157,""hist"":-3.064163,""status"":""OK""}",,
2026-09-11,KOSPI,014990,인디에프,4155.0,-4.7018,123.748,765.625,415.5087,377.5862,276.6999,UPTREND_PULLBACK,상승중 눌림,2026-06-25,2026-09-07,765.625,-5.889,-4.7018,1,1,1,1,2.25,-1,1,-0.479,114.8539,776.6251,1006,섬유·의류,126.0186,775.1837,,14.5994,3515.0,,71.755992,"{""line"":577.501718,""signal"":557.736704,""hist"":19.765014,""status"":""OK""}",,
2026-09-11,KOSPI,017670,SK텔레콤,90900.0,-1.7297,5.6977,-9.1,16.6881,69.9065,64.9728,SIDEWAYS_OR_UNCONFIRMED,횡보·방향미확인,2026-07-30,2026-06-15,16.2404,-13.7571,-1.7297,-1,1,-1,1,2.5,1,1,0.5531,-3.1964,1.9001,1020,통신,3.7797,0.0479,5.2435,4.6709,95805.0,,46.092861,"{""line"":-338.30107,""signal"":498.397445,""hist"":-836.698514,""status"":""OK""}",,
2026-09-11,KOSPI,018260,삼성에스디에스,222500.0,-6.5126,-6.1181,-3.0501,36.0856,29.7376,33.1538,NEW_LOW,최근 신저점,2026-07-20,2026-09-01,19.7524,-9.1837,-6.5126,-1,-1,-1,1,1.7142857142857142,-1,1,-1.9824,-15.0122,7.95,1046,IT 서비스,1.8485,10.9038,5.4308,4.5185,232375.0,,46.717298,"{""line"":2117.438781,""signal"":4433.581846,""hist"":-2316.143065,""status"":""OK""}",,
2026-09-11,KOSPI,019680,대교,1819.0,81.9,58.1739,59.9824,16.3788,-4.0612,-19.8678,UPTREND_PULLBACK,상승중 눌림,2026-06-26,2026-09-10,115.0118,-2.9349,81.9,1,1,1,-1,3.1578947368421053,-1,1,-2.9349,49.2798,70.9825,1026,일반서비스,50.939,57.2712,,,1084.65,,87.767337,"{""line"":121.560926,""signal"":38.669349,""hist"":82.891577,""status"":""OK""}",,
2026-09-11,KOSPI,020000,한섬,15310.0,-1.2258,-5.4355,-31.036,-35.9414,-4.3125,0.0,NEW_LOW,최근 신저점,2026-09-11,2026-07-07,0.0,-38.1414,-1.2258,-1,-1,-1,-1,1.8181818181818181,-1,3,-1.4166,-14.3296,-20.0359,1006,섬유·의류,-3.1649,-21.4773,3.5582,2.6963,15620.5,,33.678143,"{""line"":-688.854088,""signal"":-844.509035,""hist"":155.654948,""status"":""OK""}",,
2026-09-11,KOSPI,020120,키다리스튜디오,8100.0,12.5,124.6879,149.2308,142.1525,138.5862,105.845,UPTREND_PULLBACK,상승중 눌림,2026-06-23,2026-09-10,183.7128,-3.5714,12.5,1,1,1,1,1.935483870967742,-1,1,-3.5714,115.7938,160.2309,1046,IT 서비스,132.6545,163.1847,7.9166,10.6426,6016.75,,70.539407,"{""line"":1058.824893,""signal"":885.691217,""hist"":173.133675,""status"":""OK""}",,
2026-09-11,KOSPI,020560,아시아나항공,7700.0,-4.703,8.1461,12.9032,10.4735,-2.0356,-19.4561,UPTREND_PULLBACK,상승중 눌림,2026-07-29,2026-09-07,15.4423,-5.0555,-4.703,1,1,1,1,1.8181818181818181,-1,4,-5.0555,-0.748,23.9033,1019,운송·창고,6.8036,3.5075,3.7687,3.6046,7511.0,,55.417595,"{""line"":207.918643,""signal"":186.475382,""hist"":21.44326,""status"":""OK""}",,
2026-09-11,KOSPI,021240,코웨이,95200.0,-4.2254,-2.459,3.4783,28.475,9.5512,-4.8951,TOP_DECLINE,고점후하락,2026-07-09,2026-08-28,12.0,-5.1793,-4.2254,-1,1,1,1,1.8181818181818181,-1,3,-4.6092,-11.3531,14.4784,1026,일반서비스,-9.6939,0.7671,3.9924,3.5462,97505.0,,46.448713,"{""line"":683.995542,""signal"":1143.63016,""hist"":-459.634618,""status"":""OK""}",,
2026-09-11,KOSPI,022100,포스코DX,22150.0,2.3095,4.4811,-18.2657,-32.0552,-22.9565,-3.2751,BOTTOM_REBOUND,저점반등,2026-07-30,2026-06-15,28.4058,-22.6876,2.3095,1,1,-1,-1,1.7647058823529411,0,0,0.0,-4.413,-7.2656,1026,일반서비스,-2.7538,-20.9769,4.6409,4.4877,21182.0,,57.340326,"{""line"":355.356439,""signal"":236.948576,""hist"":118.407863,""status"":""OK""}",,
2026-09-11,KOSPI,023960,에쓰씨엔지니어링,1040.0,1.069,5.9063,10.1695,-25.2336,-20.0,-11.414,BOTTOM_REBOUND,저점반등,2026-07-30,2026-06-19,17.1171,-5.0228,1.069,1,1,1,-1,2.269230769230769,-1,3,-2.0716,-2.9878,21.1696,1018,건설,-7.5503,0.2383,4.0658,3.7695,1022.35,,56.042825,"{""line"":15.807301,""signal"":12.755721,""hist"":3.051581,""status"":""OK""}",,
2026-09-11,KOSPI,024720,콜마홀딩스,9440.0,-5.2209,-5.6,15.2625,1.7241,-0.7361,-28.8621,NEW_LOW,최근 신저점,2026-06-26,2026-08-12,28.9617,-11.4447,-5.2209,-1,-1,1,1,2.2222222222222223,-1,10,-10.3514,-14.4941,26.2626,1021,금융,-11.5515,16.7585,4.1462,3.4883,9974.0,,43.682007,"{""line"":28.388453,""signal"":167.928998,""hist"":-139.540545,""status"":""OK""}",,
2026-09-11,KOSPI,025860,남해화학,6160.0,-3.1447,4.0541,-1.1236,-23.5732,-7.5075,-11.3669,SIDEWAYS_OR_UNCONFIRMED,횡보·방향미확인,2026-07-30,2026-06-17,15.3558,-5.6662,-3.1447,-1,1,-1,-1,1.935483870967742,-1,1,-1.2821,-4.84,9.8765,1008,화학,1.7863,-2.8249,4.0256,4.4963,6161.5,,51.839902,"{""line"":98.135707,""signal"":111.40899,""hist"":-13.273282,""status"":""OK""}",,
2026-09-11,KOSPI,028050,삼성E&A,51000.0,11.2323,4.1879,11.9649,60.3774,112.0582,79.5775,BOTTOM_REBOUND,저점반등,2026-07-20,2026-06-16,30.102,-10.0529,11.2323,1,1,-1,1,2,1,1,1.1905,-4.7062,22.965,1026,일반서비스,-3.047,9.2537,5.2756,5.1109,47752.5,,59.231903,"{""line"":838.216158,""signal"":433.084952,""hist"":405.131206,""status"":""OK""}",,
2026-09-11,KOSPI,028260,삼성물산,367000.0,0.0,6.5312,-10.4878,29.4533,53.2359,100.5464,SIDEWAYS_OR_UNCONFIRMED,횡보·방향미확인,2026-07-29,2026-06-22,28.5464,-29.4231,0.0,1,1,-1,1,1.935483870967742,-1,1,-3.2938,-2.3629,0.5123,1016,유통,4.6723,2.6747,6.3026,5.2983,374575.0,,48.594745,"{""line"":3327.874305,""signal"":3518.999422,""hist"":-191.125117,""status"":""OK""}",,
2026-09-11,KOSPI,028670,팬오션,6030.0,1.1745,4.3253,20.7207,19.17,56.6234,44.7779,UPTREND,상승중,2026-06-26,2026-08-25,31.6594,-5.4859,1.1745,1,1,1,1,1.7647058823529411,1,1,1.005,-4.5688,31.7208,1019,운송·창고,2.9828,11.325,5.6743,5.7955,5900.5,,56.084935,"{""line"":117.806412,""signal"":118.258476,""hist"":-0.452064,""status"":""OK""}",,
2026-09-11,KOSPI,029530,신도리코,39050.0,-2.375,-4.7561,-8.3333,-29.6396,-19.6502,-13.029,NEW_LOW,최근 신저점,2026-07-29,2026-06-16,0.6443,-10.5384,-2.375,-1,-1,-1,-1,1.935483870967742,-1,4,-2.8607,-13.6502,2.6668,1013,전기전자,-19.7149,5.4575,2.7795,2.5189,40612.5,,37.026569,"{""line"":-464.86537,""signal"":-276.065663,""hist"":-188.799707,""status"":""OK""}",,
2026-09-11,KOSPI,029780,삼성카드,45500.0,-1.4085,-3.7037,-3.4995,-23.5294,-18.6047,-13.8258,SIDEWAYS_OR_UNCONFIRMED,횡보·방향미확인,2026-09-02,2026-06-16,0.2203,-14.6341,-1.4085,-1,-1,-1,-1,1.935483870967742,-1,4,-2.4652,-12.5978,7.5006,1021,금융,-9.6552,-2.0035,2.2762,2.0463,46482.5,,42.09931,"{""line"":-409.458727,""signal"":-361.386425,""hist"":-48.072302,""status"":""OK""}",,
2026-09-11,KOSPI,032830,삼성생명,307500.0,3.3613,6.2176,-15.7534,35.7616,95.1142,92.3077,BOTTOM_REBOUND,저점반등,2026-07-30,2026-06-19,16.4773,-38.1288,3.3613,1,1,-1,1,1.7647058823529411,-1,1,-0.6462,-2.6765,-4.7533,1025,보험,-2.2545,-11.6508,6.2301,5.69,303025.0,,50.613287,"{""line"":-557.340666,""signal"":-2523.17284,""hist"":1965.832174,""status"":""OK""}",,
2026-09-11,KOSPI,033240,자화전자,27150.0,-11.2745,-0.1838,-22.4286,-38.8514,5.642,42.0722,NEW_LOW,최근 신저점,2026-07-30,2026-06-15,40.6007,-23.3051,-11.2745,-1,1,-1,-1,1.935483870967742,-1,1,-4.9037,-9.0779,-11.4285,1013,전기전자,-15.1426,-8.6378,7.2786,6.6087,29577.5,,44.45709,"{""line"":203.035122,""signal"":551.747613,""hist"":-348.71249,""status"":""OK""}",,
2026-09-11,KOSPI,033780,KT&G,171800.0,-0.4058,-4.5025,-7.1853,11.1255,20.9008,28.4966,TOP_DECLINE,고점후하락,2026-07-01,2026-08-07,2.8127,-9.0042,-0.4058,-1,-1,-1,1,2.142857142857143,1,2,2.019,-13.3966,3.8148,1005,음식료·담배,-2.2718,-5.8763,2.6676,2.0992,173520.0,,45.061173,"{""line"":-1962.585241,""signal"":-1554.92523,""hist"":-407.660012,""status"":""OK""}",,
2026-09-11,KOSPI,034020,두산에너빌리티,90800.0,14.6465,16.5597,2.4831,-10.099,20.5843,48.8525,BOTTOM_REBOUND,저점반등,2026-07-30,2026-06-16,50.8306,-12.1007,14.6465,1,1,-1,-1,2.3076923076923075,1,1,1.0011,7.6656,13.4832,1012,기계·장비,7.0381,9.6459,5.4297,5.465,82410.0,,61.877743,"{""line"":3260.000331,""signal"":2186.670417,""hist"":1073.329914,""status"":""OK""}",,
2026-09-11,KOSPI,034730,SK,585000.0,2.0942,11.6412,1.7391,62.726,128.0702,162.9213,BOTTOM_REBOUND,저점반등,2026-07-30,2026-06-25,24.8666,-31.8182,2.0942,1,1,-1,1,1.8181818181818181,-1,1,-4.4118,2.7471,12.7392,1021,금융,5.6897,3.2351,6.5578,5.313,572250.0,,51.878465,"{""line"":7182.862083,""signal"":830.955085,""hist"":6351.906998,""status"":""OK""}",,
2026-09-11,KOSPI,035420,NAVER,206500.0,-3.2787,-3.5047,-7.8125,-6.982,-14.8454,-12.5,NEW_LOW,최근 신저점,2026-07-14,2026-06-15,12.7183,-16.7339,-3.2787,-1,-1,-1,-1,2.0689655172413794,-1,4,-5.2752,-12.3988,3.1876,1046,IT 서비스,4.4619,6.1414,4.5471,3.8607,215725.0,,44.230106,"{""line"":-1037.657302,""signal"":399.166386,""hist"":-1436.823688,""status"":""OK""}",,
2026-09-11,KOSPI,035720,카카오,34500.0,-4.6961,-15.2334,-12.2137,-32.22,-42.5957,-47.3282,NEW_LOW,최근 신저점,2026-06-26,2026-06-12,4.0724,-16.8675,-4.6961,-1,-1,-1,-1,1.935483870967742,-1,4,-5.6088,-24.1275,-1.2136,1046,IT 서비스,-7.2668,1.7402,4.213,4.0998,36365.0,,39.13273,"{""line"":-644.017338,""signal"":-438.548736,""hist"":-205.468603,""status"":""OK""}",,
2026-09-11,KOSPI,036570,NC,205500.0,-7.4324,-19.5695,-20.9615,-2.1429,1.9851,-6.5909,NEW_LOW,최근 신저점,2026-09-11,2026-06-19,0.0,-25.8123,-7.4324,-1,-1,-1,-1,1.935483870967742,-1,4,-7.8475,-28.4636,-9.9614,1046,IT 서비스,-11.6029,-7.0076,4.6324,3.7087,221700.0,,33.299011,"{""line"":-6726.283613,""signal"":-5306.078251,""hist"":-1420.205362,""status"":""OK""}",,
2026-09-11,KOSPI,036580,팜스코,2600.0,-0.7634,-5.1095,1.1673,-23.8653,8.5595,-2.6217,TOP_DECLINE,고점후하락,2026-06-26,2026-07-14,16.5919,-11.8644,-0.7634,1,-1,1,-1,1.875,1,1,1.3645,-14.0036,12.1674,1005,음식료·담배,-2.8788,2.4763,4.5422,4.2249,2586.0,,50.403588,"{""line"":9.044547,""signal"":4.377772,""hist"":4.666775,""status"":""OK""}",,
2026-09-11,KOSDAQ,036930,주성엔지니어링,209000.0,17.2182,28.6946,-14.8676,211.9403,654.5126,629.4939,BOTTOM_REBOUND,저점반등,2026-07-30,2026-06-11,112.6144,-14.8676,17.2182,1,1,-1,1,1.8181818181818181,-1,1,-5.4299,19.8005,-3.8675,,,,,8.3772,7.8912,181850.0,,62.976903,"{""line"":11133.333801,""signal"":6868.191981,""hist"":4265.14182,""status"":""OK""}",,
2026-09-11,KOSPI,039490,키움증권,278000.0,2.7726,-7.3333,-18.5944,-38.2222,-3.9724,11.4228,EARLY_REBOUND_UNCONFIRMED,초기반등·확인부족,2026-07-29,2026-06-16,8.3821,-28.7179,2.7726,0,-1,-1,-1,2,1,6,3.5382,-16.2274,-7.5943,1024,증권,-2.0826,4.8752,4.6627,3.8946,275850.0,,47.61242,"{""line"":-5488.733569,""signal"":-7019.726034,""hist"":1530.992465,""status"":""OK""}",,
2026-09-11,KOSDAQ,041190,우리기술투자,5560.0,-10.6109,15.2332,6.1069,-18.1149,-24.4565,-48.8971,TOP_DECLINE,고점후하락,2026-07-30,2026-08-25,41.4758,-18.2353,-10.6109,-1,1,1,-1,1.6216216216216217,-1,2,-5.9222,6.3391,17.107,,,,,8.0145,7.4478,5779.25,,49.743048,"{""line"":223.330191,""signal"":305.09834,""hist"":-81.768148,""status"":""OK""}",,
2026-09-11,KOSPI,042660,한화오션,85600.0,-1.3825,-3.8202,-18.0861,-35.9281,-24.6479,-24.3816,SIDEWAYS_OR_UNCONFIRMED,횡보·방향미확인,2026-07-29,2026-06-17,14.7453,-35.6875,-1.3825,1,-1,-1,-1,1.7647058823529411,1,1,0.117,-12.7143,-7.086,1015,운송장비·부품,2.0614,4.3841,5.2484,3.9261,87335.0,,46.616864,"{""line"":-936.46123,""signal"":-1007.665457,""hist"":71.204227,""status"":""OK""}",,
2026-09-11,KOSPI,042700,한미반도체,231000.0,0.4348,8.4507,-20.6186,-26.08,81.3187,154.1254,BOTTOM_REBOUND,저점반등,2026-07-30,2026-06-12,37.8282,-36.0111,0.4348,1,1,-1,-1,1.8181818181818181,-1,1,-8.6957,-0.4434,-9.6185,1012,기계·장비,-1.0709,-13.4558,7.2552,5.9583,225725.0,,52.207464,"{""line"":6070.00551,""signal"":2986.294829,""hist"":3083.710682,""status"":""OK""}",,
2026-09-11,KOSPI,044380,주연테크,604.0,-40.1388,-26.699,-57.968,69.1877,40.1392,16.8279,NEW_LOW,최근 신저점,2026-09-11,2026-06-12,0.0,-59.6796,-40.1388,-1,-1,-1,1,2.727272727272727,-1,6,-44.3318,-35.5931,-46.9679,1013,전기전자,-41.6578,-44.1772,,11.9442,890.25,,30.291803,"{""line"":-37.919952,""signal"":-2.84168,""hist"":-35.078272,""status"":""OK""}",,
2026-09-11,KOSPI,047040,대우건설,19890.0,18.0415,14.8383,-2.7384,99.8995,420.6806,424.8021,BOTTOM_REBOUND,저점반등,2026-07-30,2026-06-16,77.5893,-27.541,18.0415,1,1,-1,1,2.142857142857143,1,2,2.2622,5.9442,8.2617,1018,건설,1.3817,-12.6696,7.9834,8.4062,17977.5,,59.917901,"{""line"":680.185901,""signal"":438.896116,""hist"":241.289785,""status"":""OK""}",,
2026-09-11,KOSPI,047050,포스코인터내셔널,57700.0,5.4845,2.852,-0.6885,-24.4764,16.3306,14.7117,BOTTOM_REBOUND,저점반등,2026-06-26,2026-06-16,26.3965,-11.6386,5.4845,1,1,-1,-1,2,1,1,0.6981,-6.0421,10.3116,1016,유통,0.9931,12.474,4.5827,4.4597,53895.0,,59.697862,"{""line"":930.165505,""signal"":454.17954,""hist"":475.985965,""status"":""OK""}",,
2026-09-11,KOSPI,047810,한국항공우주,130500.0,3.1621,-3.69,-8.0338,-25.5986,14.0734,31.6852,EARLY_REBOUND_UNCONFIRMED,초기반등·확인부족,2026-07-29,2026-07-23,11.0638,-20.4753,3.1621,1,-1,-1,-1,2.2222222222222223,-1,1,-1.9534,-12.5841,2.9663,1015,운송장비·부품,2.1916,14.4364,5.3413,4.2074,131670.0,,46.81119,"{""line"":-3149.337251,""signal"":-3699.535403,""hist"":550.198152,""status"":""OK""}",,
2026-09-11,KOSPI,051905,LG생활건강우,103500.0,-1.8957,-8.4071,2.4752,-3.8997,-8.7302,-13.8935,NEW_LOW,최근 신저점,2026-07-20,2026-08-07,14.3646,-12.2881,-1.8957,-1,-1,0,0,2.0689655172413794,-1,3,-1.9886,-17.3012,13.4753,1008,화학,-10.6749,0.7739,3.3011,2.9116,107120.0,,43.094421,"{""line"":-322.985431,""signal"":435.437821,""hist"":-758.423252,""status"":""OK""}",,
2026-09-11,KOSPI,051910,LG화학,273000.0,-3.1915,-0.365,-13.7441,-13.4707,-18.018,-5.8621,SIDEWAYS_OR_UNCONFIRMED,횡보·방향미확인,2026-07-29,2026-06-16,17.4194,-25.7143,-3.1915,-1,1,-1,-1,1.935483870967742,-1,2,-4.2105,-9.2591,-2.744,1008,화학,-2.6328,-15.4454,5.8125,5.3515,273625.0,,49.516048,"{""line"":2509.167027,""signal"":2132.397691,""hist"":376.769336,""status"":""OK""}",,
2026-09-11,KOSPI,052690,한전기술,152000.0,41.2639,52.6104,30.5842,-3.4307,68.8889,69.4537,UPTREND,상승중,2026-07-30,2026-09-11,90.2378,0.0,41.2639,1,1,1,-1,2.4,1,7,43.6673,43.7163,41.5843,1026,일반서비스,45.3755,27.873,6.7432,7.9752,115020.0,,74.678033,"{""line"":10958.809695,""signal"":6544.644845,""hist"":4414.164849,""status"":""OK""}",,
2026-09-11,KOSPI,055550,신한지주,112900.0,2.3572,8.0383,16.5119,23.9297,46.814,62.9149,UPTREND,상승중,2026-06-26,2026-09-03,23.2533,-1.3974,2.3572,1,1,1,1,1.6666666666666667,1,1,2.3572,-0.8558,27.512,1021,금융,2.0868,18.0079,3.5706,3.255,108800.0,,58.176043,"{""line"":2061.467184,""signal"":1901.885463,""hist"":159.581721,""status"":""OK""}",,
2026-09-11,KOSPI,058730,다스코,3315.0,-8.5517,-9.1781,29.4922,3.9185,-0.8969,10.8696,TOP_DECLINE,고점후하락,2026-06-11,2026-07-15,29.4922,-36.4943,-8.5517,-1,-1,1,0,2.0689655172413794,-1,4,-10.0407,-18.0722,40.4923,1011,금속,-7.4466,33.4126,10.4092,8.995,3481.5,,44.636587,"{""line"":-21.556279,""signal"":-10.508115,""hist"":-11.048164,""status"":""OK""}",,
2026-09-11,KOSPI,058860,KTis,2555.0,-1.1605,-0.1953,-1.1605,-9.0747,-5.8932,-10.3509,SIDEWAYS_OR_UNCONFIRMED,횡보·방향미확인,2026-06-26,2026-06-16,6.4583,-5.0186,-1.1605,-1,1,-1,-1,2.0689655172413794,-1,3,-0.969,-9.0894,9.8396,1046,IT 서비스,7.7713,12.7934,1.5249,1.5144,2561.75,,48.78865,"{""line"":8.082762,""signal"":10.490171,""hist"":-2.407409,""status"":""OK""}",,
2026-09-11,KOSDAQ,060250,NHN KCP,14490.0,-8.1167,-1.6293,-0.2753,-26.222,-2.8169,2.766,TOP_DECLINE,고점후하락,2026-07-29,2026-08-28,28.9146,-10.2786,-8.1167,-1,1,-1,-1,1.935483870967742,-1,2,-2.7517,-10.5234,10.7248,,,,,6.0653,5.5438,14930.5,,49.304145,"{""line"":287.353958,""signal"":415.044655,""hist"":-127.690698,""status"":""OK""}",,
2026-09-11,KOSDAQ,060370,LS마린솔루션,32300.0,4.5307,1.4129,11.1876,14.7425,7.8464,35.4298,TOP_DECLINE,고점후하락,2026-06-26,2026-08-27,40.1302,-6.2409,4.5307,1,-1,1,0,2.608695652173913,-1,1,-0.3086,-7.4812,22.1877,,,,,5.5876,4.9844,31855.0,,54.343955,"{""line"":390.392416,""signal"":508.880879,""hist"":-118.488463,""status"":""OK""}",,
2026-09-11,KOSPI,062040,산일전기,198600.0,3.5994,7.5257,-6.7606,37.5346,52.6518,68.3051,BOTTOM_REBOUND,저점반등,2026-07-30,2026-07-01,64.404,-24.0535,3.5994,1,1,-1,1,2.727272727272727,1,1,1.2232,-1.3684,4.2395,1013,전기전자,-7.4331,7.0302,6.7026,6.0653,187780.0,,55.537612,"{""line"":6233.015747,""signal"":4694.192212,""hist"":1538.823536,""status"":""OK""}",,
2026-09-11,KOSPI,063160,종근당바이오,13020.0,-4.5455,-10.5769,-16.4849,-33.2308,-36.0197,-44.7134,NEW_LOW,최근 신저점,2026-07-29,2026-06-17,6.7213,-19.4805,-4.5455,-1,-1,-1,-1,1.935483870967742,-1,5,-4.5455,-19.471,-5.4848,1009,제약,0.5711,-23.5349,3.535,3.1292,13760.5,,36.3077,"{""line"":-153.320543,""signal"":-45.044092,""hist"":-108.276451,""status"":""OK""}",,
2026-09-11,KOSDAQ,064260,다날,4980.0,-4.2308,1.2195,-0.7968,-33.6,-30.8333,-45.8696,TOP_DECLINE,고점후하락,2026-07-20,2026-08-28,27.6923,-10.2703,-4.2308,-1,1,-1,-1,1.8181818181818181,-1,2,-2.7344,-7.6746,10.2033,,,,,6.5208,6.0227,5123.0,,49.365001,"{""line"":62.699184,""signal"":109.54529,""hist"":-46.846106,""status"":""OK""}",,
2026-09-11,KOSPI,064350,현대로템,124100.0,-2.1293,-12.2348,-34.1295,-38.867,-33.9542,-42.2791,SIDEWAYS_OR_UNCONFIRMED,횡보·방향미확인,2026-07-29,2026-06-16,3.3306,-45.2097,-2.1293,-1,-1,-1,-1,2,1,1,0.1614,-21.1289,-23.1294,1015,운송장비·부품,-6.3532,-11.6593,5.7115,4.3135,132290.0,,37.38342,"{""line"":-6290.428451,""signal"":-6380.92883,""hist"":90.500379,""status"":""OK""}",,
2026-09-11,KOSPI,064400,LG씨엔에스,71900.0,-2.969,-4.8942,-22.6882,9.2705,17.101,-0.5533,SIDEWAYS_OR_UNCONFIRMED,횡보·방향미확인,2026-07-30,2026-06-15,23.5395,-25.5694,-2.969,-1,-1,-1,1,2.2222222222222223,-1,1,-0.5533,-13.7883,-11.6881,1046,IT 서비스,3.0724,-8.7343,5.2699,4.9557,73995.0,,46.984108,"{""line"":147.222075,""signal"":536.628325,""hist"":-389.40625,""status"":""OK""}",,
2026-09-11,KOSPI,066570,LG전자,199500.0,-0.9926,9.7964,-11.7257,69.2112,117.0838,159.0909,SIDEWAYS_OR_UNCONFIRMED,횡보·방향미확인,2026-07-30,2026-06-15,34.7973,-18.0698,-0.9926,1,1,-1,1,1.7142857142857142,-1,1,-3.3898,0.9023,-0.7256,1013,전기전자,-5.1624,2.0651,5.8889,4.9717,203815.0,,50.076031,"{""line"":3777.799212,""signal"":4458.04689,""hist"":-680.247677,""status"":""OK""}",,
2026-09-11,KOSPI,066575,LG전자우,71100.0,-4.9465,6.1194,-8.0207,29.7445,46.5979,86.1257,SIDEWAYS_OR_UNCONFIRMED,횡보·방향미확인,2026-07-29,2026-06-15,34.1509,-18.3697,-4.9465,-1,1,-1,1,1.935483870967742,-1,4,-9.1954,-2.7747,2.9794,1013,전기전자,-8.8394,5.7701,4.7624,3.9362,72890.0,,48.790347,"{""line"":1563.854767,""signal"":1865.589698,""hist"":-301.734931,""status"":""OK""}",,
2026-09-11,KOSDAQ,067310,하나마이크론,34400.0,-1.2912,-1.7143,-28.2586,6.8323,33.5922,94.0214,NEW_LOW,최근 신저점,2026-07-30,2026-06-22,38.9899,-39.4366,-1.2912,1,1,-1,1,1.6666666666666667,-1,1,-4.4444,-10.6084,-17.2585,,,,,8.0459,6.9085,36030.0,,46.285237,"{""line"":-112.166294,""signal"":-76.961384,""hist"":-35.20491,""status"":""OK""}",,
2026-09-11,KOSPI,068270,셀트리온,178200.0,-5.2632,-15.3444,7.2202,-14.7368,-1.547,3.7857,NEW_LOW,최근 신저점,2026-06-23,2026-08-11,11.028,-15.3444,-5.2632,-1,-1,1,-1,2.4,-1,2,-2.6761,-24.2385,18.2203,1009,제약,-4.1964,0.1702,3.0867,2.561,189295.0,,35.210767,"{""line"":-1947.659491,""signal"":-185.869391,""hist"":-1761.7901,""status"":""OK""}",,
2026-09-11,KOSPI,069620,대웅제약,111900.0,-3.6176,-13.9892,-6.9825,-33.3532,-35.0551,-21.8575,NEW_LOW,최근 신저점,2026-06-26,2026-07-08,4.287,-17.0497,-3.6176,-1,-1,-1,-1,1.935483870967742,-1,4,-4.0309,-22.8833,4.0176,1009,제약,-2.8412,-14.0325,4.3991,3.5805,120540.0,,37.177974,"{""line"":-2743.701141,""signal"":-1510.966463,""hist"":-1232.734678,""status"":""OK""}",,
2026-09-11,KOSPI,071050,한국금융지주,193600.0,2.5424,-2.2716,-15.8261,-15.6427,19.7279,29.0667,EARLY_REBOUND_UNCONFIRMED,초기반등·확인부족,2026-07-30,2026-06-16,6.5493,-23.3267,2.5424,1,-1,-1,-1,1.7647058823529411,1,7,4.4229,-11.1657,-4.826,1021,금융,-8.2231,-14.3301,4.4659,3.5958,190295.0,,48.818298,"{""line"":-2773.775547,""signal"":-4335.421165,""hist"":1561.645619,""status"":""OK""}",,
2026-09-11,KOSPI,071840,롯데하이마트,6240.0,-1.2658,-4.878,-5.3111,-20.3065,-17.351,-25.8026,NEW_LOW,최근 신저점,2026-06-26,2026-06-16,5.7627,-8.5044,-1.2658,-1,-1,-1,-1,2.0689655172413794,-1,3,-1.2658,-13.7721,5.689,1016,유통,-6.7369,7.8514,2.3194,2.2534,6361.5,,42.13456,"{""line"":-27.060068,""signal"":-10.915937,""hist"":-16.144131,""status"":""OK""}",,
2026-09-11,KOSPI,072130,유엔젤,4950.0,4.5407,1.227,-2.9412,0.8147,8.6718,-9.1743,BOTTOM_REBOUND,저점반등,2026-07-29,2026-07-10,7.7258,-9.5064,4.5407,1,1,-1,0,2.0689655172413794,-1,2,-5.8935,-7.6671,8.0589,1046,IT 서비스,9.1936,11.0127,3.6663,3.3516,4884.0,,51.824755,"{""line"":28.50872,""signal"":3.348541,""hist"":25.160178,""status"":""OK""}",,
2026-09-11,KOSPI,073240,금호타이어,7370.0,2.6462,-1.9947,63.0531,25.1273,25.7679,47.992,TOP_DECLINE,고점후하락,2026-06-23,2026-08-14,71.1963,-9.4595,2.6462,1,-1,1,1,2.0689655172413794,-1,1,-4.0365,-10.8888,74.0532,1008,화학,-4.2625,61.3518,6.7445,5.8006,7346.0,,53.132061,"{""line"":119.717014,""signal"":150.699702,""hist"":-30.982688,""status"":""OK""}",,
2026-09-11,KOSDAQ,078340,컴투스,35000.0,8.0247,3.0928,38.6139,8.5271,20.4819,-13.8991,TOP_DECLINE,고점후하락,2026-06-26,2026-08-28,54.185,-2.7778,8.0247,-1,-1,1,0,2.3076923076923075,1,3,13.8211,-5.8013,49.614,,,,,6.3685,6.9323,32965.0,,61.044706,"{""line"":834.864821,""signal"":981.587943,""hist"":-146.723122,""status"":""OK""}",,
2026-09-11,KOSPI,078520,에이블씨엔씨,10100.0,-10.302,-24.1742,-7.1691,-3.071,-3.5339,-22.3077,NEW_LOW,최근 신저점,2026-06-26,2026-08-12,9.7826,-24.7952,-10.302,-1,-1,-1,-1,1.935483870967742,-1,5,-10.302,-33.0683,3.831,1008,화학,-26.442,-8.8704,6.2365,5.1675,11439.0,,37.944426,"{""line"":-230.651584,""signal"":22.066815,""hist"":-252.718398,""status"":""OK""}",,
2026-09-11,KOSPI,079550,LIG디펜스앤에어로스페이스,678000.0,3.9877,-10.7895,-11.2565,-8.6253,61.0451,34.5238,EARLY_REBOUND_UNCONFIRMED,초기반등·확인부족,2026-07-29,2026-06-16,9.3548,-32.3353,3.9877,0,-1,-1,-1,1.8181818181818181,-1,1,-0.2941,-19.6836,-0.2564,1011,금속,-9.058,-7.3361,6.6034,5.3481,710800.0,,44.82077,"{""line"":-21803.78936,""signal"":-19171.70157,""hist"":-2632.08779,""status"":""OK""}",,
2026-09-11,KOSPI,081000,일진다이아,9920.0,3.6573,8.2969,-2.7451,-29.6953,-17.4022,-19.4151,BOTTOM_REBOUND,저점반등,2026-07-29,2026-06-15,28.0,-8.2331,3.6573,1,1,-1,-1,2.4,-1,2,-1.9763,-0.5972,8.255,1008,화학,6.0291,-4.4464,4.0225,3.5753,9656.0,,57.026328,"{""line"":186.347632,""signal"":152.502369,""hist"":33.845263,""status"":""OK""}",,
2026-09-11,KOSPI,082740,한화엔진,50300.0,10.307,12.528,0.3992,1.8219,17.1129,12.654,BOTTOM_REBOUND,저점반등,2026-08-03,2026-06-17,32.3684,-23.2061,10.307,1,1,-1,0,1.7647058823529411,1,1,4.0331,3.6339,11.3993,1012,기계·장비,3.0064,7.562,6.9179,6.0167,47025.0,,58.891572,"{""line"":512.181292,""signal"":128.910295,""hist"":383.270997,""status"":""OK""}",,
2026-09-11,KOSPI,085620,미래에셋생명,19840.0,-0.4016,14.0886,-32.402,27.5064,111.5139,150.1892,SIDEWAYS_OR_UNCONFIRMED,횡보·방향미확인,2026-07-29,2026-06-19,40.4105,-42.576,-0.4016,-1,1,-1,1,1.935483870967742,1,2,2.9046,5.1945,-21.4019,1025,보험,5.6165,-28.2994,9.2371,9.5218,22699.5,,46.231852,"{""line"":-89.972987,""signal"":555.929037,""hist"":-645.902023,""status"":""OK""}",,
2026-09-11,KOSPI,086280,현대글로비스,208500.0,1.2136,3.4739,6.4862,-11.8393,15.4485,10.8453,BOTTOM_REBOUND,저점반등,2026-06-26,2026-06-19,15.5765,-6.2921,1.2136,1,1,-1,-1,2,1,2,2.963,-5.4202,17.4863,1019,운송·창고,2.1314,-2.9095,4.5295,4.3762,204540.0,,54.179996,"{""line"":1153.577943,""signal"":1155.317138,""hist"":-1.739195,""status"":""OK""}",,
2026-09-11,KOSDAQ,086450,동국제약,19850.0,-8.1019,-7.4592,4.8046,7.2393,15.7434,2.8497,TOP_DECLINE,고점후하락,2026-06-26,2026-08-31,16.559,-10.7865,-8.1019,-1,-1,1,1,2,1,1,1.1723,-16.3533,15.8047,,,,,6.2547,6.2484,19946.5,,49.224935,"{""line"":295.188324,""signal"":444.579125,""hist"":-149.390801,""status"":""OK""}",,
2026-09-11,KOSDAQ,086520,에코프로,84400.0,2.4272,-6.5338,-22.4265,-47.7723,-7.0485,71.8941,EARLY_REBOUND_UNCONFIRMED,초기반등·확인부족,2026-07-29,2026-06-15,25.2226,-31.9355,2.4272,-1,-1,-1,-1,1.8181818181818181,-1,1,-2.8769,-15.4279,-11.4264,,,,,6.1486,5.0087,86265.0,,47.982901,"{""line"":-696.774351,""signal"":-621.69686,""hist"":-75.077491,""status"":""OK""}",,
2026-09-11,KOSPI,086790,하나금융지주,137800.0,2.6061,7.9092,20.0348,21.5168,46.44,55.3551,UPTREND,상승중,2026-06-26,2026-09-03,25.6153,-1.2186,2.6061,0,1,1,1,2.5,1,2,2.8358,-0.9849,31.0349,1021,금융,1.9577,21.5308,3.7171,3.5612,133545.0,,56.887945,"{""line"":2133.628534,""signal"":2094.303312,""hist"":39.325221,""status"":""OK""}",,
2026-09-11,KOSPI,088350,한화생명,5990.0,4.3554,26.7725,26.1053,17.451,84.0246,78.5395,UPTREND,상승중,2026-07-29,2026-09-03,47.1744,-1.964,4.3554,1,1,1,1,1.7647058823529411,1,2,4.9037,17.8784,37.1054,1025,보험,18.3004,30.2079,5.5011,5.9918,5691.0,,60.92256,"{""line"":283.776197,""signal"":292.35967,""hist"":-8.583473,""status"":""OK""}",,
2026-09-11,KOSPI,088980,맥쿼리인프라,9790.0,-1.3105,-1.9038,-10.43,-13.3628,-12.9778,-15.5306,SIDEWAYS_OR_UNCONFIRMED,횡보·방향미확인,2026-08-19,2026-06-12,3.8176,-11.5628,-1.3105,-1,0,-1,-1,2.0689655172413794,-1,3,-1.5091,-10.7979,0.5701,1021,금융,-7.8553,-8.934,1.4028,1.5049,9797.5,,44.81665,"{""line"":-20.512443,""signal"":-33.797775,""hist"":13.285333,""status"":""OK""}",,
2026-09-11,KOSPI,090430,아모레퍼시픽,140500.0,-1.9539,2.3307,25.6708,7.3338,17.5732,15.0696,TOP_DECLINE,고점후하락,2026-06-23,2026-08-28,46.0499,-6.7065,-1.9539,-1,1,1,1,1.7647058823529411,1,2,1.5907,-6.5634,36.6709,1008,화학,0.0629,23.9695,4.1859,3.8219,140750.0,,54.180088,"{""line"":2484.537654,""signal"":3707.371192,""hist"":-1222.833539,""status"":""OK""}",,
2026-09-11,KOSPI,090460,비에이치,19020.0,-12.9519,4.9669,-25.2652,8.0068,18.1366,6.7939,UPTREND_PULLBACK,상승중 눌림,2026-07-30,2026-06-16,45.1908,-34.6392,-12.9519,-1,1,-1,1,2.2222222222222223,-1,2,-4.6138,-3.9272,-14.2651,1013,전기전자,-9.9919,-11.4744,8.1964,7.0085,18568.5,,51.328607,"{""line"":660.017847,""signal"":558.978344,""hist"":101.039503,""status"":""OK""}",,
2026-09-11,KOSPI,091810,트리니티항공,2720.0,-2.8571,334.5048,267.5676,144.1652,87.5862,40.0618,UPTREND_PULLBACK,상승중 눌림,2026-07-29,2026-08-31,413.2075,-9.182,-2.8571,-1,1,1,1,2.608695652173913,-1,3,-1.8051,325.6107,278.5677,1019,운송·창고,333.1623,258.1719,,,1708.25,,85.37157,"{""line"":581.292972,""signal"":486.833229,""hist"":94.459743,""status"":""OK""}",,
2026-09-11,KOSPI,092790,넥스틸,14380.0,10.7005,8.5283,3.8267,23.1164,57.8485,8.6924,BOTTOM_REBOUND,저점반등,2026-07-30,2026-06-18,41.1187,-16.8305,10.7005,1,1,-1,1,1.935483870967742,1,3,9.5202,-0.3658,14.8268,1011,금속,10.2598,7.7471,6.279,5.9282,12679.5,,71.358643,"{""line"":482.617844,""signal"":298.614043,""hist"":184.003801,""status"":""OK""}",,
2026-09-11,KOSDAQ,095610,테스,143500.0,-2.248,-1.7123,-15.8851,115.7895,222.11,281.1421,UPTREND_PULLBACK,상승중 눌림,2026-07-30,2026-07-14,43.5,-34.023,-2.248,1,1,-1,1,1.875,-1,1,-7.3596,-10.6064,-4.885,,,,,9.6744,7.9001,142850.0,,49.406493,"{""line"":1327.614794,""signal"":-246.95309,""hist"":1574.567884,""status"":""OK""}",,
2026-09-11,KOSDAQ,096530,씨젠,31550.0,-1.0972,-3.0722,12.0782,42.4379,32.563,21.3462,TOP_DECLINE,고점후하락,2026-07-30,2026-08-28,25.4473,-11.5007,-1.0972,-1,0,1,1,1.5789473684210527,1,2,3.9539,-11.9663,23.0783,,,,,4.9403,4.8664,31797.5,,51.956808,"{""line"":459.434503,""signal"":734.748304,""hist"":-275.313801,""status"":""OK""}",,
2026-09-11,KOSPI,096770,SK이노베이션,144800.0,4.6999,16.6801,40.3101,21.1715,43.083,34.1983,UPTREND_PULLBACK,상승중 눌림,2026-06-26,2026-09-09,61.7877,-5.6678,4.6999,1,1,1,1,1.935483870967742,-1,2,-5.6678,7.786,51.3102,1008,화학,14.4123,38.6088,6.5664,6.6608,131185.0,,61.367835,"{""line"":7676.228435,""signal"":5561.48253,""hist"":2114.745905,""status"":""OK""}",,
2026-09-11,KOSPI,097950,CJ제일제당,179700.0,-2.0174,-4.4149,-7.7042,-9.7438,-13.6058,-25.7438,NEW_LOW,최근 신저점,2026-06-26,2026-08-10,1.2394,-12.5547,-2.0174,-1,-1,-1,-1,1.5384615384615385,-1,3,-1.8033,-13.309,3.2959,1005,음식료·담배,-2.1842,-6.3952,2.5367,2.1466,184540.0,,40.033232,"{""line"":-2482.011844,""signal"":-2042.717514,""hist"":-439.29433,""status"":""OK""}",,
2026-09-11,KOSPI,097955,CJ제일제당 우,120400.0,-0.6601,-2.352,-0.9053,-8.0214,-12.7536,-16.5049,NEW_LOW,최근 신저점,2026-06-26,2026-08-10,2.7304,-5.4203,-0.6601,-1,-1,-1,-1,1.7142857142857142,-1,4,-0.8237,-11.2461,10.0948,1005,음식료·담배,-0.1213,0.4037,1.5799,1.4696,123200.0,,40.130467,"{""line"":-845.563771,""signal"":-443.722751,""hist"":-401.841021,""status"":""OK""}",,
2026-09-11,KOSPI,100250,진양홀딩스,3135.0,-1.2598,3.6364,6.4516,4.3261,-1.4151,-3.2407,SIDEWAYS_OR_UNCONFIRMED,횡보·방향미확인,2026-06-23,2026-08-25,10.7774,-1.5699,-1.2598,-1,1,1,1,2.0689655172413794,-1,4,-1.2598,-5.2577,17.4517,1008,화학,1.3686,4.7503,1.8562,2.109,3160.0,,53.532548,"{""line"":31.021878,""signal"":40.013883,""hist"":-8.992006,""status"":""OK""}",,
2026-09-11,KOSDAQ,100790,미래에셋벤처투자,15960.0,6.5421,-4.8301,-62.0903,-29.8462,28.1928,118.3311,EARLY_REBOUND_UNCONFIRMED,초기반등·확인부족,2026-07-30,2026-06-11,51.567,-62.0903,6.5421,1,-1,-1,-1,2.0689655172413794,-1,2,-5.5062,-13.7242,-51.0902,,,,,8.5462,7.0796,15679.5,,50.545382,"{""line"":-88.34124,""signal"":-304.179466,""hist"":215.838225,""status"":""OK""}",,
2026-09-11,KOSPI,100840,SNT에너지,37800.0,15.5963,32.1678,14.7193,-10.6383,3.2787,-36.7893,UPTREND_PULLBACK,상승중 눌림,2026-07-29,2026-09-10,73.3945,-0.9174,15.5963,1,1,1,-1,1.935483870967742,-1,1,-0.9174,23.2737,25.7194,1012,기계·장비,22.6462,21.8821,6.4717,6.8436,31820.0,,67.141507,"{""line"":2609.70804,""signal"":1874.479747,""hist"":735.228292,""status"":""OK""}",,
2026-09-11,KOSPI,103590,일진전기,71000.0,3.9531,14.8867,-8.7404,-11.1389,30.5147,85.8639,BOTTOM_REBOUND,저점반등,2026-07-30,2026-06-17,55.5312,-20.135,3.9531,1,1,-1,-1,2.3076923076923075,1,1,0.4243,5.9926,2.2597,1013,전기전자,-0.0721,5.0504,6.0613,5.2397,70030.0,,53.859956,"{""line"":1237.942619,""signal"":1190.93339,""hist"":47.00923,""status"":""OK""}",,
2026-09-11,KOSPI,105560,KB금융,177900.0,3.4302,6.7827,17.4257,17.581,42.6624,49.1199,UPTREND,상승중,2026-06-26,2026-07-13,19.1561,-4.4576,3.4302,1,1,1,1,2,1,2,3.4302,-2.1114,28.4258,1021,금융,0.8312,18.9217,3.4327,3.1217,169995.0,,58.568092,"{""line"":1816.614065,""signal"":1131.071188,""hist"":685.542877,""status"":""OK""}",,
2026-09-11,KOSDAQ,108230,톱텍,3310.0,0.1513,3.1153,-4.611,-22.1176,-27.5711,-29.1221,BOTTOM_REBOUND,저점반등,2026-07-30,2026-06-15,20.1452,-7.7994,0.1513,1,1,-1,-1,1.875,1,1,2.1605,-5.7788,6.3891,,,,,6.8346,8.5441,3158.5,,56.622777,"{""line"":68.755391,""signal"":60.793984,""hist"":7.961406,""status"":""OK""}",,
2026-09-11,KOSPI,128940,한미약품,464000.0,-2.0063,12.3487,12.8954,-5.3061,2.6549,56.7568,TOP_DECLINE,고점후하락,2026-07-30,2026-08-24,48.9567,-14.0741,-2.0063,-1,1,1,-1,2.0689655172413794,-1,2,-6.1678,3.4546,23.8955,1009,제약,23.4967,5.8454,6.7183,6.8213,467825.0,,52.15861,"{""line"":18170.618412,""signal"":21801.698291,""hist"":-3631.079879,""status"":""OK""}",,
2026-09-11,KOSPI,130660,한전산업,13570.0,13.0833,15.0,7.5277,-36.4403,30.2303,12.8952,BOTTOM_REBOUND,저점반등,2026-07-30,2026-06-17,47.5,-2.724,13.0833,1,1,-1,-1,1.875,1,1,2.7252,6.1059,18.5278,1026,일반서비스,7.7651,4.8165,6.5197,7.1272,12243.5,,63.962302,"{""line"":483.181852,""signal"":347.663375,""hist"":135.518477,""status"":""OK""}",,
2026-09-11,KOSPI,138930,BNK금융지주,15930.0,3.5088,6.9128,-5.2913,-16.378,0.3781,2.7079,BOTTOM_REBOUND,저점반등,2026-08-20,2026-07-03,11.3986,-15.1757,3.5088,1,1,-1,-1,2.142857142857143,1,2,2.6418,-1.9813,5.7088,1021,금융,0.9613,-3.7953,3.5792,3.1884,15140.0,,56.560841,"{""line"":2.002636,""signal"":-158.857561,""hist"":160.860197,""status"":""OK""}",,
2026-09-11,KOSPI,139480,이마트,73700.0,0.2721,-8.5608,-16.629,-23.2292,-9.3481,-4.1612,EARLY_REBOUND_UNCONFIRMED,초기반등·확인부족,2026-08-21,2026-06-16,2.5035,-19.011,0.2721,1,-1,-1,-1,1.8181818181818181,-1,3,-2.8986,-17.4549,-5.6289,1016,유통,-10.4197,-3.4665,3.0615,2.5098,74175.0,,43.003855,"{""line"":-1212.840557,""signal"":-1505.692191,""hist"":292.851634,""status"":""OK""}",,
2026-09-11,KOSPI,181710,NHN,56400.0,-21.1189,4.059,40.6484,54.0984,94.148,102.1505,NEW_LOW,최근 신저점,2026-06-26,2026-08-21,74.613,-25.0,-21.1189,-1,1,1,1,1.875,-1,1,-3.5897,-4.8351,51.6485,1046,IT 서비스,12.0256,54.6023,9.9831,9.3437,68070.0,,44.696535,"{""line"":2119.940097,""signal"":4783.997709,""hist"":-2664.057611,""status"":""OK""}",,
2026-09-11,KOSPI,195870,해성디에스,50100.0,0.4008,-11.1702,-38.0717,-7.9044,-10.0539,97.2441,EARLY_REBOUND_UNCONFIRMED,초기반등·확인부족,2026-07-30,2026-06-22,31.3237,-41.6764,0.4008,-1,-1,-1,-1,2.4,-1,1,-2.1484,-20.0643,-27.0716,1013,전기전자,-26.129,-24.2809,7.1758,5.9254,53045.0,,42.3631,"{""line"":-1338.924834,""signal"":-1180.5844,""hist"":-158.340434,""status"":""OK""}",,
2026-09-11,KOSPI,207940,삼성바이오로직스,1415000.0,-2.2115,-12.0572,10.0311,-14.6047,-16.5192,36.3198,NEW_LOW,최근 신저점,2026-06-23,2026-08-11,11.1548,-12.0572,-2.2115,-1,-1,1,-1,1.7647058823529411,-1,2,-2.5482,-20.9513,21.0312,1009,제약,-0.9092,2.9811,3.3956,2.7134,1512200.0,,39.086988,"{""line"":-18940.747812,""signal"":-2011.62628,""hist"":-16929.121533,""status"":""OK""}",,
2026-09-11,KOSPI,214320,이노션,18470.0,-1.5983,-5.2821,-10.3398,-4.3005,0.0542,-0.27,NEW_LOW,최근 신저점,2026-06-26,2026-06-15,3.3576,-12.2565,-1.5983,-1,-1,-1,-1,2.4,-1,9,-3.7018,-14.1762,0.6603,1026,일반서비스,-12.517,-13.051,1.9353,1.7809,18842.5,,37.999898,"{""line"":-127.856656,""signal"":-80.185003,""hist"":-47.671653,""status"":""OK""}",,
2026-09-11,KOSPI,214420,토니모리,5200.0,-1.7013,-12.3103,-4.4118,-24.9639,-38.0215,-51.7625,TOP_DECLINE,고점후하락,2026-06-26,2026-08-12,14.1603,-16.8,-1.7013,-1,-1,-1,-1,1.875,1,1,1.9608,-21.2044,6.5883,1008,화학,-14.5781,-6.1131,5.1389,4.358,5397.5,,45.069107,"{""line"":-71.355051,""signal"":-22.511258,""hist"":-48.843792,""status"":""OK""}",,
2026-09-11,KOSDAQ,214450,파마리서치,342000.0,-11.5136,-17.9856,18.5442,7.7165,-15.1365,-46.8944,NEW_LOW,최근 신저점,2026-06-23,2026-08-28,22.1429,-25.8938,-11.5136,-1,-1,1,1,1.8181818181818181,-1,5,-11.5136,-26.8797,29.5443,,,,,6.9864,5.2052,398275.0,,37.9683,"{""line"":-6442.93551,""signal"":4132.534618,""hist"":-10575.470128,""status"":""OK""}",,
2026-09-11,KOSPI,217590,티엠씨,10880.0,5.0193,-23.1638,-51.1011,-22.3966,-28.0899,,EARLY_REBOUND_UNCONFIRMED,초기반등·확인부족,2026-07-30,2026-06-11,17.8765,-51.1011,5.0193,1,-1,-1,-1,2.2222222222222223,-1,1,-1.6275,-32.0579,-40.101,1013,전기전자,-38.1226,-37.3103,8.1771,6.2062,11441.5,,43.376362,"{""line"":-546.274962,""signal"":-564.447341,""hist"":18.172379,""status"":""OK""}",,
2026-09-11,KOSPI,234080,JW생명과학,11000.0,-2.3091,-6.3032,-1.61,-14.9923,-14.3969,-7.9498,NEW_LOW,최근 신저점,2026-07-28,2026-08-11,2.6119,-6.3032,-2.3091,-1,-1,-1,-1,2.0689655172413794,-1,5,-2.3091,-15.1973,9.3901,1009,제약,4.8448,-8.66,1.9049,1.798,11226.0,,41.446766,"{""line"":-65.333681,""signal"":-31.58929,""hist"":-33.744392,""status"":""OK""}",,
2026-09-11,KOSDAQ,234690,녹십자웰빙,9500.0,-8.1238,-1.8595,19.6474,3.0369,3.9387,-8.1238,UPTREND_PULLBACK,상승중 눌림,2026-07-30,2026-09-03,31.0345,-11.6279,-8.1238,1,1,1,1,2.4,-1,6,-11.6279,-10.7536,30.6475,,,,,6.2546,6.018,9318.5,,53.462593,"{""line"":346.781241,""signal"":347.02656,""hist"":-0.245319,""status"":""OK""}",,
2026-09-11,KOSPI,241590,화승엔터프라이즈,2835.0,-1.5625,-13.3028,-24.0964,-41.365,-42.378,-59.2086,NEW_LOW,최근 신저점,2026-09-11,2026-06-11,0.0,-24.0964,-1.5625,-1,-1,-1,-1,1.7142857142857142,-1,3,-1.9031,-22.1969,-13.0963,1006,섬유·의류,-11.0322,-14.5377,4.3911,4.0077,2950.25,,34.536887,"{""line"":-73.920839,""signal"":-67.461216,""hist"":-6.459624,""status"":""OK""}",,
2026-09-11,KOSDAQ,247540,에코프로비엠,110300.0,4.0566,0.4554,-32.8667,-44.1519,-24.7613,-7.3109,EARLY_REBOUND_UNCONFIRMED,초기반등·확인부족,2026-07-29,2026-06-15,19.1145,-40.8579,4.0566,-1,-1,-1,-1,1.935483870967742,-1,1,-7.0767,-8.4387,-21.8666,,,,,6.9788,5.8907,112270.0,,48.061115,"{""line"":-850.793235,""signal"":-1336.326868,""hist"":485.533633,""status"":""OK""}",,
2026-09-11,KOSPI,249420,일동제약,15320.0,1.9295,-1.6057,-17.5013,-51.9749,-60.2078,-32.6593,BOTTOM_REBOUND,저점반등,2026-07-29,2026-06-17,26.0905,-22.7823,1.9295,1,1,-1,-1,1.935483870967742,-1,2,-3.8896,-10.4998,-6.5012,1009,제약,9.5423,-24.5513,6.2149,5.4307,14924.0,,51.422379,"{""line"":176.914302,""signal"":76.355741,""hist"":100.558561,""status"":""OK""}",,
2026-09-11,KOSDAQ,257720,실리콘투,43500.0,-9.375,8.6142,22.8814,15.5378,12.5485,4.1916,TOP_DECLINE,고점후하락,2026-06-26,2026-08-31,43.0921,-19.7417,-9.375,-1,1,1,1,2.2222222222222223,-1,9,-19.7417,-0.2799,33.8815,,,,,7.05,6.7942,48020.0,,45.021779,"{""line"":1076.026229,""signal"":2331.827685,""hist"":-1255.801456,""status"":""OK""}",,
2026-09-11,KOSDAQ,261780,아리바이오랩,3650.0,38.5199,46.2926,35.436,23.3108,29.2035,31.5315,UPTREND,상승중,2026-07-30,2026-09-11,96.5536,0.0,38.5199,1,1,1,0,2.727272727272727,1,2,10.9422,37.3985,46.4361,,,,,8.2588,10.2871,2663.25,,80.172067,"{""line"":270.211696,""signal"":140.222404,""hist"":129.989292,""status"":""OK""}",,
2026-09-11,KOSDAQ,263750,펄어비스,35300.0,2.3188,-4.336,-14.0073,-42.5081,-5.615,2.6163,BOTTOM_REBOUND,저점반등,2026-08-18,2026-06-12,15.5483,-14.2163,2.3188,1,1,-1,-1,1.8181818181818181,-1,1,-2.4862,-13.2301,-3.0072,,,,,4.7226,4.0811,32652.5,,56.646712,"{""line"":321.974363,""signal"":-261.270788,""hist"":583.245151,""status"":""OK""}",,
2026-09-11,KOSPI,267250,HD현대,247500.0,2.9106,10.245,0.8147,-10.9712,31.2997,66.6667,BOTTOM_REBOUND,저점반등,2026-07-29,2026-06-16,31.8594,-9.0074,2.9106,1,1,-1,-1,2.142857142857143,1,1,0.8147,1.3509,11.8148,1021,금융,4.2935,2.3107,5.613,5.4977,227525.0,,62.973286,"{""line"":7878.532163,""signal"":4708.560082,""hist"":3169.97208,""status"":""OK""}",,
2026-09-11,KOSPI,267260,HD현대일렉트릭,747000.0,4.6218,1.0825,-27.6864,-20.4473,-3.4884,25.5462,EARLY_REBOUND_UNCONFIRMED,초기반등·확인부족,2026-07-30,2026-06-15,28.1304,-37.4372,4.6218,1,-1,-1,-1,2.142857142857143,1,1,0.134,-7.8116,-16.6863,1013,전기전자,-13.8763,-13.8956,6.3555,5.0391,751350.0,,48.399891,"{""line"":-10256.234971,""signal"":-12816.445441,""hist"":2560.21047,""status"":""OK""}",,
2026-09-11,KOSPI,267270,HD건설기계,142500.0,1.7857,0.3521,-0.4193,10.8087,44.8171,51.1135,BOTTOM_REBOUND,저점반등,2026-06-26,2026-06-17,29.3103,-8.5953,1.7857,1,1,-1,1,2.3076923076923075,1,1,0.9207,-8.542,10.5808,1012,기계·장비,-9.1695,6.7435,5.8386,5.5413,134290.0,,56.61399,"{""line"":2449.811177,""signal"":1461.654283,""hist"":988.156894,""status"":""OK""}",,
2026-09-11,KOSPI,271940,일진하이솔루스,10960.0,2.2388,2.0484,-10.8943,-34.2531,-18.209,-44.3372,BOTTOM_REBOUND,저점반등,2026-07-30,2026-06-12,19.2601,-18.8749,2.2388,1,1,-1,-1,2.0689655172413794,-1,2,-7.7441,-6.8457,0.1058,1015,운송장비·부품,7.93,11.5759,5.524,4.1133,10946.0,,50.445867,"{""line"":161.80316,""signal"":111.483574,""hist"":50.319586,""status"":""OK""}",,
2026-09-11,KOSPI,271980,제일약품,10100.0,-3.9924,-4.0836,-0.4926,-30.9166,-33.3333,-26.7054,TOP_DECLINE,고점후하락,2026-07-30,2026-09-01,9.4258,-11.4812,-3.9924,-1,-1,-1,-1,2.4,-1,8,-11.4812,-12.9777,10.5075,1009,제약,7.0644,-7.5426,5.7835,5.5002,10306.5,,45.856394,"{""line"":49.412584,""signal"":93.875083,""hist"":-44.462499,""status"":""OK""}",,
2026-09-11,KOSPI,272210,한화시스템,70900.0,3.0523,-2.7435,-19.9774,-51.9973,30.3309,29.3796,EARLY_REBOUND_UNCONFIRMED,초기반등·확인부족,2026-07-29,2026-06-16,30.8118,-33.3647,3.0523,1,-1,-1,-1,2.2222222222222223,-1,1,-2.0718,-11.6376,-8.9773,1013,전기전자,-17.7023,-6.1866,5.7426,4.932,72695.0,,48.646111,"{""line"":-468.801189,""signal"":-333.790837,""hist"":-135.010352,""status"":""OK""}",,
2026-09-11,KOSPI,278470,에이피알,372000.0,-5.5838,-3.5019,-9.3788,16.6144,61.039,70.6422,TOP_DECLINE,고점후하락,2026-07-30,2026-08-31,18.0952,-19.9139,-5.5838,-1,-1,-1,1,1.7647058823529411,1,1,3.0471,-12.396,1.6213,1008,화학,-5.7697,-11.0801,6.84,5.9744,405400.0,,42.713365,"{""line"":-2930.819469,""signal"":5611.068381,""hist"":-8541.88785,""status"":""OK""}",,
2026-09-11,KOSPI,286940,롯데이노베이트,18070.0,-3.4206,-8.1342,-7.6176,-16.5358,-6.6632,-17.6765,SIDEWAYS_OR_UNCONFIRMED,횡보·방향미확인,2026-07-29,2026-06-15,12.7261,-10.7654,-3.4206,1,-1,-1,-1,2.2222222222222223,-1,4,-3.8318,-17.0283,3.3825,1046,IT 서비스,-0.1676,6.3363,3.302,2.8277,18423.5,,46.238649,"{""line"":21.870837,""signal"":79.380552,""hist"":-57.509715,""status"":""OK""}",,
2026-09-11,KOSDAQ,293490,카카오게임즈,9230.0,2.2148,5.8486,5.9701,-29.3803,-38.0537,-43.7881,BOTTOM_REBOUND,저점반등,2026-06-26,2026-06-22,33.189,-8.0677,2.2148,-1,1,0,-1,1.7142857142857142,-1,1,-1.7039,-3.0455,16.9702,,,,,6.0721,6.4651,8849.0,,56.50068,"{""line"":207.755162,""signal"":182.049192,""hist"":25.70597,""status"":""OK""}",,
2026-09-11,KOSPI,298000,효성화학,55300.0,-1.25,-23.934,42.1594,42.1594,42.1594,42.1594,NEW_LOW,최근 신저점,2026-06-12,2026-08-14,42.1594,-27.5229,-1.25,1,-1,1,1,2.5,-1,3,-4.6552,-32.8281,53.1595,1008,화학,-26.2018,40.4581,,6.3833,62030.0,,37.893331,"{""line"":-2479.100879,""signal"":-1766.390015,""hist"":-712.710864,""status"":""OK""}",,
2026-09-11,KOSPI,298040,효성중공업,2854000.0,4.4656,0.8124,-12.0764,12.6727,60.2471,97.5087,EARLY_REBOUND_UNCONFIRMED,초기반등·확인부족,2026-07-30,2026-06-16,50.6864,-26.6701,4.4656,1,0,-1,1,2.2222222222222223,-1,2,-2.6271,-8.0817,-1.0763,1013,전기전자,-14.1464,1.7144,6.2215,4.7841,2878800.0,,49.786454,"{""line"":9449.88555,""signal"":9575.299602,""hist"":-125.414052,""status"":""OK""}",,
2026-09-11,KOSPI,298690,에어부산,1509.0,-1.6938,-0.9843,-4.795,-13.5244,-12.2164,-24.9254,SIDEWAYS_OR_UNCONFIRMED,횡보·방향미확인,2026-07-20,2026-06-15,6.7941,-19.0016,-1.6938,1,1,-1,-1,2.0689655172413794,-1,3,-5.6875,-9.8784,6.2051,1019,운송·창고,-2.3268,-14.1907,3.8304,3.2844,1521.75,,46.954264,"{""line"":5.189304,""signal"":4.822207,""hist"":0.367097,""status"":""OK""}",,
2026-09-11,KOSPI,307950,현대오토에버,390000.0,-1.2658,-9.8266,-45.0704,-5.7971,17.4699,124.7839,SIDEWAYS_OR_UNCONFIRMED,횡보·방향미확인,2026-07-30,2026-06-15,23.6133,-47.7212,-1.2658,-1,-1,-1,-1,2.2222222222222223,-1,1,-1.1407,-18.7207,-34.0703,1046,IT 서비스,-1.86,-31.1165,6.5577,5.6367,419950.0,,42.625641,"{""line"":-12674.307719,""signal"":-10858.113267,""hist"":-1816.194452,""status"":""OK""}",,
2026-09-11,KOSDAQ,317330,덕산테코피아,12550.0,5.3736,10.3782,-19.0323,-27.5822,-25.8274,-31.6821,BOTTOM_REBOUND,저점반등,2026-07-29,2026-06-16,45.7607,-22.6264,5.3736,1,1,-1,-1,2.0689655172413794,-1,2,-8.5277,1.4841,-8.0322,,,,,8.4124,7.7273,11702.5,,54.765232,"{""line"":594.131424,""signal"":416.429587,""hist"":177.701837,""status"":""OK""}",,
2026-09-11,KOSPI,317400,자이에스앤디,11330.0,0.8905,34.4009,231.7716,157.7929,157.5,220.9632,UPTREND,상승중,2026-06-26,2026-08-31,237.2024,-2.0743,0.8905,-1,1,1,1,2.3076923076923075,1,1,13.3,25.5068,242.7717,1045,부동산,35.3833,231.1061,9.5272,10.5981,10632.0,,61.746291,"{""line"":731.073431,""signal"":927.349624,""hist"":-196.276193,""status"":""OK""}",,
2026-09-11,KOSPI,329180,HD현대중공업,479000.0,9.7365,-4.7714,-25.8514,-18.8136,-5.8939,-6.0784,EARLY_REBOUND_UNCONFIRMED,초기반등·확인부족,2026-09-02,2026-06-15,13.5071,-32.9132,9.7365,1,-1,-1,-1,2,1,1,5.6229,-13.6655,-14.8513,1015,운송장비·부품,1.1102,-3.3812,5.4369,4.4869,459950.0,,53.244249,"{""line"":-10070.991588,""signal"":-14205.448407,""hist"":4134.456819,""status"":""OK""}",,
2026-09-11,KOSPI,336260,두산퓨얼셀,48800.0,11.2885,37.4648,-30.7801,18.7348,69.1508,49.0076,BOTTOM_REBOUND,저점반등,2026-07-30,2026-06-16,158.2011,-37.516,11.2885,1,1,-1,1,2.2222222222222223,-1,2,-9.462,28.5707,-19.78,1013,전기전자,22.506,-16.9893,10.4806,10.3406,43605.0,,57.386714,"{""line"":2783.300192,""signal"":1740.637069,""hist"":1042.663123,""status"":""OK""}",,
2026-09-11,KOSPI,353200,대덕전자,100000.0,0.5025,-4.489,-36.2245,60.0,112.3142,285.3565,EARLY_REBOUND_UNCONFIRMED,초기반등·확인부족,2026-07-30,2026-06-17,34.2282,-42.5947,0.5025,-1,-1,-1,1,2.2222222222222223,-1,2,-5.7493,-13.3831,-25.2244,1013,전기전자,-19.4478,-22.4337,8.9733,7.3321,107810.0,,43.888391,"{""line"":-2660.11914,""signal"":-2277.910399,""hist"":-382.208742,""status"":""OK""}",,
2026-09-11,KOSPI,357250,미래에셋맵스리츠,1840.0,-3.6649,-4.1667,-0.2169,-23.8095,-29.9048,-34.6359,NEW_LOW,최근 신저점,2026-07-29,2026-08-11,3.3708,-4.1667,-3.6649,-1,0,1,-1,2.5,-1,5,-3.6649,-13.0608,10.7832,1045,부동산,-3.1843,-0.8824,2.0672,1.8324,1891.8,,38.675208,"{""line"":2.811856,""signal"":8.390172,""hist"":-5.578316,""status"":""OK""}",,
2026-09-11,KOSDAQ,357780,솔브레인,330000.0,1.5385,5.0955,-7.0423,-25.3394,25.9542,36.3636,BOTTOM_REBOUND,저점반등,2026-07-30,2026-06-12,46.9933,-25.2548,1.5385,1,1,-1,-1,1.8181818181818181,-1,1,-3.5088,-3.7986,3.9578,,,,,5.9869,5.2174,332575.0,,51.891374,"{""line"":6551.201476,""signal"":7412.731975,""hist"":-861.530499,""status"":""OK""}",,
2026-09-11,KOSPI,361610,SK아이이테크놀로지,16690.0,2.5184,9.6583,-18.5854,-27.7489,-33.3733,-40.8156,BOTTOM_REBOUND,저점반등,2026-07-29,2026-06-11,33.0941,-18.5854,2.5184,1,1,-1,-1,2.0689655172413794,-1,2,-6.0777,0.7642,-7.5853,1013,전기전자,-5.3005,-4.7946,6.9404,6.655,16186.0,,53.381598,"{""line"":495.270022,""signal"":424.302711,""hist"":70.967311,""status"":""OK""}",,
2026-09-11,KOSPI,373220,LG에너지솔루션,360000.0,0.4184,1.5515,-6.3719,-2.571,-2.3066,1.2658,EARLY_REBOUND_UNCONFIRMED,초기반등·확인부족,2026-07-29,2026-06-15,19.8003,-14.3876,0.4184,-1,0,-1,-1,1.6216216216216217,-1,2,-2.965,-7.3426,4.6282,1013,전기전자,-13.4073,7.4189,4.9817,4.5643,360300.0,,50.939242,"{""line"":3497.517098,""signal"":3942.812209,""hist"":-445.295111,""status"":""OK""}",,
2026-09-11,KOSPI,377300,카카오페이,46250.0,-2.2199,3.0067,3.2366,-23.3002,-5.8045,-16.8165,UPTREND_PULLBACK,상승중 눌림,2026-07-09,2026-09-10,23.498,-4.5408,-2.2199,1,1,1,-1,2.0689655172413794,-1,1,-4.5408,-5.8874,14.2367,1021,금융,-2.9448,4.7326,5.4219,5.1276,45612.5,,53.162764,"{""line"":1043.632187,""signal"":1011.26062,""hist"":32.371567,""status"":""OK""}",,
2026-09-11,KOSPI,402340,SK스퀘어,1089000.0,4.611,15.2381,-11.3192,92.7434,195.9239,451.9513,BOTTOM_REBOUND,저점반등,2026-07-30,2026-06-22,36.2954,-44.7208,4.611,1,1,-1,1,2,-1,2,-4.3058,6.344,-0.3191,1021,금융,9.2866,-9.8232,7.8854,5.917,1077750.0,,50.017735,"{""line"":-2165.756013,""signal"":-17123.919402,""hist"":14958.163388,""status"":""OK""}",,
2026-09-11,KOSPI,403550,쏘카,10580.0,-6.6196,-5.3667,-5.5357,-5.1971,-7.7594,-16.0317,SIDEWAYS_OR_UNCONFIRMED,횡보·방향미확인,2026-07-22,2026-06-30,16.5198,-10.4907,-6.6196,-1,1,-1,0,2.0689655172413794,-1,5,-6.6196,-14.2608,5.4644,1026,일반서비스,-12.6016,-8.2469,4.0799,3.9106,11003.0,,42.944622,"{""line"":85.078154,""signal"":160.819,""hist"":-75.740846,""status"":""OK""}",,
2026-09-11,KOSDAQ,439960,코스모로보틱스,12010.0,-5.0593,-29.1027,-39.92,,,,NEW_LOW,최근 신저점,2026-07-20,2026-06-17,15.4808,-54.6792,-5.0593,-1,-1,-1,,2.0689655172413794,-1,1,-3.3011,-37.9968,-28.9199,,,,,9.9939,6.2988,13178.5,,37.332119,"{""line"":-1009.22669,""signal"":-1058.095245,""hist"":48.868555,""status"":""OK""}",,
2026-09-11,KOSPI,443060,HD현대마린솔루션,247000.0,17.3397,23.5,0.611,38.9201,27.6486,14.8837,BOTTOM_REBOUND,저점반등,2026-07-30,2026-06-16,36.6906,-3.3268,17.3397,1,1,-1,1,2.5,1,2,17.3397,14.6059,11.6111,1026,일반서비스,16.2651,-2.1002,5.2536,5.6579,211250.0,,71.262351,"{""line"":6302.639705,""signal"":3184.823118,""hist"":3117.816588,""status"":""OK""}",,
2026-09-11,KOSPI,454910,두산로보틱스,71500.0,4.5322,-3.5088,-34.5837,-21.1687,-8.3333,12.9542,EARLY_REBOUND_UNCONFIRMED,초기반등·확인부족,2026-07-30,2026-06-15,29.0614,-35.8169,4.5322,1,-1,-1,-1,2.0689655172413794,-1,2,-1.2431,-12.4029,-23.5836,1012,기계·장비,-13.0304,-27.4209,5.6918,4.6847,71040.0,,50.507194,"{""line"":-596.537843,""signal"":-998.702431,""hist"":402.164589,""status"":""OK""}",,
2026-09-11,KOSPI,456040,OCI,80200.0,1.1349,2.0356,-24.4109,-3.8369,34.5638,41.6961,BOTTOM_REBOUND,저점반등,2026-07-29,2026-06-17,29.3548,-25.5339,1.1349,1,1,-1,-1,2.2222222222222223,-1,2,-0.4963,-6.8585,-13.4108,1008,화학,-0.2322,-26.1122,4.3494,3.4055,80455.0,,49.197064,"{""line"":-124.817532,""signal"":-327.963562,""hist"":203.14603,""status"":""OK""}",,
2026-09-11,KOSPI,457190,이수스페셜티케미컬,64100.0,1.2638,-2.1374,-19.0657,-34.525,8.277,40.4162,EARLY_REBOUND_UNCONFIRMED,초기반등·확인부족,2026-07-30,2026-06-16,35.2321,-26.8265,1.2638,-1,0,-1,-1,1.935483870967742,-1,2,-5.8737,-11.0315,-8.0656,1008,화학,-4.4052,-20.767,6.3062,5.51,65140.0,,48.994352,"{""line"":664.302417,""signal"":703.374408,""hist"":-39.071991,""status"":""OK""}",,
2026-09-11,KOSPI,475560,더본코리아,15100.0,-2.1387,7.2443,-5.8603,-31.2073,-37.6033,-42.2562,TOP_DECLINE,고점후하락,2026-07-30,2026-08-18,18.8976,-22.0041,-2.1387,-1,1,-1,-1,2.2222222222222223,-1,3,-3.699,-1.6498,5.1398,1016,유통,5.3854,7.3022,6.3655,6.6854,16622.0,,44.902434,"{""line"":-31.333043,""signal"":218.074086,""hist"":-249.407128,""status"":""OK""}",,
2026-09-11,KOSPI,483650,달바글로벌,167600.0,-12.0672,-31.8699,-20.5687,13.0904,13.6271,2.9484,NEW_LOW,최근 신저점,2026-09-11,2026-07-29,0.0,-36.7547,-12.0672,-1,-1,-1,1,1.935483870967742,-1,5,-12.0672,-40.764,-9.5686,1008,화학,-34.1377,-22.27,8.3093,5.1112,208155.0,,28.531275,"{""line"":-14438.169111,""signal"":-9516.144229,""hist"":-4922.024881,""status"":""OK""}",,
2026-09-11,KOSPI,489790,한화비전,47200.0,-4.4534,-7.451,-32.8592,-39.4095,5.1225,-21.202,NEW_LOW,최근 신저점,2026-07-29,2026-06-12,41.5292,-37.3174,-4.4534,-1,-1,-1,-1,1.935483870967742,-1,2,-3.5751,-16.3451,-21.8591,1013,전기전자,-22.4098,-19.0684,5.8435,4.9272,50595.0,,42.858555,"{""line"":-374.499155,""signal"":34.488452,""hist"":-408.987607,""status"":""OK""}",,
2026-09-11,KOSPI,499790,GS피앤엘,39800.0,-7.0093,-9.3394,-21.6535,-13.9459,-5.2381,-25.0471,SIDEWAYS_OR_UNCONFIRMED,횡보·방향미확인,2026-06-26,2026-06-11,18.1009,-21.6535,-7.0093,-1,-1,-1,-1,2.142857142857143,1,2,0.6321,-18.2335,-10.6534,1021,금융,-15.2909,-20.1575,5.4291,4.5962,41327.5,,44.88911,"{""line"":-183.64658,""signal"":203.479513,""hist"":-387.126093,""status"":""OK""}",,
