recommend_display,current_price_display,value_buy_range,target1_range,three_month_range,return_1m_display,liquidity_display,current_position,avg_daily_range_display,earnings_guidance_event,valuation_growth,score_recommendation_reason,market_ticker,sector_theme,recommend_flag,symbol,name,market,sector,industry,data_date,current_price,value_buy_low,value_buy_high,target1_low,target1_high,low_3m,high_3m,return_1m_pct,return_3m_pct,avg_volume_20d,avg_trading_value_20d,liquidity_label,position_in_3m_range_pct,position_label,avg_daily_range_amount,avg_daily_range_pct,earnings_event_risk,next_earnings_date,fundamentals_status,market_cap,trailing_pe,forward_pe,price_to_book,peg_ratio,revenue_growth,earnings_growth,profit_margin,return_on_equity,debt_to_equity,analyst_target_mean,analyst_target_upside_pct,beta,short_percent_float,rsi14,sma20,sma60,score,hard_red_flag,warning_count,recommendation_reason
✅ Broadcom,$386.50,$384.14~$384.14,$465.30~$504.90,$356.43~$495.00,-6.04%,$9.15B/일 · 매우활발,저점권반등초입 (21.7%),약±$6.57(±1.70%),다음 실적일 자료제한 · 가이던스 확인 필요,선행PER 19.9배 · 매출성장 +47.9% · 이익성장 +85.4% · 평균목표가 여력 +35.7%,82.5점 · 3개월 가치구간 · 매출 성장 양호 · 이익 성장 양호 / 뚜렷한 단기 경고 제한,USA · AVGO,Information Technology / Semiconductors,✅,AVGO,Broadcom,USA,Information Technology,Semiconductors,2026-07-21,386.5,384.14,384.14,465.3,504.9,356.42999267578125,495.0,-6.041085628977028,-3.285540305378909,24138040.55,9148601247.42699,매우활발,21.7,저점권반등초입,13.145432780488909,3.401146903101917,False,,READY,1838804762624.0,64.30948,19.860569,20.971243,0.42,0.479,0.854,0.38848,0.37280998,74.018,524.5067,35.706778783958605,1.462,0.015,53.34966732307934,379.89849853515625,404.0115005493164,82.5,False,0,3개월 가치구간 · 매출 성장 양호 · 이익 성장 양호 / 뚜렷한 단기 경고 제한
✅ Cigna,$290.49,$277.43~$283.73,$307.92~$328.25,$270.43~$305.44,+4.02%,$498.1M/일 · 활발,중간권 (57.3%),약±$4.03(±1.39%),다음 실적일 자료제한 · 가이던스 확인 필요,선행PER 8.7배 · 매출성장 +4.6% · 이익성장 +29.1% · 평균목표가 여력 +17.4%,82.5점 · 3개월 중간권 · 중기 상승추세 유지 · 1개월 상승폭 안정적 / 뚜렷한 단기 경고 제한,USA · CI,Health Care / Health Care Services,✅,CI,Cigna,USA,Health Care,Health Care Services,2026-07-21,290.489990234375,277.43,283.73,307.92,328.25,270.42999267578125,305.44000244140625,4.017617954700414,3.776070412832211,1746142.8,498052300.3910157,활발,57.3,중간권,8.0522759893633,2.7719633240603265,False,,READY,76844015616.0,12.308898,8.675837,1.8209798,0.84,0.046,0.291,0.02263,0.16268998,72.805,340.91666,17.359176378139374,0.303,0.026199998,60.21521039004778,286.77049865722654,286.21266479492186,82.5,False,0,3개월 중간권 · 중기 상승추세 유지 · 1개월 상승폭 안정적 / 뚜렷한 단기 경고 제한
✅ Amazon,$247.55,$236.15~$245.69,$262.40~$284.13,$225.55~$278.56,+1.29%,$13.67B/일 · 매우활발,중간권 (41.5%),약±$3.51(±1.42%),다음 실적일 자료제한 · 가이던스 확인 필요,선행PER 25.0배 · 매출성장 +16.6% · 이익성장 +74.8% · 평균목표가 여력 +26.4%,82.0점 · 3개월 가치구간 · 1개월 상승폭 안정적 · 매출 성장 양호 / 뚜렷한 단기 경고 제한,USA · AMZN,Consumer Discretionary / Broadline Retail,✅,AMZN,Amazon,USA,Consumer Discretionary,Broadline Retail,2026-07-21,247.5500030517578,236.15,245.69,262.4,284.13,225.5500030517578,278.5599975585937,1.2930167641889367,-0.2940211580184426,56989306.35,13673847378.012545,매우활발,41.5,중간권,7.020845862801509,2.836132408099219,False,,READY,2662922452992.0,29.646706,24.959518,6.024141,1.3,0.166,0.748,0.12224,0.24285,53.3,312.87402,26.388210924232624,1.461,0.010199999,62.22458149754754,243.0744995117188,253.8493334452311,82.0,False,0,3개월 가치구간 · 1개월 상승폭 안정적 · 매출 성장 양호 / 뚜렷한 단기 경고 제한
✅ Cisco,$112.18,$94.70~$102.72,$122.55~$132.98,$85.78~$130.37,-6.16%,$2.82B/일 · 매우활발,중간권 (59.2%),약±$1.79(±1.60%),다음 실적일 자료제한 · 가이던스 확인 필요,선행PER 23.4배 · 매출성장 +12.0% · 이익성장 +37.1% · 평균목표가 여력 +16.1%,81.0점 · 3개월 중간권 · 매출 성장 양호 · 이익 성장 양호 / 뚜렷한 단기 경고 제한,USA · CSCO,Information Technology / Communications Equipment,✅,CSCO,Cisco,USA,Information Technology,Communications Equipment,2026-07-21,112.18000030517578,94.7,102.72,122.55,132.98,85.77999877929688,130.3699951171875,-6.156935380611628,27.898758951230064,24367657.35,2816430957.122452,매우활발,59.21,중간권,3.5885955567162244,3.1989619780297445,False,,READY,442150125568.0,37.393333,23.409801,9.046044,1.55,0.12,0.371,0.19685,0.25229,67.541,130.22726,16.08776934010363,1.007,0.0137,42.33004203925172,115.51399993896484,112.40633341471354,81.0,False,0,3개월 중간권 · 매출 성장 양호 · 이익 성장 양호 / 뚜렷한 단기 경고 제한
✅ Alphabet Inc. (Class A),$347.15,$345.88~$345.88,$384.09~$416.78,$330.20~$408.61,-5.67%,$11.56B/일 · 매우활발,저점권반등초입 (21.6%),약±$4.95(±1.43%),다음 실적일 자료제한 · 가이던스 확인 필요,선행PER 23.7배 · 매출성장 +21.8% · 이익성장 +82.0% · 평균목표가 여력 +24.9%,80.5점 · 3개월 가치구간 · 매출 성장 양호 · 이익 성장 양호 / 뚜렷한 단기 경고 제한,USA · GOOGL,Communication Services / Interactive Media & Services,✅,GOOGL,Alphabet Inc. (Class A),USA,Communication Services,Interactive Media & Services,2026-07-21,347.1499938964844,345.88,345.88,384.09,416.78,330.20001220703125,408.6099853515625,-5.673451879484959,2.8836405908192697,32846211.45,11556951835.358303,매우활발,21.62,저점권반등초입,9.894851708163792,2.850310206577249,False,,READY,4236123045888.0,26.520245,23.69796,8.785494,1.37,0.218,0.82,0.37919,0.38884997,20.026,433.51376,24.877939686574834,1.247,0.0146,43.56423047460988,354.9725006103516,369.4186665852865,80.5,False,0,3개월 가치구간 · 매출 성장 양호 · 이익 성장 양호 / 뚜렷한 단기 경고 제한
✅ Citigroup,$132.84,$125.40~$130.48,$140.81~$150.92,$119.76~$147.96,-7.14%,$1.94B/일 · 매우활발,중간권 (46.4%),약±$1.75(±1.32%),다음 실적일 자료제한 · 가이던스 확인 필요,선행PER 10.4배 · 매출성장 +14.5% · 이익성장 +61.0% · 평균목표가 여력 +15.9%,80.0점 · 3개월 중간권 · 매출 성장 양호 · 이익 성장 양호 / 뚜렷한 단기 경고 제한,USA · C,Financials / Diversified Banks,✅,C,Citigroup,USA,Financials,Diversified Banks,2026-07-21,132.83999633789062,125.4,130.48,140.81,150.92,119.76000213623048,147.9600067138672,-7.143856700065488,-0.1578404427285074,14046295.2,1940873551.7218845,매우활발,46.38,중간권,3.4997415130803557,2.6345540571820285,False,,READY,222825824256.0,14.314655,10.372817,1.157748,0.7,0.145,0.61,0.21832001,0.08529,,154.0,15.928940263056756,1.094,0.0004,39.379451147482776,138.58650131225585,132.91933364868163,80.0,False,0,3개월 중간권 · 매출 성장 양호 · 이익 성장 양호 / 뚜렷한 단기 경고 제한
✅ Autodesk,$211.15,$199.43~$206.93,$239.83~$260.24,$185.50~$255.14,+8.94%,$512.0M/일 · 활발,중간권 (36.8%),약±$3.46(±1.64%),다음 실적일 자료제한 · 가이던스 확인 필요,선행PER 14.8배 · 매출성장 +18.4% · 이익성장 +231.4% · 평균목표가 여력 +50.7%,80.0점 · 3개월 가치구간 · 1개월 상승폭 안정적 · 매출 성장 양호 / 뚜렷한 단기 경고 제한,USA · ADSK,Information Technology / Application Software,✅,ADSK,Autodesk,USA,Information Technology,Application Software,2026-07-21,211.1499938964844,199.43,206.93,239.83,260.24,185.5,255.13999938964844,8.941278463206492,-13.925239086087416,2517267.3,511978575.4231995,활발,36.83,중간권,6.915703674269945,3.2752563931687093,False,,READY,44583317504.0,30.86988,14.80737,13.97049,0.84,0.184,2.314,0.19488001,0.50396,85.419,318.29843,50.74517603635109,1.318,0.0463,64.76087722732449,204.9374984741211,221.97150014241532,80.0,False,0,3개월 가치구간 · 1개월 상승폭 안정적 · 매출 성장 양호 / 뚜렷한 단기 경고 제한
🟡 Alphabet Inc. (Class C),$346.19,$344.60~$344.60,$380.20~$412.56,$329.63~$404.47,-5.79%,$7.68B/일 · 매우활발,저점권반등초입 (22.1%),약±$4.75(±1.37%),다음 실적일 자료제한 · 가이던스 확인 필요,선행PER 23.6배 · 매출성장 +21.8% · 이익성장 +82.0% · 평균목표가 여력 +24.2%,79.5점 · 3개월 가치구간 · 매출 성장 양호 · 이익 성장 양호 / 뚜렷한 단기 경고 제한,USA · GOOG,Communication Services / Interactive Media & Services,🟡,GOOG,Alphabet Inc. (Class C),USA,Communication Services,Interactive Media & Services,2026-07-21,346.19000244140625,344.6,344.6,380.2,412.56,329.6300048828125,404.4700012207031,-5.788382275155013,3.217056869789925,21935134.45,7676382607.035532,매우활발,22.13,저점권반등초입,9.499324624620929,2.7439627249861784,False,,READY,4224408616960.0,26.40656,23.596071,8.761199,1.36,0.218,0.82,0.37919,0.38884997,20.026,430.07428,24.230704805749383,1.247,,45.71326594889772,353.0439971923828,366.8486653645833,79.5,False,0,3개월 가치구간 · 매출 성장 양호 · 이익 성장 양호 / 뚜렷한 단기 경고 제한
🟡 Berkshire Hathaway,$489.65,$473.99~$482.67,$519.03~$553.30,$464.34~$512.58,+0.04%,$2.27B/일 · 매우활발,중간권 (52.5%),약±$3.30(±0.67%),다음 실적일 자료제한 · 가이던스 확인 필요,선행PER 22.8배 · 매출성장 +4.4% · 이익성장 +119.6% · 평균목표가 여력 +6.3%,77.5점 · 3개월 중간권 · 1개월 상승폭 안정적 · 이익 성장 양호 / 뚜렷한 단기 경고 제한,USA · BRK-B,Financials / Multi-Sector Holdings,🟡,BRK-B,Berkshire Hathaway,USA,Financials,Multi-Sector Holdings,2026-07-21,489.6499938964844,473.99,482.67,519.03,553.3,464.3399963378906,512.5800170898438,0.0388187890171476,3.721828466356558,4581523.95,2270094004.590804,매우활발,52.47,중간권,6.593038696281281,1.346479889403429,False,,READY,1056103399424.0,14.572917,22.759968,0.000968531,10.06,0.044,1.196,0.19305,0.10499,17.669,520.3333,6.266375265186319,0.607,0.0095999995,37.970419035183376,495.6875,485.6095001220703,77.5,False,0,3개월 중간권 · 1개월 상승폭 안정적 · 이익 성장 양호 / 뚜렷한 단기 경고 제한
🟡 Charles Schwab Corporation,$99.96,$88.06~$91.76,$105.96~$112.95,$83.96~$104.48,+9.01%,$979.4M/일 · 활발,중상단권 (78.0%),약±$1.25(±1.25%),다음 실적일 자료제한 · 가이던스 확인 필요,선행PER 13.2배 · 매출성장 +15.8% · 이익성장 +38.6% · 평균목표가 여력 +20.8%,77.0점 · 중기 상승추세 유지 · 1개월 상승폭 안정적 · 매출 성장 양호 / 뚜렷한 단기 경고 제한,USA · SCHW,Financials / Investment Banking & Brokerage,🟡,SCHW,Charles Schwab Corporation,USA,Financials,Investment Banking & Brokerage,2026-07-21,99.95999908447266,88.06,91.76,105.96,112.95,83.95999908447266,104.48419952392578,9.007636217144732,7.310786309221684,10048597.3,979356101.0898292,활발,77.96,중상단권,2.498131604311049,2.4991312797031604,False,,READY,173843988480.0,19.872763,13.1734495,4.090853,1.22,0.158,0.386,0.37986,0.19083,120.766,120.73684,20.78515516788828,0.762,0.0,69.38978793934353,98.1340000152588,92.69816652933756,77.0,False,0,중기 상승추세 유지 · 1개월 상승폭 안정적 · 매출 성장 양호 / 뚜렷한 단기 경고 제한
🟡 Ares Management,$120.78,$113.01~$119.51,$133.39~$144.74,$105.79~$141.90,-6.62%,$262.9M/일 · 보통,중간권 (41.5%),약±$2.45(±2.03%),다음 실적일 자료제한 · 가이던스 확인 필요,선행PER 16.6배 · 매출성장 +28.3% · 이익성장 +770.5% · 평균목표가 여력 +18.2%,77.0점 · 3개월 가치구간 · 매출 성장 양호 · 이익 성장 양호 / 뚜렷한 단기 경고 제한,USA · ARES,Financials / Asset Management & Custody Banks,🟡,ARES,Ares Management,USA,Financials,Asset Management & Custody Banks,2026-07-21,120.77999877929688,113.01,119.51,133.39,144.74,105.79000091552734,141.89999389648438,-6.618213855698141,1.6923483986204246,2246111.9,262889752.3121216,보통,41.51,중간권,4.892551364785412,4.050796004498762,False,,READY,39838875648.0,55.658985,16.613503,10.614289,1.16,0.283,7.705,0.10539,0.14182,168.762,142.70589,18.153577945276055,1.536,0.1491,65.80968645350552,118.4194995880127,122.68416697184244,77.0,False,0,3개월 가치구간 · 매출 성장 양호 · 이익 성장 양호 / 뚜렷한 단기 경고 제한
🟡 Analog Devices,$382.81,$382.56~$382.56,$419.16~$454.83,$366.72~$445.91,-11.89%,$1.88B/일 · 매우활발,저점권반등초입 (20.3%),약±$6.56(±1.71%),다음 실적일 자료제한 · 가이던스 확인 필요,선행PER 25.5배 · 매출성장 +37.2% · 이익성장 +110.5% · 평균목표가 여력 +19.5%,76.5점 · 3개월 가치구간 · 매출 성장 양호 · 이익 성장 양호 / 뚜렷한 단기 경고 제한,USA · ADI,Information Technology / Semiconductors,🟡,ADI,Analog Devices,USA,Information Technology,Semiconductors,2026-07-21,382.80999755859375,382.56,382.56,419.16,454.83,366.7200012207031,445.9100036621094,-11.888319963249094,0.461884220445441,4814916.25,1884335807.1431727,매우활발,20.32,저점권반등초입,13.1253099535611,3.4286748092445287,False,,READY,186461782016.0,57.135822,25.4512,5.526107,0.69,0.372,1.105,0.26007998,0.09639,25.81,457.4,19.48486270398131,1.188,0.0276,43.16970095840672,390.18899993896486,404.5775014241536,76.5,False,0,3개월 가치구간 · 매출 성장 양호 · 이익 성장 양호 / 뚜렷한 단기 경고 제한
🟡 Booking Holdings,$179.40,$158.90~$166.78,$190.16~$202.72,$150.14~$193.92,+4.44%,$1.33B/일 · 매우활발,중상단권 (66.8%),약±$3.08(±1.72%),다음 실적일 자료제한 · 가이던스 확인 필요,선행PER 14.6배 · 매출성장 +16.2% · 이익성장 +240.0% · 평균목표가 여력 +24.9%,76.0점 · 중기 상승추세 유지 · 1개월 상승폭 안정적 · 매출 성장 양호 / 뚜렷한 단기 경고 제한,USA · BKNG,"Consumer Discretionary / Hotels, Resorts & Cruise Lines",🟡,BKNG,Booking Holdings,USA,Consumer Discretionary,"Hotels, Resorts & Cruise Lines",2026-07-21,179.39999389648438,158.9,166.78,190.16,202.72,150.13999938964844,193.9199981689453,4.435903580938816,-6.577099913086171,7391190.5,1328500216.0310974,매우활발,66.83,중상단권,6.156739040099733,3.4318501948513074,False,,READY,139013193728.0,23.636362,14.587488,-16.039337,0.78,0.162,2.4,0.22227,,,224.06111,24.8947143940738,1.075,0.0385,51.41324146331217,179.31600036621094,170.29950052897135,76.0,False,0,중기 상승추세 유지 · 1개월 상승폭 안정적 · 매출 성장 양호 / 뚜렷한 단기 경고 제한
🟡 CBRE Group,$138.27,$128.87~$135.34,$148.14~$160.75,$121.69~$157.60,+5.11%,$244.0M/일 · 보통,중간권 (46.2%),약±$1.88(±1.36%),다음 실적일 자료제한 · 가이던스 확인 필요,선행PER 15.6배 · 매출성장 +18.6% · 이익성장 +98.1% · 평균목표가 여력 +27.3%,76.0점 · 3개월 중간권 · 1개월 상승폭 안정적 · 매출 성장 양호 / 뚜렷한 단기 경고 제한,USA · CBRE,Real Estate / Real Estate Services,🟡,CBRE,CBRE Group,USA,Real Estate,Real Estate Services,2026-07-21,138.27000427246094,128.87,135.34,148.14,160.75,121.69000244140624,157.60000610351562,5.108324640676121,-9.390564389187494,1764803.4,243953486.4932892,보통,46.17,중간권,3.7631796332651497,2.721616776585764,False,,READY,40487747584.0,31.568493,15.567195,4.7525263,1.0,0.186,0.981,0.031089999,0.15597,113.689,176.0,27.28718779323398,1.205,0.019,54.483973862804575,138.4355010986328,136.39899965922038,76.0,False,0,3개월 중간권 · 1개월 상승폭 안정적 · 매출 성장 양호 / 뚜렷한 단기 경고 제한
🟡 CME Group,$237.38,$236.25~$236.25,$289.53~$314.17,$218.31~$308.01,-3.65%,$846.5M/일 · 활발,저점권반등초입 (21.3%),약±$3.33(±1.40%),다음 실적일 자료제한 · 가이던스 확인 필요,선행PER 18.5배 · 매출성장 +14.4% · 이익성장 +21.3% · 평균목표가 여력 +18.6%,75.5점 · 3개월 가치구간 · 매출 성장 양호 · 이익 성장 양호 / 뚜렷한 단기 경고 제한,USA · CME,Financials / Financial Exchanges & Data,🟡,CME,CME Group,USA,Financials,Financial Exchanges & Data,2026-07-21,237.3800048828125,236.25,236.25,289.53,314.17,218.30999755859372,308.010009765625,-3.6528938313321047,-17.418683318112592,3610606.85,846528129.6351868,활발,21.26,저점권반등초입,6.656698804628195,2.8042373694930247,False,,READY,85770797056.0,20.254267,18.50133,3.2264555,4.3,0.144,0.213,0.63324,0.15919,14.059,281.46667,18.572189826582818,0.276,0.0185,67.30084869180617,236.6605010986328,263.0890007019043,75.5,False,0,3개월 가치구간 · 매출 성장 양호 · 이익 성장 양호 / 뚜렷한 단기 경고 제한
🟡 Baker Hughes,$56.38,$55.90~$55.90,$66.19~$71.82,$52.27~$70.41,-3.48%,$535.0M/일 · 활발,저점권반등초입 (22.7%),약±$0.81(±1.43%),다음 실적일 자료제한 · 가이던스 확인 필요,선행PER 19.8배 · 매출성장 +2.5% · 이익성장 +132.5% · 평균목표가 여력 +24.7%,75.5점 · 3개월 가치구간 · 이익 성장 양호 · 선행 밸류 부담 제한 / 뚜렷한 단기 경고 제한,USA · BKR,Energy / Oil & Gas Equipment & Services,🟡,BKR,Baker Hughes,USA,Energy,Oil & Gas Equipment & Services,2026-07-21,56.380001068115234,55.9,55.9,66.19,71.82,52.27000045776367,70.41000366210938,-3.475430208183461,-4.715222557323617,9557804.5,534966617.104208,활발,22.66,저점권반등초입,1.6138801443394368,2.862504635978341,False,,READY,55932833792.0,18.01278,19.801773,2.895142,2.25,0.025,1.325,0.11171,0.17184,82.935,70.31818,24.721849357621362,0.96,0.028299998,53.56564447825669,56.18700046539307,62.00266679128011,75.5,False,0,3개월 가치구간 · 이익 성장 양호 · 선행 밸류 부담 제한 / 뚜렷한 단기 경고 제한
🟡 Ameren,$109.94,$107.71~$107.74,$116.54~$124.23,$105.06~$118.32,+1.17%,$213.0M/일 · 보통,중간권 (36.8%),약±$1.03(±0.94%),다음 실적일 자료제한 · 가이던스 확인 필요,선행PER 18.9배 · 매출성장 +3.7% · 이익성장 +19.6% · 평균목표가 여력 +10.8%,75.5점 · 3개월 가치구간 · 1개월 상승폭 안정적 · 이익 성장 양호 / 뚜렷한 단기 경고 제한,USA · AEE,Utilities / Multi-Utilities,🟡,AEE,Ameren,USA,Utilities,Multi-Utilities,2026-07-21,109.94000244140624,107.71,107.74,116.54,124.23,105.05999755859376,118.31999969482422,1.1686797587743714,-1.1952855592568534,1877394.05,213016631.98659363,보통,36.8,중간권,2.0664408415521027,1.8796077821204669,False,,READY,30426073088.0,19.73788,18.93702,2.2440398,2.5,0.037,0.196,0.17834999,0.117469996,155.674,121.8,10.787699922887196,0.481,0.0555,41.57609180151137,113.03999938964844,110.64383265177408,75.5,False,0,3개월 가치구간 · 1개월 상승폭 안정적 · 이익 성장 양호 / 뚜렷한 단기 경고 제한
🟡 Accenture,$140.86,$134.43~$138.04,$187.56~$203.52,$118.15~$199.53,+10.06%,$1.47B/일 · 매우활발,저점권반등초입 (27.9%),약±$3.04(±2.16%),다음 실적일 자료제한 · 가이던스 확인 필요,선행PER 9.6배 · 매출성장 +5.6% · 이익성장 +9.0% · 평균목표가 여력 +27.0%,75.0점 · 3개월 가치구간 · 1개월 상승폭 안정적 · 선행 밸류 부담 제한 / 뚜렷한 단기 경고 제한,USA · ACN,Information Technology / IT Consulting & Other Services,🟡,ACN,Accenture,USA,Information Technology,IT Consulting & Other Services,2026-07-21,140.86000061035156,134.43,138.04,187.56,203.52,118.1500015258789,199.52999877929688,10.06407010124537,-27.786320940540943,11048608.4,1470443919.1077943,매우활발,27.91,저점권반등초입,6.075512690420883,4.313156796887308,False,,READY,86198165504.0,11.250798,9.593159,2.7025576,1.04,0.056,0.09,0.10656,0.24406,25.035,178.8908,26.999005555061473,1.122,0.0581,65.63809803934677,135.15350074768065,160.44316736857095,75.0,False,0,3개월 가치구간 · 1개월 상승폭 안정적 · 선행 밸류 부담 제한 / 뚜렷한 단기 경고 제한
🟡 BlackRock,"$1,038","$982.77~$1,015","$1,101~$1,173","$947.21~$1,125",-1.13%,$958.8M/일 · 활발,중간권 (51.2%),약±$14.01(±1.35%),다음 실적일 자료제한 · 가이던스 확인 필요,선행PER 16.2배 · 매출성장 +30.6% · 이익성장 +19.7% · 평균목표가 여력 +26.5%,75.0점 · 3개월 중간권 · 매출 성장 양호 · 이익 성장 양호 / 뚜렷한 단기 경고 제한,USA · BLK,Financials / Asset Management & Custody Banks,🟡,BLK,BlackRock,USA,Financials,Asset Management & Custody Banks,2026-07-21,1038.239990234375,982.77,1014.77,1100.53,1173.21,947.2100219726562,1125.0,-1.1284724139498326,-0.9709899929639776,945023.75,958773342.9406738,활발,51.2,중간권,28.027032457653128,2.699475335305302,False,,READY,168820228096.0,24.873981,16.187595,2.8455067,1.15,0.306,0.197,0.24089001,,23.635,1313.5,26.512175639033806,1.443,0.0136,65.33108405435465,1014.5584991455078,1038.519997151693,75.0,False,0,3개월 중간권 · 매출 성장 양호 · 이익 성장 양호 / 뚜렷한 단기 경고 제한
🟡 Cadence Design Systems,$344.64,$332.14~$337.75,$391.69~$425.02,$311.00~$416.69,-11.04%,$777.7M/일 · 활발,저점권반등초입 (31.8%),약±$6.34(±1.84%),다음 실적일 자료제한 · 가이던스 확인 필요,선행PER 36.7배 · 매출성장 +18.7% · 이익성장 +23.0% · 평균목표가 여력 +14.9%,75.0점 · 3개월 가치구간 · 매출 성장 양호 · 이익 성장 양호 / 뚜렷한 단기 경고 제한,USA · CDNS,Information Technology / Application Software,🟡,CDNS,Cadence Design Systems,USA,Information Technology,Application Software,2026-07-21,344.6400146484375,332.14,337.75,391.69,425.02,311.0,416.6900024414063,-11.03539027426824,8.207225949273944,2128558.0,777670043.3132019,활발,31.83,저점권반등초입,12.670381012980807,3.676410304794609,False,,READY,95057231872.0,80.33567,36.65112,14.487369,3.13,0.187,0.23,0.21180001,0.20656,46.992,395.94193,14.885652614625977,1.148,0.022,34.65386858149468,369.121501159668,368.6260009765625,75.0,False,0,3개월 가치구간 · 매출 성장 양호 · 이익 성장 양호 / 뚜렷한 단기 경고 제한
🟡 American Electric Power,$130.48,$127.11~$130.14,$138.31~$147.44,$123.74~$140.58,+2.18%,$718.1M/일 · 활발,중간권 (40.0%),약±$1.25(±0.96%),다음 실적일 자료제한 · 가이던스 확인 필요,선행PER 19.0배 · 매출성장 +10.2% · 이익성장 +6.7% · 평균목표가 여력 +11.9%,75.0점 · 3개월 가치구간 · 1개월 상승폭 안정적 · 매출 성장 양호 / 뚜렷한 단기 경고 제한,USA · AEP,Utilities / Electric Utilities,🟡,AEP,American Electric Power,USA,Utilities,Electric Utilities,2026-07-21,130.47999572753906,127.11,130.14,138.31,147.44,123.73999786376952,140.5800018310547,2.184973946893831,-2.1008426451101903,5301728.4,718136520.7238128,활발,40.02,중간권,2.507580333318705,1.9218120903030165,False,,READY,70994821120.0,19.301773,19.022348,2.2314572,2.25,0.102,0.067,0.16289,0.12585,157.099,145.95238,11.85805087300087,0.504,0.066199996,35.04959287067797,135.0645004272461,131.7909999847412,75.0,False,0,3개월 가치구간 · 1개월 상승폭 안정적 · 매출 성장 양호 / 뚜렷한 단기 경고 제한
🟡 Biogen,$203.16,$187.26~$194.57,$215.35~$229.57,$179.15~$219.72,+3.35%,$312.9M/일 · 활발,중간권 (59.2%),약±$4.07(±2.00%),다음 실적일 자료제한 · 가이던스 확인 필요,선행PER 12.3배 · 매출성장 +1.9% · 이익성장 +31.1% · 평균목표가 여력 +11.4%,75.0점 · 3개월 중간권 · 1개월 상승폭 안정적 · 이익 성장 양호 / 뚜렷한 단기 경고 제한,USA · BIIB,Health Care / Biotechnology,🟡,BIIB,Biogen,USA,Health Care,Biotechnology,2026-07-21,203.16000366210935,187.26,194.57,215.35,229.57,179.14999389648438,219.72000122070312,3.347238666072294,10.810520192054016,1532255.85,312904697.0605453,활발,59.18,중간권,8.140378670086701,4.006880549000962,False,,READY,29993957376.0,21.845161,12.345109,1.6076983,4.34,0.019,0.311,0.13805,0.077010006,35.181,226.294,11.387082063833077,0.158,0.0432,42.52260781364815,205.10700073242188,197.32050069173175,75.0,False,0,3개월 중간권 · 1개월 상승폭 안정적 · 이익 성장 양호 / 뚜렷한 단기 경고 제한
🟡 Agilent Technologies,$132.86,$114.90~$120.79,$140.83~$150.13,$108.35~$141.09,+4.56%,$301.3M/일 · 활발,중상단권 (74.9%),약±$1.93(±1.45%),다음 실적일 자료제한 · 가이던스 확인 필요,선행PER 20.1배 · 매출성장 +10.0% · 이익성장 +60.0% · 평균목표가 여력 +19.9%,75.0점 · 중기 상승추세 유지 · 1개월 상승폭 안정적 · 매출 성장 양호 / 뚜렷한 단기 경고 제한,USA · A,Health Care / Life Sciences Tools & Services,🟡,A,Agilent Technologies,USA,Health Care,Life Sciences Tools & Services,2026-07-21,132.86000061035156,114.9,120.79,140.83,150.13,108.3499984741211,141.08999633789062,4.564775037936819,9.83796429889894,2273198.0,301339737.1916046,활발,74.86,중상단권,3.8646146537368393,2.9087871714458915,False,,READY,37523906560.0,26.678715,20.094498,5.2647014,1.16,0.1,0.6,0.19552,0.21330999,49.733,159.3158,19.91253896440761,1.255,0.0214,50.06547100493663,132.6440002441406,125.50483322143556,75.0,False,0,중기 상승추세 유지 · 1개월 상승폭 안정적 · 매출 성장 양호 / 뚜렷한 단기 경고 제한
🟡 Broadridge Financial Solutions,$145.01,$140.09~$142.11,$155.22~$168.43,$133.83~$165.13,+5.39%,$197.0M/일 · 보통,중간권 (35.7%),약±$2.18(±1.50%),다음 실적일 자료제한 · 가이던스 확인 필요,선행PER 13.9배 · 매출성장 +7.8% · 이익성장 +15.1% · 평균목표가 여력 +42.4%,75.0점 · 3개월 가치구간 · 1개월 상승폭 안정적 · 이익 성장 양호 / 뚜렷한 단기 경고 제한,USA · BR,Industrials / Data Processing & Outsourced Services,🟡,BR,Broadridge Financial Solutions,USA,Industrials,Data Processing & Outsourced Services,2026-07-21,145.00999450683594,140.09,142.11,155.22,168.43,133.8300018310547,165.1300048828125,5.38516575191561,-10.088048360370816,1384220.55,196993289.28361893,보통,35.72,중간권,4.353382361141985,3.002125733434712,False,,READY,16771608576.0,15.509089,13.922987,5.952058,1.03,0.078,0.151,0.15028,0.42314,120.878,206.5,42.403977534297034,0.903,0.0404,60.75240362693626,144.27850036621095,147.8995002746582,75.0,False,0,3개월 가치구간 · 1개월 상승폭 안정적 · 이익 성장 양호 / 뚜렷한 단기 경고 제한
🟡 Adobe Inc.,$227.16,$207.18~$222.54,$258.91~$280.95,$190.12~$275.44,+16.40%,$1.31B/일 · 매우활발,중간권 (43.4%),약±$3.96(±1.74%),다음 실적일 자료제한 · 가이던스 확인 필요,선행PER 8.3배 · 매출성장 +12.7% · 이익성장 +7.9% · 평균목표가 여력 +20.3%,74.5점 · 3개월 가치구간 · 매출 성장 양호 · 선행 밸류 부담 제한 / 뚜렷한 단기 경고 제한,USA · ADBE,Information Technology / Application Software,🟡,ADBE,Adobe Inc.,USA,Information Technology,Application Software,2026-07-21,227.16000366210935,207.18,222.54,258.91,280.95,190.1199951171875,275.44000244140625,16.396802315808134,-8.635321883544444,6083981.7,1314459991.5193725,매우활발,43.41,중간권,7.916685579130445,3.485070193477445,False,,READY,90296098816.0,12.987993,8.26431,7.869193,0.65,0.127,0.079,0.28689,0.62953997,61.443,273.2847,20.304937310398685,1.433,0.0552,66.65163280375117,217.47699966430665,232.8066673278809,74.5,False,0,3개월 가치구간 · 매출 성장 양호 · 선행 밸류 부담 제한 / 뚜렷한 단기 경고 제한
🟡 Air Products,$296.39,$279.06~$287.12,$314.17~$334.92,$270.11~$314.87,+5.77%,$421.1M/일 · 활발,중간권 (58.7%),약±$4.09(±1.38%),다음 실적일 자료제한 · 가이던스 확인 필요,선행PER 20.7배 · 매출성장 +8.8% · 이익성장 자료제한 · 평균목표가 여력 +12.3%,74.5점 · 3개월 중간권 · 중기 상승추세 유지 · 1개월 상승폭 안정적 / 뚜렷한 단기 경고 제한,USA · APD,Materials / Industrial Gases,🟡,APD,Air Products,USA,Materials,Industrial Gases,2026-07-21,296.3900146484375,279.06,287.12,314.17,334.92,270.1099853515625,314.8699951171875,5.774249201229242,0.0810470224210213,1430753.6,421054850.8082215,활발,58.71,중간권,8.18422606862244,2.761302899603465,False,,READY,66000330752.0,31.231825,20.745115,4.217274,2.19,0.088,,0.16906999,0.12353,101.611,332.9495,12.334924776371924,0.736,0.0184,52.66391864950726,294.55200042724607,291.7713338216146,74.5,False,0,3개월 중간권 · 중기 상승추세 유지 · 1개월 상승폭 안정적 / 뚜렷한 단기 경고 제한
🟡 Caterpillar Inc.,$889.97,$852.92~$872.17,"$1,009~$1,095","$797.79~$1,073",-9.72%,$3.59B/일 · 매우활발,저점권반등초입 (33.4%),약±$17.74(±1.99%),다음 실적일 자료제한 · 가이던스 확인 필요,선행PER 29.2배 · 매출성장 +22.2% · 이익성장 +30.2% · 평균목표가 여력 +9.0%,74.0점 · 3개월 가치구간 · 매출 성장 양호 · 이익 성장 양호 / 뚜렷한 단기 경고 제한,USA · CAT,Industrials / Construction Machinery & Heavy Transportation Equipment,🟡,CAT,Caterpillar Inc.,USA,Industrials,Construction Machinery & Heavy Transportation Equipment,2026-07-21,889.969970703125,852.92,872.17,1009.05,1094.93,797.7899780273438,1073.4599609375,-9.722873943414534,11.469181298718611,3720850.1,3594336336.2415648,매우활발,33.44,저점권반등초입,35.482372233932225,3.986917918803396,False,,READY,409913032704.0,44.38753,29.22362,21.9686,2.06,0.222,0.302,0.13328,0.51331,230.793,970.37115,9.034145189567866,1.565,0.0219,20.145407666881525,956.297494506836,917.519497680664,74.0,False,0,3개월 가치구간 · 매출 성장 양호 · 이익 성장 양호 / 뚜렷한 단기 경고 제한
🟡 Coca-Cola Company (The),$81.97,$76.78~$78.78,$86.89~$92.63,$74.55~$85.68,+3.25%,$1.55B/일 · 매우활발,중상단권 (66.7%),약±$0.82(±1.00%),다음 실적일 자료제한 · 가이던스 확인 필요,선행PER 23.5배 · 매출성장 +12.1% · 이익성장 +18.2% · 평균목표가 여력 +6.8%,74.0점 · 1개월 상승폭 안정적 · 매출 성장 양호 · 이익 성장 양호 / 뚜렷한 단기 경고 제한,USA · KO,Consumer Staples / Soft Drinks & Non-alcoholic Beverages,🟡,KO,Coca-Cola Company (The),USA,Consumer Staples,Soft Drinks & Non-alcoholic Beverages,2026-07-21,81.97000122070312,76.78,78.78,86.89,92.63,74.55000305175781,85.68000030517578,3.2497819006043427,8.598300973940475,18772677.5,1547487598.3925247,매우활발,66.67,중상단권,1.6447969936259803,2.0065840784818176,False,,READY,352674480128.0,25.77673,23.53154,10.487462,3.99,0.121,0.182,0.278,0.43372002,124.943,87.51583,6.765680976830546,0.349,0.0116,52.1186544393351,82.50949935913086,80.67300020853678,74.0,False,0,1개월 상승폭 안정적 · 매출 성장 양호 · 이익 성장 양호 / 뚜렷한 단기 경고 제한
🟡 CMS Energy,$72.50,$70.85~$71.05,$76.85~$81.92,$68.84~$78.87,-1.20%,$246.1M/일 · 보통,중간권 (36.5%),약±$0.72(±1.00%),다음 실적일 자료제한 · 가이던스 확인 필요,선행PER 17.4배 · 매출성장 +11.6% · 이익성장 +8.9% · 평균목표가 여력 +11.6%,74.0점 · 3개월 가치구간 · 매출 성장 양호 · 선행 밸류 부담 제한 / 뚜렷한 단기 경고 제한,USA · CMS,Utilities / Multi-Utilities,🟡,CMS,CMS Energy,USA,Utilities,Multi-Utilities,2026-07-21,72.5,70.85,71.05,76.85,81.92,68.83999633789062,78.87000274658203,-1.1992331512072685,-5.893043693633072,3249475.55,246146577.97814175,보통,36.49,중간권,1.448339178816661,1.997709212160912,False,,READY,22396672000.0,20.083103,17.369307,2.4232092,2.84,0.116,0.089,0.12548,0.103719994,189.842,80.92857,11.62561379310343,0.342,0.0002,32.332166908398804,75.69899978637696,74.20883305867513,74.0,False,0,3개월 가치구간 · 매출 성장 양호 · 선행 밸류 부담 제한 / 뚜렷한 단기 경고 제한
🟡 Alliant Energy,$73.11,$71.41~$73.07,$77.50~$82.61,$69.56~$78.81,+0.15%,$186.5M/일 · 보통,중간권 (38.4%),약±$0.68(±0.93%),다음 실적일 자료제한 · 가이던스 확인 필요,선행PER 19.8배 · 매출성장 +5.0% · 이익성장 +4.9% · 평균목표가 여력 +8.7%,74.0점 · 3개월 가치구간 · 1개월 상승폭 안정적 · 선행 밸류 부담 제한 / 뚜렷한 단기 경고 제한,USA · LNT,Utilities / Electric Utilities,🟡,LNT,Alliant Energy,USA,Utilities,Electric Utilities,2026-07-21,73.11000061035156,71.41,73.07,77.5,82.61,69.55999755859375,78.80999755859375,0.1506857676048856,0.9806616982167782,2458932.75,186497616.1698799,보통,38.38,중간권,1.3604376037831005,1.860809181268804,False,,READY,18882633728.0,22.990566,19.836607,2.544107,2.47,0.05,0.049,0.18583,0.113120005,159.526,79.5,8.74025350335408,0.54,0.124,38.691313716478255,75.93600006103516,73.6576665242513,74.0,False,0,3개월 가치구간 · 1개월 상승폭 안정적 · 선행 밸류 부담 제한 / 뚜렷한 단기 경고 제한
